Added Component: Designator=BT1(BAT_1056)
Add component (AddParameter): Name = "Check_prices"; Value = "https://www.snapeda.com/parts/1056/Keystone/view-part/?ref=eda"; VariantName = "[No Variations]"
Add component (AddParameter): Name = "MF"; Value = "Keystone Electronics Corp."; VariantName = "[No Variations]"
Add component (AddParameter): Name = "MP"; Value = "1056"; VariantName = "[No Variations]"
Add component (AddParameter): Name = "Package"; Value = "None"; VariantName = "[No Variations]"
Add component (AddParameter): Name = "SnapEDA_Link"; Value = "https://www.snapeda.com/parts/1056/Keystone/view-part/?ref=snap"; VariantName = "[No Variations]"
Add component (AddParameter): Name = "Value"; Value = ""; VariantName = "[No Variations]"
Added Component: Designator=BT2(SW2-SMD)
Add component (AddParameter): Name = "Value"; Value = "SW chip 2 pin"; VariantName = "[No Variations]"
Added Component: Designator=BT3(SW2-SMD)
Add component (AddParameter): Name = "Value"; Value = "SW chip 2 pin"; VariantName = "[No Variations]"
Added Component: Designator=BT4(SW2-SMD)
Add component (AddParameter): Name = "Value"; Value = "SW chip 2 pin"; VariantName = "[No Variations]"
Added Component: Designator=BT5(SW2-SMD)
Add component (AddParameter): Name = "Value"; Value = "SW chip 2 pin"; VariantName = "[No Variations]"
Added Component: Designator=C1(CAP_C_1005X60)
Added Component: Designator=C2(CAP_C_1005X60)
Added Component: Designator=C3(CAP_C_1005X60)
Added Component: Designator=C4(CAP_C_1005X60)
Added Component: Designator=C5(CAP_C_1005X60)
Added Component: Designator=C6(CAP_C_1005X60)
Added Component: Designator=C7(CAP_C_1005X60)
Added Component: Designator=C8(CAP_C_1005X60)
Added Component: Designator=C9(CAP_C_1005X60)
Added Component: Designator=C10(CAP_C_1005X60)
Added Component: Designator=C11(CAP_C_1005X60)
Added Component: Designator=C12(CAP_C_1005X60)
Added Component: Designator=C13(CAP_C_1005X60)
Added Component: Designator=C14(CAP_C_1005X60)
Added Component: Designator=C15(CAP_C_1005X60)
Added Component: Designator=C18(CAP_C_1005X60)
Added Component: Designator=C19(CAP_C_1005X60)
Added Component: Designator=C20(CAP_C_1005X60)
Added Component: Designator=C21(CAP_C_1005X60)
Added Component: Designator=C22(CAP_C_1005X60)
Added Component: Designator=C23(CAP_C_1005X60)
Added Component: Designator=C24(CAP_C_1005X60)
Added Component: Designator=C25(CAP_C_1005X60)
Added Component: Designator=C26(CAP_C_1005X60)
Added Component: Designator=C27(CAP_C_1005X60)
Added Component: Designator=C28(CAP_C_1005X60)
Added Component: Designator=C29(CAP_C_1005X60)
Added Component: Designator=C30(CAP_C_1005X60)
Added Component: Designator=C31(CAP_C_1005X60)
Added Component: Designator=C32(CAP_C_1005X60)
Added Component: Designator=C33(CAP_C_0603x30)
Added Component: Designator=C34(CAP_C_0603x30)
Added Component: Designator=C35(CAP_C_0603x30)
Added Component: Designator=C36(CAP_C_0603x30)
Added Component: Designator=C37(CAP_C_0603x30)
Added Component: Designator=C38(CAP_C_0603x30)
Added Component: Designator=C39(CAP_C_0603x30)
Added Component: Designator=C40(CAP_C_0603x30)
Added Component: Designator=C41(CAP_C_0603x30)
Added Component: Designator=C42(CAP_C_0603x30)
Added Component: Designator=C43(CAP_C_0603x30)
Added Component: Designator=C44(CAP_C_0603x30)
Added Component: Designator=C45(CAP_C_0603x30)
Added Component: Designator=C46(CAP_C_0603x30)
Added Component: Designator=C47(CAP_C_0603x30)
Added Component: Designator=C48(CAP_C_0603x30)
Added Component: Designator=C49(CAP_C_0603x30)
Added Component: Designator=C50(CAP_C_0603x30)
Added Component: Designator=C51(CAP_C_0603x30)
Added Component: Designator=C52(CAP_C_0603x30)
Added Component: Designator=C53(CAP_C_0603x30)
Added Component: Designator=C54(CAP_C_0603x30)
Added Component: Designator=C55(CAP_C_0603x30)
Added Component: Designator=C56(CAP_C_0603x30)
Added Component: Designator=C57(CAP_C_0603x30)
Added Component: Designator=C58(CAP_C_0603x30)
Added Component: Designator=C59(CAP_C_0603x30)
Added Component: Designator=C60(CAP_C_0603x30)
Added Component: Designator=C61(CAP_C_0603x30)
Added Component: Designator=C62(CAP_C_0603x30)
Added Component: Designator=C63(CAP_C_0603x30)
Added Component: Designator=C64(CAP_C_0603x30)
Added Component: Designator=C65(CAP_C_0603x30)
Added Component: Designator=C66(CAP_C_0603x30)
Added Component: Designator=C67(CAP_C_0603x30)
Added Component: Designator=C68(CAP_C_0603x30)
Added Component: Designator=C69(CAP_C_0603x30)
Added Component: Designator=C70(CAP_C_0603x30)
Added Component: Designator=C71(CAP_C_0603x30)
Added Component: Designator=C72(CAP_C_0603x30)
Added Component: Designator=C73(CAP_C_0603x30)
Added Component: Designator=C74(CAP_C_1005X60)
Added Component: Designator=C75(CAP_C_1005X60)
Added Component: Designator=C76(CAP_C_1005X60)
Added Component: Designator=C77(CAP_C_1005X60)
Added Component: Designator=C78(CAP_C_0603x30)
Added Component: Designator=C79(CAP_C_1005X60)
Added Component: Designator=C80(CAP_C_0603x30)
Added Component: Designator=C81(CAP_C_1005X60)
Added Component: Designator=C82(CAP_C_0603x30)
Added Component: Designator=C83(CAP_C_1005X60)
Added Component: Designator=C84(CAP_C_0603x30)
Added Component: Designator=C85(CAP_C_1005X60)
Added Component: Designator=C86(CAP_C_0603x30)
Added Component: Designator=C87(CAP_C_1005X60)
Added Component: Designator=C88(CAP_C_0603x30)
Added Component: Designator=C89(CAP_C_1005X60)
Added Component: Designator=C90(CAP_C_0603x30)
Added Component: Designator=C91(CAP_C_1005X60)
Added Component: Designator=C92(CAP_C_0603x30)
Added Component: Designator=C93(CAP_C_1005X60)
Added Component: Designator=C94(CAP_C_0603x30)
Added Component: Designator=C95(CAP_C_1005X60)
Added Component: Designator=C96(CAP_C_1005X60)
Added Component: Designator=C97(CAP_C_0603x30)
Added Component: Designator=C98(CAP_C_1005X60)
Added Component: Designator=C99(CAP_C_0603x30)
Added Component: Designator=C100(CAP_C_1005X60)
Added Component: Designator=C101(CAP_C_0603x30)
Added Component: Designator=C102(CAP_C_1005X60)
Added Component: Designator=C103(CAP_C_0603x30)
Added Component: Designator=C104(CAP_C_1005X60)
Added Component: Designator=C105(CAP_C_0603x30)
Added Component: Designator=C106(CAP_C_1005X60)
Added Component: Designator=C107(CAP_C_0603x30)
Added Component: Designator=C108(CAP_C_1005X60)
Added Component: Designator=C109(CAP_C_0603x30)
Added Component: Designator=C110(CAP_C_1005X60)
Added Component: Designator=C111(CAP_C_0603x30)
Added Component: Designator=C112(CAP_C_1005X60)
Added Component: Designator=C113(CAP_C_0603x30)
Added Component: Designator=C114(CAP_C_1005X60)
Added Component: Designator=C115(CAP_C_1005X60)
Added Component: Designator=C116(CAP_C_1005X60)
Added Component: Designator=C117(CAP_C_1005X60)
Added Component: Designator=C118(CAP_C_0603x30)
Added Component: Designator=C119(CAP_C_0603x30)
Added Component: Designator=C120(CAP_C_0603x30)
Added Component: Designator=C121(CAP_C_0603x30)
Added Component: Designator=C122(CAP_C_0603x30)
Added Component: Designator=C123(CAP_C_0603x30)
Added Component: Designator=C124(CAP_C_0603x30)
Added Component: Designator=C125(CAP_C_0603x30)
Added Component: Designator=C126(CAP_C_0603x30)
Added Component: Designator=C127(CAP_C_0603x30)
Added Component: Designator=C128(CAP_C_0603x30)
Added Component: Designator=C129(CAP_C_0603x30)
Added Component: Designator=C130(CAP_C_0603x30)
Added Component: Designator=C131(CAP_C_0603x30)
Added Component: Designator=C132(CAP_C_0603x30)
Added Component: Designator=C133(CAP_C_0603x30)
Added Component: Designator=C134(CAP_C_0603x30)
Added Component: Designator=C135(CAP_C_0603x30)
Added Component: Designator=C136(CAP_C_0603x30)
Added Component: Designator=C137(CAP_C_0603x30)
Added Component: Designator=C138(CAP_C_0603x30)
Added Component: Designator=C139(CAP_C_0603x30)
Added Component: Designator=C140(CAP_C_1005X60)
Added Component: Designator=C141(CAP_C_1005X60)
Added Component: Designator=C142(CAP_C_1005X60)
Added Component: Designator=C143(CAP_C_1005X60)
Added Component: Designator=C144(CAP_C_1005X60)
Added Component: Designator=C145(CAP_C_1005X60)
Added Component: Designator=C146(CAP_C_1005X60)
Added Component: Designator=C147(CAP_C_1005X60)
Added Component: Designator=C148(CAP_C_1005X60)
Added Component: Designator=C149(CAP_C_1005X60)
Added Component: Designator=C150(CAP_C_1005X60)
Added Component: Designator=C151(CAP_C_1005X60)
Added Component: Designator=C152(CAP_C_1005X60)
Added Component: Designator=C153(CAP_C_1005X60)
Added Component: Designator=C154(CAP_C_1005X60)
Added Component: Designator=C155(CAP_C_1005X60)
Added Component: Designator=C156(CAP_C_1005X60)
Added Component: Designator=C157(CAP_C_1005X60)
Added Component: Designator=C158(CAP_C_1005X60)
Added Component: Designator=C159(CAP_C_1005X60)
Added Component: Designator=C160(CAP_C_1005X60)
Added Component: Designator=C161(CAP_C_1005X60)
Added Component: Designator=C162(CAP_C_1005X60)
Added Component: Designator=C163(CAP_C_1005X60)
Added Component: Designator=C164(CAP_C_1005X60)
Added Component: Designator=C165(CAP_C_1005X60)
Added Component: Designator=C166(CAP_C_1005X60)
Added Component: Designator=C167(CAP_C_1005X60)
Added Component: Designator=C168(CAP_C_1005X60)
Added Component: Designator=C169(CAP_C_1005X60)
Added Component: Designator=CR1(SOT323-3L_STM)
Add component (AddParameter): Name = "Copyright"; Value = "Copyright (C) 2025 Ultra Librarian. All rights reserved."; VariantName = "[No Variations]"
Add component (AddParameter): Name = "Manufacturer_Name"; Value = "STMicroelectronics"; VariantName = "[No Variations]"
Add component (AddParameter): Name = "Manufacturer_Part_Number"; Value = "ESDCAN02-2BWY"; VariantName = "[No Variations]"
Add component (AddParameter): Name = "RefDes"; Value = "RefDes"; VariantName = "[No Variations]"
Add component (AddParameter): Name = "Type"; Value = "Type"; VariantName = "[No Variations]"
Added Component: Designator=D1(LED-0603-RED)
Added Component: Designator=D2(DO-214AC_SMA)
Add component (AddParameter): Name = "Category"; Value = ""; VariantName = "[No Variations]"
Add component (AddParameter): Name = "CompanyID"; Value = ""; VariantName = "[No Variations]"
Add component (AddParameter): Name = "MFR"; Value = ""; VariantName = "[No Variations]"
Add component (AddParameter): Name = "MPN"; Value = "SS34"; VariantName = "[No Variations]"
Add component (AddParameter): Name = "PinCount"; Value = ""; VariantName = "[No Variations]"
Add component (AddParameter): Name = "Solder"; Value = "SMT"; VariantName = "[No Variations]"
Add component (AddParameter): Name = "Value"; Value = "SS34"; VariantName = "[No Variations]"
Added Component: Designator=D3(LED-0603-YELLOW)
Added Component: Designator=D4(SOT-23-3)
Add component (AddParameter): Name = "BOM Notes"; Value = ""; VariantName = "[No Variations]"
Add component (AddParameter): Name = "Category"; Value = "Diode"; VariantName = "[No Variations]"
Add component (AddParameter): Name = "ComponentLink1Description"; Value = "SVN Datasheet"; VariantName = "[No Variations]"
Add component (AddParameter): Name = "ComponentLink1URL"; Value = "https://chn-vm-apps.microchip.com/mchprepo/parts/Datasheets/BAT54.pdf"; VariantName = "[No Variations]"
Add component (AddParameter): Name = "ComponentLink2Description"; Value = "Local Datasheet"; VariantName = "[No Variations]"
Add component (AddParameter): Name = "ComponentLink2URL"; Value = "C:\ALTIUM_WORK\00001_MCHP-CDB\Datasheets\BAT54.pdf"; VariantName = "[No Variations]"
Add component (AddParameter): Name = "ComponentLink3Description"; Value = "Open Symbol"; VariantName = "[No Variations]"
Add component (AddParameter): Name = "ComponentLink3URL"; Value = "C:\ALTIUM_WORK\00001_MCHP-CDB\Library\LibraryRefs\Diode Schottky Dual CK.SchLib"; VariantName = "[No Variations]"
Add component (AddParameter): Name = "ComponentLink4Description"; Value = "Open Footprint"; VariantName = "[No Variations]"
Add component (AddParameter): Name = "ComponentLink4URL"; Value = "C:\ALTIUM_WORK\00001_MCHP-CDB\Library\Footprints\SOT-23-3.PcbLib"; VariantName = "[No Variations]"
Add component (AddParameter): Name = "ComponentLink5Description"; Value = "Open Footprint 2"; VariantName = "[No Variations]"
Add component (AddParameter): Name = "ComponentLink6Description"; Value = "Open Footprint 3"; VariantName = "[No Variations]"
Add component (AddParameter): Name = "ComponentLink7Description"; Value = "Open Footprint 4"; VariantName = "[No Variations]"
Add component (AddParameter): Name = "Description_"; Value = "DIO SCTKY ARRAY BAT54C-G 520mV 200mA 30V SMD SOT-23-3"; VariantName = "[No Variations]"
Add component (AddParameter): Name = "Dev Tools Status"; Value = "Production"; VariantName = "[No Variations]"
Add component (AddParameter): Name = "Forward Current"; Value = "200mA"; VariantName = "[No Variations]"
Add component (AddParameter): Name = "Manufacturer 1"; Value = "Comchip Technology"; VariantName = "[No Variations]"
Add component (AddParameter): Name = "Manufacturer Part Number 1"; Value = "BAT54C-G"; VariantName = "[No Variations]"
Add component (AddParameter): Name = "MCHP-ID"; Value = "DIODE1841"; VariantName = "[No Variations]"
Add component (AddParameter): Name = "Operating Temperature"; Value = "-55C to +125C"; VariantName = "[No Variations]"
Add component (AddParameter): Name = "Owner"; Value = "Cristina Salanti"; VariantName = "[No Variations]"
Add component (AddParameter): Name = "Package"; Value = "SOT-23-3"; VariantName = "[No Variations]"
Add component (AddParameter): Name = "Populated"; Value = "YES"; VariantName = "[No Variations]"
Add component (AddParameter): Name = "Power"; Value = "225mW"; VariantName = "[No Variations]"
Add component (AddParameter): Name = "Quantity Override"; Value = "1"; VariantName = "[No Variations]"
Add component (AddParameter): Name = "Restricted Sourcing"; Value = "No"; VariantName = "[No Variations]"
Add component (AddParameter): Name = "Reverse Current"; Value = "2mA"; VariantName = "[No Variations]"
Add component (AddParameter): Name = "Reverse Recovery Time"; Value = "5ns"; VariantName = "[No Variations]"
Add component (AddParameter): Name = "Reverse Voltage"; Value = "30V"; VariantName = "[No Variations]"
Add component (AddParameter): Name = "Revision"; Value = "1"; VariantName = "[No Variations]"
Add component (AddParameter): Name = "Status"; Value = "MCL Design"; VariantName = "[No Variations]"
Add component (AddParameter): Name = "Supplier 1"; Value = "Digi-Key"; VariantName = "[No Variations]"
Add component (AddParameter): Name = "Supplier Part Number 1"; Value = "641-1320-1-ND"; VariantName = "[No Variations]"
Add component (AddParameter): Name = "Symbol"; Value = "Diode Schottky Dual CK"; VariantName = "[No Variations]"
Add component (AddParameter): Name = "Type"; Value = "Schottky Array"; VariantName = "[No Variations]"
Add component (AddParameter): Name = "Value"; Value = "BAT54C-G"; VariantName = "[No Variations]"
Added Component: Designator=D5(LED-0603-GREEN)
Added Component: Designator=D7(PLCC-4_CLV1A-FKB)
Add component (AddParameter): Name = "BOM Notes"; Value = ""; VariantName = "[No Variations]"
Add component (AddParameter): Name = "Category"; Value = "Diode"; VariantName = "[No Variations]"
Add component (AddParameter): Name = "ComponentLink1Description"; Value = "SVN Datasheet"; VariantName = "[No Variations]"
Add component (AddParameter): Name = "ComponentLink1URL"; Value = "https://chn-vm-apps.microchip.com/mchprepo/parts/Datasheets/CLV1A-FKB_Rev5"; VariantName = "[No Variations]"
Add component (AddParameter): Name = "ComponentLink2Description"; Value = "Local Datasheet"; VariantName = "[No Variations]"
Add component (AddParameter): Name = "ComponentLink2URL"; Value = "C:\ALTIUM_WORK\00001_MCHP-CDB\Datasheets\CLV1A-FKB_Rev5"; VariantName = "[No Variations]"
Add component (AddParameter): Name = "ComponentLink3Description"; Value = "Open Symbol"; VariantName = "[No Variations]"
Add component (AddParameter): Name = "ComponentLink3URL"; Value = "C:\ALTIUM_WORK\00001_MCHP-CDB\Library\LibraryRefs\LED_RGB_CLV1A.SchLib"; VariantName = "[No Variations]"
Add component (AddParameter): Name = "ComponentLink4Description"; Value = "Open Footprint"; VariantName = "[No Variations]"
Add component (AddParameter): Name = "ComponentLink4URL"; Value = "C:\ALTIUM_WORK\00001_MCHP-CDB\Library\Footprints\PLCC-4_CLV1A-FKB.PcbLib"; VariantName = "[No Variations]"
Add component (AddParameter): Name = "ComponentLink5Description"; Value = "Open Footprint 2"; VariantName = "[No Variations]"
Add component (AddParameter): Name = "ComponentLink6Description"; Value = "Open Footprint 3"; VariantName = "[No Variations]"
Add component (AddParameter): Name = "ComponentLink7Description"; Value = "Open Footprint 4"; VariantName = "[No Variations]"
Add component (AddParameter): Name = "Description_"; Value = "DIO LED TRI RED, GREEN, BLUE 2V, 3.2V, 3.2V 20mA, 20mA, 20mA SMD 4-PLCC"; VariantName = "[No Variations]"
Add component (AddParameter): Name = "Dev Tools Status"; Value = "Production"; VariantName = "[No Variations]"
Add component (AddParameter): Name = "Forward Current"; Value = "20mA, 20mA, 20mA"; VariantName = "[No Variations]"
Add component (AddParameter): Name = "Manufacturer 1"; Value = "Cree Inc."; VariantName = "[No Variations]"
Add component (AddParameter): Name = "Manufacturer Part Number 1"; Value = "CLV1A-FKB-CK1VW1DE1BB7C3C3"; VariantName = "[No Variations]"
Add component (AddParameter): Name = "MCHP-ID"; Value = "DIODE1214"; VariantName = "[No Variations]"
Add component (AddParameter): Name = "Operating Temperature"; Value = "-40C - +100C"; VariantName = "[No Variations]"
Add component (AddParameter): Name = "Owner"; Value = "Randolph Sobrepena"; VariantName = "[No Variations]"
Add component (AddParameter): Name = "Package"; Value = "4-PLCC"; VariantName = "[No Variations]"
Add component (AddParameter): Name = "Populated"; Value = "YES"; VariantName = "[No Variations]"
Add component (AddParameter): Name = "Power"; Value = "130mW, 100mW, 100mW"; VariantName = "[No Variations]"
Add component (AddParameter): Name = "Quantity Override"; Value = "1"; VariantName = "[No Variations]"
Add component (AddParameter): Name = "Reverse Current"; Value = "10uA"; VariantName = "[No Variations]"
Add component (AddParameter): Name = "Reverse Voltage"; Value = "5V"; VariantName = "[No Variations]"
Add component (AddParameter): Name = "Revision"; Value = "2"; VariantName = "[No Variations]"
Add component (AddParameter): Name = "Status"; Value = "MCL Design"; VariantName = "[No Variations]"
Add component (AddParameter): Name = "Supplier 1"; Value = "Digi-Key"; VariantName = "[No Variations]"
Add component (AddParameter): Name = "Supplier Part Number 1"; Value = "CLV1A-FKB-CK1VW1DE1BB7C3C3CT-ND"; VariantName = "[No Variations]"
Add component (AddParameter): Name = "Symbol"; Value = "LED_RGB_CLV1A"; VariantName = "[No Variations]"
Add component (AddParameter): Name = "Type"; Value = "LED Tricolor"; VariantName = "[No Variations]"
Add component (AddParameter): Name = "Value"; Value = "RED, GREEN, BLUE"; VariantName = "[No Variations]"
Added Component: Designator=FB2(IND_BLM18_0603_MUR)
Add component (AddParameter): Name = "Copyright"; Value = "Copyright (C) 2025 Ultra Librarian. All rights reserved."; VariantName = "[No Variations]"
Add component (AddParameter): Name = "Manufacturer_Name"; Value = "Murata"; VariantName = "[No Variations]"
Add component (AddParameter): Name = "Manufacturer_Part_Number"; Value = "BLM18PG121SN1D"; VariantName = "[No Variations]"
Add component (AddParameter): Name = "RefDes"; Value = ""; VariantName = "[No Variations]"
Add component (AddParameter): Name = "Type"; Value = ""; VariantName = "[No Variations]"
Added Component: Designator=H1(HOLE_SPACE)
Added Component: Designator=H2(HOLE_SPACE)
Added Component: Designator=H3(HOLE_SPACE)
Added Component: Designator=H4(HOLE_SPACE)
Added Component: Designator=J1(MOLEX_5040500991)
Added Component: Designator=J2(MOLEX_5040500891)
Added Component: Designator=J3(HDR_M_2.54_1x2)
Add component (AddParameter): Name = "Assembly Type"; Value = "TH"; VariantName = "[No Variations]"
Add component (AddParameter): Name = "BOM Notes"; Value = ""; VariantName = "[No Variations]"
Add component (AddParameter): Name = "Category"; Value = "Connector"; VariantName = "[No Variations]"
Add component (AddParameter): Name = "ComponentLink1Description"; Value = "SVN Datasheet"; VariantName = "[No Variations]"
Add component (AddParameter): Name = "ComponentLink1URL"; Value = "https://chn-vm-apps.microchip.com/mchprepo/parts/Datasheets/6130xx11121.pdf"; VariantName = "[No Variations]"
Add component (AddParameter): Name = "ComponentLink2Description"; Value = "Local Datasheet"; VariantName = "[No Variations]"
Add component (AddParameter): Name = "ComponentLink2URL"; Value = "C:\ALTIUM_WORK\00001_MCHP-CDB\Datasheets\6130xx11121.pdf"; VariantName = "[No Variations]"
Add component (AddParameter): Name = "ComponentLink3Description"; Value = "Open Symbol"; VariantName = "[No Variations]"
Add component (AddParameter): Name = "ComponentLink3URL"; Value = "C:\ALTIUM_WORK\00001_MCHP-CDB\Library\LibraryRefs\Header 1x2.SchLib"; VariantName = "[No Variations]"
Add component (AddParameter): Name = "ComponentLink4Description"; Value = "Open Footprint"; VariantName = "[No Variations]"
Add component (AddParameter): Name = "ComponentLink4URL"; Value = "C:\ALTIUM_WORK\00001_MCHP-CDB\Library\Footprints\HDR_M_2.54_1x2.PcbLib"; VariantName = "[No Variations]"
Add component (AddParameter): Name = "ComponentLink5Description"; Value = "Open Footprint 2"; VariantName = "[No Variations]"
Add component (AddParameter): Name = "ComponentLink6Description"; Value = "Open Footprint 3"; VariantName = "[No Variations]"
Add component (AddParameter): Name = "ComponentLink7Description"; Value = "Open Footprint 4"; VariantName = "[No Variations]"
Add component (AddParameter): Name = "Current"; Value = "3A"; VariantName = "[No Variations]"
Add component (AddParameter): Name = "Description_"; Value = "CON HDR-2.54 Male 1x2 Gold 5.84MH TH VERT"; VariantName = "[No Variations]"
Add component (AddParameter): Name = "Dev Tools Status"; Value = "Production"; VariantName = "[No Variations]"
Add component (AddParameter): Name = "Manufacturer 1"; Value = "Würth Elektronik"; VariantName = "[No Variations]"
Add component (AddParameter): Name = "Manufacturer 2"; Value = "SHENZHEN JUNHAO ENGINEERING"; VariantName = "[No Variations]"
Add component (AddParameter): Name = "Manufacturer Part Number 1"; Value = "61300211121"; VariantName = "[No Variations]"
Add component (AddParameter): Name = "Manufacturer Part Number 2"; Value = "R-211-0211-0021-000"; VariantName = "[No Variations]"
Add component (AddParameter): Name = "MCHP-ID"; Value = "CON1632"; VariantName = "[No Variations]"
Add component (AddParameter): Name = "Owner"; Value = "Narasimha Murthy"; VariantName = "[No Variations]"
Add component (AddParameter): Name = "Populated"; Value = "YES"; VariantName = "[No Variations]"
Add component (AddParameter): Name = "Quantity Override"; Value = "1"; VariantName = "[No Variations]"
Add component (AddParameter): Name = "Revision"; Value = "3"; VariantName = "[No Variations]"
Add component (AddParameter): Name = "Status"; Value = "MCL Design"; VariantName = "[No Variations]"
Add component (AddParameter): Name = "Supplier 1"; Value = "Digi-Key"; VariantName = "[No Variations]"
Add component (AddParameter): Name = "Supplier 2"; Value = "SHENZHEN JUNHAO ENGINEERING"; VariantName = "[No Variations]"
Add component (AddParameter): Name = "Supplier Part Number 1"; Value = "732-5315-ND"; VariantName = "[No Variations]"
Add component (AddParameter): Name = "Supplier Part Number 2"; Value = "R-211-0211-0021-000"; VariantName = "[No Variations]"
Add component (AddParameter): Name = "Symbol"; Value = "Header 1x2"; VariantName = "[No Variations]"
Add component (AddParameter): Name = "Type"; Value = "Header 2.54mm"; VariantName = "[No Variations]"
Add component (AddParameter): Name = "Value"; Value = "HDR-2.54 Male 1x2"; VariantName = "[No Variations]"
Add component (AddParameter): Name = "Voltage"; Value = "250V"; VariantName = "[No Variations]"
Added Component: Designator=J4(ESQ-126-14-G-D)
Add component (AddParameter): Name = "Availability"; Value = "Unavailable"; VariantName = "[No Variations]"
Add component (AddParameter): Name = "MF"; Value = "Samtec"; VariantName = "[No Variations]"
Add component (AddParameter): Name = "MP"; Value = "ESQ-126-14-G-D"; VariantName = "[No Variations]"
Add component (AddParameter): Name = "Package"; Value = "None"; VariantName = "[No Variations]"
Add component (AddParameter): Name = "Price"; Value = "None"; VariantName = "[No Variations]"
Add component (AddParameter): Name = "Value"; Value = ""; VariantName = "[No Variations]"
Added Component: Designator=J5(ESQ-126-14-G-D)
Add component (AddParameter): Name = "Availability"; Value = "Unavailable"; VariantName = "[No Variations]"
Add component (AddParameter): Name = "MF"; Value = "Samtec"; VariantName = "[No Variations]"
Add component (AddParameter): Name = "MP"; Value = "ESQ-126-14-G-D"; VariantName = "[No Variations]"
Add component (AddParameter): Name = "Package"; Value = "None"; VariantName = "[No Variations]"
Add component (AddParameter): Name = "Price"; Value = "None"; VariantName = "[No Variations]"
Add component (AddParameter): Name = "Value"; Value = ""; VariantName = "[No Variations]"
Added Component: Designator=J6(MOLEX_5040500891)
Added Component: Designator=J7(SAMTEC_FSI-110-03-X-D-AD-TR)
Add component (AddParameter): Name = "Availability"; Value = "Unavailable"; VariantName = "[No Variations]"
Add component (AddParameter): Name = "MF"; Value = ""; VariantName = "[No Variations]"
Add component (AddParameter): Name = "MP"; Value = "FSI-110-03-X-D-AD-TR"; VariantName = "[No Variations]"
Add component (AddParameter): Name = "Package"; Value = "None"; VariantName = "[No Variations]"
Add component (AddParameter): Name = "Price"; Value = "None"; VariantName = "[No Variations]"
Add component (AddParameter): Name = "Value"; Value = ""; VariantName = "[No Variations]"
Added Component: Designator=J8(Header_254P_5x1)
Added Component: Designator=J9(SAMTEC-TLE-110-01-X-DV-A)
Add component (AddParameter): Name = "Availability"; Value = "Unavailable"; VariantName = "[No Variations]"
Add component (AddParameter): Name = "MF"; Value = ""; VariantName = "[No Variations]"
Add component (AddParameter): Name = "MP"; Value = "SAMTEC-TLE-110-01-X-DV-A"; VariantName = "[No Variations]"
Add component (AddParameter): Name = "Package"; Value = "None"; VariantName = "[No Variations]"
Add component (AddParameter): Name = "Price"; Value = "None"; VariantName = "[No Variations]"
Add component (AddParameter): Name = "Value"; Value = ""; VariantName = "[No Variations]"
Added Component: Designator=J10(5040500691)
Add component (AddParameter): Name = "Copyright"; Value = "Copyright (C) 2025 Ultra Librarian. All rights reserved."; VariantName = "[No Variations]"
Add component (AddParameter): Name = "Datasheet"; Value = "https://www.molex.com/en-us/products/part-detail-pdf/5040500691?display=pdf"; VariantName = "[No Variations]"
Add component (AddParameter): Name = "Manufacturer_Name"; Value = "Molex Connector Corporation"; VariantName = "[No Variations]"
Add component (AddParameter): Name = "Manufacturer_Part_Number"; Value = "5040500691"; VariantName = "[No Variations]"
Add component (AddParameter): Name = "RefDes"; Value = "RefDes"; VariantName = "[No Variations]"
Add component (AddParameter): Name = "Type"; Value = "Type"; VariantName = "[No Variations]"
Added Component: Designator=J14(HDR_M_2.54_1x2)
Added Component: Designator=J15(HDR_M_2.54_1x2)
Added Component: Designator=J16(CON_SD_GSD090012SEU)
Add component (AddParameter): Name = "Assembly Type"; Value = "SMD"; VariantName = "[No Variations]"
Add component (AddParameter): Name = "BOM Notes"; Value = ""; VariantName = "[No Variations]"
Add component (AddParameter): Name = "Category"; Value = "Connector"; VariantName = "[No Variations]"
Add component (AddParameter): Name = "ComponentLink1Description"; Value = "SVN Datasheet"; VariantName = "[No Variations]"
Add component (AddParameter): Name = "ComponentLink1URL"; Value = "https://chn-vm-apps.microchip.com/mchprepo/parts/Datasheets/gsd09001xseu.pdf"; VariantName = "[No Variations]"
Add component (AddParameter): Name = "ComponentLink2Description"; Value = "Local Datasheet"; VariantName = "[No Variations]"
Add component (AddParameter): Name = "ComponentLink2URL"; Value = "C:\ALTIUM_WORK\00001_MCHP-CDB\Datasheets\gsd09001xseu.pdf"; VariantName = "[No Variations]"
Add component (AddParameter): Name = "ComponentLink3Description"; Value = "Open Symbol"; VariantName = "[No Variations]"
Add component (AddParameter): Name = "ComponentLink3URL"; Value = "C:\ALTIUM_WORK\00001_MCHP-CDB\Library\LibraryRefs\CON SD CARD 11P_amphenol.SchLib"; VariantName = "[No Variations]"
Add component (AddParameter): Name = "ComponentLink4Description"; Value = "Open Footprint"; VariantName = "[No Variations]"
Add component (AddParameter): Name = "ComponentLink4URL"; Value = "C:\ALTIUM_WORK\00001_MCHP-CDB\Library\Footprints\CON_SD_GSD090012SEU.PcbLib"; VariantName = "[No Variations]"
Add component (AddParameter): Name = "ComponentLink5Description"; Value = "Open Footprint 2"; VariantName = "[No Variations]"
Add component (AddParameter): Name = "ComponentLink6Description"; Value = "Open Footprint 3"; VariantName = "[No Variations]"
Add component (AddParameter): Name = "ComponentLink7Description"; Value = "Open Footprint 4"; VariantName = "[No Variations]"
Add component (AddParameter): Name = "Current"; Value = "0.5A"; VariantName = "[No Variations]"
Add component (AddParameter): Name = "Description_"; Value = "CON FLASH SD 9+2P PUSH-PUSH SMD R/A"; VariantName = "[No Variations]"
Add component (AddParameter): Name = "Dev Tools Status"; Value = "Production"; VariantName = "[No Variations]"
Add component (AddParameter): Name = "Manufacturer 1"; Value = "Amphenol ICC (Commercial Products)"; VariantName = "[No Variations]"
Add component (AddParameter): Name = "Manufacturer Part Number 1"; Value = "GSD090012SEU"; VariantName = "[No Variations]"
Add component (AddParameter): Name = "MCHP-ID"; Value = "CON2490"; VariantName = "[No Variations]"
Add component (AddParameter): Name = "Operating Temperature"; Value = "-40C to +90C"; VariantName = "[No Variations]"
Add component (AddParameter): Name = "Owner"; Value = "Ciprian Abramov"; VariantName = "[No Variations]"
Add component (AddParameter): Name = "Populated"; Value = "YES"; VariantName = "[No Variations]"
Add component (AddParameter): Name = "Quantity Override"; Value = "1"; VariantName = "[No Variations]"
Add component (AddParameter): Name = "Restricted Sourcing"; Value = "No"; VariantName = "[No Variations]"
Add component (AddParameter): Name = "Revision"; Value = "2"; VariantName = "[No Variations]"
Add component (AddParameter): Name = "Status"; Value = "MCL Design"; VariantName = "[No Variations]"
Add component (AddParameter): Name = "Supplier 1"; Value = "Digi-Key"; VariantName = "[No Variations]"
Add component (AddParameter): Name = "Supplier Part Number 1"; Value = "664-GSD090012SEUCT-ND"; VariantName = "[No Variations]"
Add component (AddParameter): Name = "Symbol"; Value = "CON SD CARD 11P_amphenol"; VariantName = "[No Variations]"
Add component (AddParameter): Name = "Type"; Value = "Flash Card"; VariantName = "[No Variations]"
Add component (AddParameter): Name = "Value"; Value = "SD Card 11P Receptacle"; VariantName = "[No Variations]"
Add component (AddParameter): Name = "Voltage"; Value = "5V"; VariantName = "[No Variations]"
Added Component: Designator=J17(GCT_USB4520-03-0-A_REVA)
Add component (AddParameter): Name = "Check_prices"; Value = "https://www.snapeda.com/parts/USB4520-03-0-A/Global+Connector+Technology/view-part/?ref=eda"; VariantName = "[No Variations]"
Add component (AddParameter): Name = "MF"; Value = "Global Connector Technology"; VariantName = "[No Variations]"
Add component (AddParameter): Name = "MP"; Value = "USB4520-03-0-A"; VariantName = "[No Variations]"
Add component (AddParameter): Name = "Package"; Value = "None"; VariantName = "[No Variations]"
Add component (AddParameter): Name = "SnapEDA_Link"; Value = "https://www.snapeda.com/parts/USB4520-03-0-A/Global+Connector+Technology/view-part/?ref=snap"; VariantName = "[No Variations]"
Add component (AddParameter): Name = "Value"; Value = ""; VariantName = "[No Variations]"
Added Component: Designator=J18(Header_254P_6x1)
Added Component: Designator=J19(HDR_M_2.54_2X10_SBH11-PBPC-D10-ST-BK)
Add component (AddParameter): Name = "Assembly Type"; Value = "TH"; VariantName = "[No Variations]"
Add component (AddParameter): Name = "BOM Notes"; Value = ""; VariantName = "[No Variations]"
Add component (AddParameter): Name = "Category"; Value = "Connector"; VariantName = "[No Variations]"
Add component (AddParameter): Name = "ComponentLink1Description"; Value = "SVN Datasheet"; VariantName = "[No Variations]"
Add component (AddParameter): Name = "ComponentLink1URL"; Value = "https://chn-vm-apps.microchip.com/mchprepo/parts/Datasheets/bhr-xx-vua-data-sheet.pdf"; VariantName = "[No Variations]"
Add component (AddParameter): Name = "ComponentLink2Description"; Value = "Local Datasheet"; VariantName = "[No Variations]"
Add component (AddParameter): Name = "ComponentLink2URL"; Value = "C:\ALTIUM_WORK\00001_MCHP-CDB\Datasheets\bhr-xx-vua-data-sheet.pdf"; VariantName = "[No Variations]"
Add component (AddParameter): Name = "ComponentLink3Description"; Value = "Open Symbol"; VariantName = "[No Variations]"
Add component (AddParameter): Name = "ComponentLink3URL"; Value = "C:\ALTIUM_WORK\00001_MCHP-CDB\Library\LibraryRefs\Header 2x10.SchLib"; VariantName = "[No Variations]"
Add component (AddParameter): Name = "ComponentLink4Description"; Value = "Open Footprint"; VariantName = "[No Variations]"
Add component (AddParameter): Name = "ComponentLink4URL"; Value = "C:\ALTIUM_WORK\00001_MCHP-CDB\Library\Footprints\HDR_M_2.54_2X10_SBH11-PBPC-D10-ST-BK.PcbLib"; VariantName = "[No Variations]"
Add component (AddParameter): Name = "ComponentLink5Description"; Value = "Open Footprint 2"; VariantName = "[No Variations]"
Add component (AddParameter): Name = "ComponentLink6Description"; Value = "Open Footprint 3"; VariantName = "[No Variations]"
Add component (AddParameter): Name = "ComponentLink7Description"; Value = "Open Footprint 4"; VariantName = "[No Variations]"
Add component (AddParameter): Name = "Current"; Value = "3A"; VariantName = "[No Variations]"
Add component (AddParameter): Name = "Description_"; Value = "CON HDR-2.54 Male 2x10 Gold Shroud 9.1MH TH VERT"; VariantName = "[No Variations]"
Add component (AddParameter): Name = "Dev Tools Status"; Value = "Design"; VariantName = "[No Variations]"
Add component (AddParameter): Name = "Manufacturer 1"; Value = "Adam Tech"; VariantName = "[No Variations]"
Add component (AddParameter): Name = "Manufacturer Part Number 1"; Value = "BHR-20-VUA"; VariantName = "[No Variations]"
Add component (AddParameter): Name = "MCHP-ID"; Value = "CON2625"; VariantName = "[No Variations]"
Add component (AddParameter): Name = "Operating Temperature"; Value = "-50C to +105C"; VariantName = "[No Variations]"
Add component (AddParameter): Name = "Owner"; Value = "Dragos Danaila"; VariantName = "[No Variations]"
Add component (AddParameter): Name = "Populated"; Value = "YES"; VariantName = "[No Variations]"
Add component (AddParameter): Name = "Quantity Override"; Value = "1"; VariantName = "[No Variations]"
Add component (AddParameter): Name = "Revision"; Value = "1"; VariantName = "[No Variations]"
Add component (AddParameter): Name = "Status"; Value = "MCL Design"; VariantName = "[No Variations]"
Add component (AddParameter): Name = "Supplier 1"; Value = "Digi-Key"; VariantName = "[No Variations]"
Add component (AddParameter): Name = "Supplier Part Number 1"; Value = "2057-BHR-20-VUA-ND"; VariantName = "[No Variations]"
Add component (AddParameter): Name = "Symbol"; Value = "Header 2x10"; VariantName = "[No Variations]"
Add component (AddParameter): Name = "Type"; Value = "Header 2.54mm"; VariantName = "[No Variations]"
Add component (AddParameter): Name = "Value"; Value = "2x10 2.54mm shrouded"; VariantName = "[No Variations]"
Add component (AddParameter): Name = "Voltage"; Value = "250VAC"; VariantName = "[No Variations]"
Added Component: Designator=J20(5040500991)
Added Component: Designator=J21(Header_254P_5x2_Z)
Added Component: Designator=J22(Header_254P_5x2_Z)
Added Component: Designator=J?(5040500591)
Add component (AddParameter): Name = "Copyright"; Value = "Copyright (C) 2025 Ultra Librarian. All rights reserved."; VariantName = "[No Variations]"
Add component (AddParameter): Name = "Manufacturer_Name"; Value = "Molex Connector Corporation"; VariantName = "[No Variations]"
Add component (AddParameter): Name = "Manufacturer_Part_Number"; Value = "5040500591"; VariantName = "[No Variations]"
Add component (AddParameter): Name = "RefDes"; Value = "RefDes"; VariantName = "[No Variations]"
Add component (AddParameter): Name = "Type"; Value = "Type"; VariantName = "[No Variations]"
Added Component: Designator=J?(MOLEX_532610671)
Add component (AddParameter): Name = "Availability"; Value = "Unavailable"; VariantName = "[No Variations]"
Add component (AddParameter): Name = "MF"; Value = ""; VariantName = "[No Variations]"
Add component (AddParameter): Name = "MP"; Value = "532610671"; VariantName = "[No Variations]"
Add component (AddParameter): Name = "Package"; Value = "None"; VariantName = "[No Variations]"
Add component (AddParameter): Name = "Price"; Value = "None"; VariantName = "[No Variations]"
Add component (AddParameter): Name = "Value"; Value = ""; VariantName = "[No Variations]"
Added Component: Designator=L1(SRP7050TA-220M)
Added Component: Designator=L2(INDC2520X120N)
Add component (AddParameter): Name = "Availability"; Value = "Unavailable"; VariantName = "[No Variations]"
Add component (AddParameter): Name = "MF"; Value = ""; VariantName = "[No Variations]"
Add component (AddParameter): Name = "MP"; Value = "DFE252012P-1R5M=P2"; VariantName = "[No Variations]"
Add component (AddParameter): Name = "Package"; Value = "None"; VariantName = "[No Variations]"
Add component (AddParameter): Name = "Price"; Value = "None"; VariantName = "[No Variations]"
Add component (AddParameter): Name = "Value"; Value = ""; VariantName = "[No Variations]"
Added Component: Designator=L3(INDC2520X120N)
Add component (AddParameter): Name = "Availability"; Value = "Unavailable"; VariantName = "[No Variations]"
Add component (AddParameter): Name = "MF"; Value = ""; VariantName = "[No Variations]"
Add component (AddParameter): Name = "MP"; Value = "DFE252012P-1R5M=P2"; VariantName = "[No Variations]"
Add component (AddParameter): Name = "Package"; Value = "None"; VariantName = "[No Variations]"
Add component (AddParameter): Name = "Price"; Value = "None"; VariantName = "[No Variations]"
Add component (AddParameter): Name = "Value"; Value = ""; VariantName = "[No Variations]"
Added Component: Designator=L4(INDC2520X120N)
Add component (AddParameter): Name = "Availability"; Value = "Unavailable"; VariantName = "[No Variations]"
Add component (AddParameter): Name = "MF"; Value = ""; VariantName = "[No Variations]"
Add component (AddParameter): Name = "MP"; Value = "DFE252012P-1R5M=P2"; VariantName = "[No Variations]"
Add component (AddParameter): Name = "Package"; Value = "None"; VariantName = "[No Variations]"
Add component (AddParameter): Name = "Price"; Value = "None"; VariantName = "[No Variations]"
Add component (AddParameter): Name = "Value"; Value = ""; VariantName = "[No Variations]"
Added Component: Designator=L5(INDC2520X120N)
Add component (AddParameter): Name = "Availability"; Value = "Unavailable"; VariantName = "[No Variations]"
Add component (AddParameter): Name = "MF"; Value = ""; VariantName = "[No Variations]"
Add component (AddParameter): Name = "MP"; Value = "DFE252012P-1R5M=P2"; VariantName = "[No Variations]"
Add component (AddParameter): Name = "Package"; Value = "None"; VariantName = "[No Variations]"
Add component (AddParameter): Name = "Price"; Value = "None"; VariantName = "[No Variations]"
Add component (AddParameter): Name = "Value"; Value = ""; VariantName = "[No Variations]"
Added Component: Designator=Q1(SOT95P240X120-3N)
Add component (AddParameter): Name = "Check_prices"; Value = "https://www.snapeda.com/parts/MMBT2222A/Diotec/view-part/?ref=eda"; VariantName = "[No Variations]"
Add component (AddParameter): Name = "MF"; Value = "Diotec Semiconductor"; VariantName = "[No Variations]"
Add component (AddParameter): Name = "MP"; Value = "MMBT2222A"; VariantName = "[No Variations]"
Add component (AddParameter): Name = "Package"; Value = "SOT-23 Diotec"; VariantName = "[No Variations]"
Add component (AddParameter): Name = "SnapEDA_Link"; Value = "https://www.snapeda.com/parts/MMBT2222A/Diotec/view-part/?ref=snap"; VariantName = "[No Variations]"
Add component (AddParameter): Name = "Value"; Value = ""; VariantName = "[No Variations]"
Added Component: Designator=Q2(SOT95P280X125-3N)
Add component (AddParameter): Name = "Check_prices"; Value = "https://www.snapeda.com/parts/AO3400A/Alpha/view-part/?ref=eda"; VariantName = "[No Variations]"
Add component (AddParameter): Name = "MF"; Value = "Alpha & Omega Semiconductor"; VariantName = "[No Variations]"
Add component (AddParameter): Name = "MP"; Value = "AO3400A"; VariantName = "[No Variations]"
Add component (AddParameter): Name = "Package"; Value = "SOT-23 Alpha &amp; Omega Semiconductor Inc."; VariantName = "[No Variations]"
Add component (AddParameter): Name = "SnapEDA_Link"; Value = "https://www.snapeda.com/parts/AO3400A/Alpha/view-part/?ref=snap"; VariantName = "[No Variations]"
Add component (AddParameter): Name = "Value"; Value = ""; VariantName = "[No Variations]"
Added Component: Designator=Q3(SOT95P280X125-3N)
Add component (AddParameter): Name = "Check_prices"; Value = "https://www.snapeda.com/parts/AO3400A/Alpha/view-part/?ref=eda"; VariantName = "[No Variations]"
Add component (AddParameter): Name = "MF"; Value = "Alpha & Omega Semiconductor"; VariantName = "[No Variations]"
Add component (AddParameter): Name = "MP"; Value = "AO3400A"; VariantName = "[No Variations]"
Add component (AddParameter): Name = "Package"; Value = "SOT-23 Alpha &amp; Omega Semiconductor Inc."; VariantName = "[No Variations]"
Add component (AddParameter): Name = "SnapEDA_Link"; Value = "https://www.snapeda.com/parts/AO3400A/Alpha/view-part/?ref=snap"; VariantName = "[No Variations]"
Add component (AddParameter): Name = "Value"; Value = ""; VariantName = "[No Variations]"
Added Component: Designator=Q4(SOT95P280X125-3N)
Add component (AddParameter): Name = "Check_prices"; Value = "https://www.snapeda.com/parts/AO3400A/Alpha/view-part/?ref=eda"; VariantName = "[No Variations]"
Add component (AddParameter): Name = "MF"; Value = "Alpha & Omega Semiconductor"; VariantName = "[No Variations]"
Add component (AddParameter): Name = "MP"; Value = "AO3400A"; VariantName = "[No Variations]"
Add component (AddParameter): Name = "Package"; Value = "SOT-23 Alpha &amp; Omega Semiconductor Inc."; VariantName = "[No Variations]"
Add component (AddParameter): Name = "SnapEDA_Link"; Value = "https://www.snapeda.com/parts/AO3400A/Alpha/view-part/?ref=snap"; VariantName = "[No Variations]"
Add component (AddParameter): Name = "Value"; Value = ""; VariantName = "[No Variations]"
Added Component: Designator=Q5(SOT95P280X125-3N)
Add component (AddParameter): Name = "Check_prices"; Value = "https://www.snapeda.com/parts/AO3400A/Alpha/view-part/?ref=eda"; VariantName = "[No Variations]"
Add component (AddParameter): Name = "MF"; Value = "Alpha & Omega Semiconductor"; VariantName = "[No Variations]"
Add component (AddParameter): Name = "MP"; Value = "AO3400A"; VariantName = "[No Variations]"
Add component (AddParameter): Name = "Package"; Value = "SOT-23 Alpha &amp; Omega Semiconductor Inc."; VariantName = "[No Variations]"
Add component (AddParameter): Name = "SnapEDA_Link"; Value = "https://www.snapeda.com/parts/AO3400A/Alpha/view-part/?ref=snap"; VariantName = "[No Variations]"
Add component (AddParameter): Name = "Value"; Value = ""; VariantName = "[No Variations]"
Added Component: Designator=Q6(SOT95P280X125-3N)
Add component (AddParameter): Name = "Check_prices"; Value = "https://www.snapeda.com/parts/AO3400A/Alpha/view-part/?ref=eda"; VariantName = "[No Variations]"
Add component (AddParameter): Name = "MF"; Value = "Alpha & Omega Semiconductor"; VariantName = "[No Variations]"
Add component (AddParameter): Name = "MP"; Value = "AO3400A"; VariantName = "[No Variations]"
Add component (AddParameter): Name = "Package"; Value = "SOT-23 Alpha &amp; Omega Semiconductor Inc."; VariantName = "[No Variations]"
Add component (AddParameter): Name = "SnapEDA_Link"; Value = "https://www.snapeda.com/parts/AO3400A/Alpha/view-part/?ref=snap"; VariantName = "[No Variations]"
Add component (AddParameter): Name = "Value"; Value = ""; VariantName = "[No Variations]"
Added Component: Designator=Q7(SOT95P280X125-3N)
Add component (AddParameter): Name = "Check_prices"; Value = "https://www.snapeda.com/parts/AO3400A/Alpha/view-part/?ref=eda"; VariantName = "[No Variations]"
Add component (AddParameter): Name = "MF"; Value = "Alpha & Omega Semiconductor"; VariantName = "[No Variations]"
Add component (AddParameter): Name = "MP"; Value = "AO3400A"; VariantName = "[No Variations]"
Add component (AddParameter): Name = "Package"; Value = "SOT-23 Alpha &amp; Omega Semiconductor Inc."; VariantName = "[No Variations]"
Add component (AddParameter): Name = "SnapEDA_Link"; Value = "https://www.snapeda.com/parts/AO3400A/Alpha/view-part/?ref=snap"; VariantName = "[No Variations]"
Add component (AddParameter): Name = "Value"; Value = ""; VariantName = "[No Variations]"
Added Component: Designator=Q8(SOT95P280X125-3N)
Add component (AddParameter): Name = "Check_prices"; Value = "https://www.snapeda.com/parts/AO3400A/Alpha/view-part/?ref=eda"; VariantName = "[No Variations]"
Add component (AddParameter): Name = "MF"; Value = "Alpha & Omega Semiconductor"; VariantName = "[No Variations]"
Add component (AddParameter): Name = "MP"; Value = "AO3400A"; VariantName = "[No Variations]"
Add component (AddParameter): Name = "Package"; Value = "SOT-23 Alpha &amp; Omega Semiconductor Inc."; VariantName = "[No Variations]"
Add component (AddParameter): Name = "SnapEDA_Link"; Value = "https://www.snapeda.com/parts/AO3400A/Alpha/view-part/?ref=snap"; VariantName = "[No Variations]"
Add component (AddParameter): Name = "Value"; Value = ""; VariantName = "[No Variations]"
Added Component: Designator=R1(RES_C_1005X40)
Added Component: Designator=R2(RES_C_1005X40)
Added Component: Designator=R3(RES_C_1005X40)
Added Component: Designator=R4(RES_C_1005X40)
Added Component: Designator=R5(RES_C_1005X40)
Added Component: Designator=R6(RES_C_1005X40)
Added Component: Designator=R7(RES_C_1005X40)
Added Component: Designator=R8(RES_C_1005X40)
Added Component: Designator=R9(RES_C_1005X40)
Added Component: Designator=R10(RES_C_1005X40)
Added Component: Designator=R11(RES_C_1005X40)
Added Component: Designator=R12(RES_C_1005X40)
Added Component: Designator=R13(RES_C_1005X40)
Added Component: Designator=R17(RES_C_1005X40)
Added Component: Designator=R19(RES_C_1005X40)
Added Component: Designator=R21(RES_C_1005X40)
Added Component: Designator=R22(RES_C_1005X40)
Added Component: Designator=R23(RES_C_1005X40)
Added Component: Designator=R24(RES_C_1005X40)
Added Component: Designator=R25(RES_C_1005X40)
Added Component: Designator=R26(RES_C_1005X40)
Added Component: Designator=R27(RES_C_1005X40)
Added Component: Designator=R28(RES_C_1206_SHUNT)
Add component (AddParameter): Name = "BOM Notes"; Value = ""; VariantName = "[No Variations]"
Add component (AddParameter): Name = "Category"; Value = "Resistor"; VariantName = "[No Variations]"
Add component (AddParameter): Name = "ComponentLink1Description"; Value = "SVN Datasheet"; VariantName = "[No Variations]"
Add component (AddParameter): Name = "ComponentLink1URL"; Value = "https://chn-vm-apps.microchip.com/mchprepo/parts/Datasheets/n_catalog_partition09_en.pdf"; VariantName = "[No Variations]"
Add component (AddParameter): Name = "ComponentLink2Description"; Value = "Local Datasheet"; VariantName = "[No Variations]"
Add component (AddParameter): Name = "ComponentLink2URL"; Value = "C:\ALTIUM_WORK\00001_MCHP-CDB\Datasheets\n_catalog_partition09_en.pdf"; VariantName = "[No Variations]"
Add component (AddParameter): Name = "ComponentLink3Description"; Value = "Open Symbol"; VariantName = "[No Variations]"
Add component (AddParameter): Name = "ComponentLink3URL"; Value = "C:\ALTIUM_WORK\00001_MCHP-CDB\Library\LibraryRefs\Shunt 4 Pin.SchLib"; VariantName = "[No Variations]"
Add component (AddParameter): Name = "ComponentLink4Description"; Value = "Open Footprint"; VariantName = "[No Variations]"
Add component (AddParameter): Name = "ComponentLink4URL"; Value = "C:\ALTIUM_WORK\00001_MCHP-CDB\Library\Footprints\RES_C_1206_SHUNT.PcbLib"; VariantName = "[No Variations]"
Add component (AddParameter): Name = "ComponentLink5Description"; Value = "Open Footprint 2"; VariantName = "[No Variations]"
Add component (AddParameter): Name = "ComponentLink6Description"; Value = "Open Footprint 3"; VariantName = "[No Variations]"
Add component (AddParameter): Name = "ComponentLink7Description"; Value = "Open Footprint 4"; VariantName = "[No Variations]"
Add component (AddParameter): Name = "Composition"; Value = "MF"; VariantName = "[No Variations]"
Add component (AddParameter): Name = "Current"; Value = "4A"; VariantName = "[No Variations]"
Add component (AddParameter): Name = "Description_"; Value = "RES SHUNT MF 0.047R 1% 3/4W SMD 1206"; VariantName = "[No Variations]"
Add component (AddParameter): Name = "Dev Tools Status"; Value = "Design"; VariantName = "[No Variations]"
Add component (AddParameter): Name = "Manufacturer 1"; Value = "SUSUMU"; VariantName = "[No Variations]"
Add component (AddParameter): Name = "Manufacturer Part Number 1"; Value = "KRL1632E-M-R047-F-T5"; VariantName = "[No Variations]"
Add component (AddParameter): Name = "MCHP-ID"; Value = "RSMT1405"; VariantName = "[No Variations]"
Add component (AddParameter): Name = "Operating Temperature"; Value = "-55C to 155C"; VariantName = "[No Variations]"
Add component (AddParameter): Name = "Owner"; Value = "Ciprian Abramov"; VariantName = "[No Variations]"
Add component (AddParameter): Name = "Package"; Value = "1206"; VariantName = "[No Variations]"
Add component (AddParameter): Name = "Populated"; Value = "YES"; VariantName = "[No Variations]"
Add component (AddParameter): Name = "Power"; Value = "3/4W"; VariantName = "[No Variations]"
Add component (AddParameter): Name = "Quantity Override"; Value = "1"; VariantName = "[No Variations]"
Add component (AddParameter): Name = "Restricted Sourcing"; Value = "No"; VariantName = "[No Variations]"
Add component (AddParameter): Name = "Revision"; Value = "1"; VariantName = "[No Variations]"
Add component (AddParameter): Name = "Status"; Value = "MCL Design"; VariantName = "[No Variations]"
Add component (AddParameter): Name = "Supplier 1"; Value = "Digi-Key"; VariantName = "[No Variations]"
Add component (AddParameter): Name = "Supplier Part Number 1"; Value = "408-1578-2-ND"; VariantName = "[No Variations]"
Add component (AddParameter): Name = "Symbol"; Value = "Shunt 4 Pin"; VariantName = "[No Variations]"
Add component (AddParameter): Name = "Temperature Coefficient"; Value = "±50ppm/C"; VariantName = "[No Variations]"
Add component (AddParameter): Name = "Tolerance"; Value = "1%"; VariantName = "[No Variations]"
Add component (AddParameter): Name = "Type"; Value = "Shunt"; VariantName = "[No Variations]"
Add component (AddParameter): Name = "Value"; Value = "0.047R"; VariantName = "[No Variations]"
Added Component: Designator=R29(RES_C_1206_SHUNT)
Add component (AddParameter): Name = "BOM Notes"; Value = ""; VariantName = "[No Variations]"
Add component (AddParameter): Name = "Category"; Value = "Resistor"; VariantName = "[No Variations]"
Add component (AddParameter): Name = "ComponentLink1Description"; Value = "SVN Datasheet"; VariantName = "[No Variations]"
Add component (AddParameter): Name = "ComponentLink1URL"; Value = "https://chn-vm-apps.microchip.com/mchprepo/parts/Datasheets/n_catalog_partition09_en.pdf"; VariantName = "[No Variations]"
Add component (AddParameter): Name = "ComponentLink2Description"; Value = "Local Datasheet"; VariantName = "[No Variations]"
Add component (AddParameter): Name = "ComponentLink2URL"; Value = "C:\ALTIUM_WORK\00001_MCHP-CDB\Datasheets\n_catalog_partition09_en.pdf"; VariantName = "[No Variations]"
Add component (AddParameter): Name = "ComponentLink3Description"; Value = "Open Symbol"; VariantName = "[No Variations]"
Add component (AddParameter): Name = "ComponentLink3URL"; Value = "C:\ALTIUM_WORK\00001_MCHP-CDB\Library\LibraryRefs\Shunt 4 Pin.SchLib"; VariantName = "[No Variations]"
Add component (AddParameter): Name = "ComponentLink4Description"; Value = "Open Footprint"; VariantName = "[No Variations]"
Add component (AddParameter): Name = "ComponentLink4URL"; Value = "C:\ALTIUM_WORK\00001_MCHP-CDB\Library\Footprints\RES_C_1206_SHUNT.PcbLib"; VariantName = "[No Variations]"
Add component (AddParameter): Name = "ComponentLink5Description"; Value = "Open Footprint 2"; VariantName = "[No Variations]"
Add component (AddParameter): Name = "ComponentLink6Description"; Value = "Open Footprint 3"; VariantName = "[No Variations]"
Add component (AddParameter): Name = "ComponentLink7Description"; Value = "Open Footprint 4"; VariantName = "[No Variations]"
Add component (AddParameter): Name = "Composition"; Value = "MF"; VariantName = "[No Variations]"
Add component (AddParameter): Name = "Current"; Value = "4A"; VariantName = "[No Variations]"
Add component (AddParameter): Name = "Description_"; Value = "RES SHUNT MF 0.047R 1% 3/4W SMD 1206"; VariantName = "[No Variations]"
Add component (AddParameter): Name = "Dev Tools Status"; Value = "Design"; VariantName = "[No Variations]"
Add component (AddParameter): Name = "Manufacturer 1"; Value = "SUSUMU"; VariantName = "[No Variations]"
Add component (AddParameter): Name = "Manufacturer Part Number 1"; Value = "KRL1632E-M-R047-F-T5"; VariantName = "[No Variations]"
Add component (AddParameter): Name = "MCHP-ID"; Value = "RSMT1405"; VariantName = "[No Variations]"
Add component (AddParameter): Name = "Operating Temperature"; Value = "-55C to 155C"; VariantName = "[No Variations]"
Add component (AddParameter): Name = "Owner"; Value = "Ciprian Abramov"; VariantName = "[No Variations]"
Add component (AddParameter): Name = "Package"; Value = "1206"; VariantName = "[No Variations]"
Add component (AddParameter): Name = "Populated"; Value = "YES"; VariantName = "[No Variations]"
Add component (AddParameter): Name = "Power"; Value = "3/4W"; VariantName = "[No Variations]"
Add component (AddParameter): Name = "Quantity Override"; Value = "1"; VariantName = "[No Variations]"
Add component (AddParameter): Name = "Restricted Sourcing"; Value = "No"; VariantName = "[No Variations]"
Add component (AddParameter): Name = "Revision"; Value = "1"; VariantName = "[No Variations]"
Add component (AddParameter): Name = "Status"; Value = "MCL Design"; VariantName = "[No Variations]"
Add component (AddParameter): Name = "Supplier 1"; Value = "Digi-Key"; VariantName = "[No Variations]"
Add component (AddParameter): Name = "Supplier Part Number 1"; Value = "408-1578-2-ND"; VariantName = "[No Variations]"
Add component (AddParameter): Name = "Symbol"; Value = "Shunt 4 Pin"; VariantName = "[No Variations]"
Add component (AddParameter): Name = "Temperature Coefficient"; Value = "±50ppm/C"; VariantName = "[No Variations]"
Add component (AddParameter): Name = "Tolerance"; Value = "1%"; VariantName = "[No Variations]"
Add component (AddParameter): Name = "Type"; Value = "Shunt"; VariantName = "[No Variations]"
Add component (AddParameter): Name = "Value"; Value = "0.047R"; VariantName = "[No Variations]"
Added Component: Designator=R30(RES_C_1206_SHUNT)
Add component (AddParameter): Name = "BOM Notes"; Value = ""; VariantName = "[No Variations]"
Add component (AddParameter): Name = "Category"; Value = "Resistor"; VariantName = "[No Variations]"
Add component (AddParameter): Name = "ComponentLink1Description"; Value = "SVN Datasheet"; VariantName = "[No Variations]"
Add component (AddParameter): Name = "ComponentLink1URL"; Value = "https://chn-vm-apps.microchip.com/mchprepo/parts/Datasheets/n_catalog_partition09_en.pdf"; VariantName = "[No Variations]"
Add component (AddParameter): Name = "ComponentLink2Description"; Value = "Local Datasheet"; VariantName = "[No Variations]"
Add component (AddParameter): Name = "ComponentLink2URL"; Value = "C:\ALTIUM_WORK\00001_MCHP-CDB\Datasheets\n_catalog_partition09_en.pdf"; VariantName = "[No Variations]"
Add component (AddParameter): Name = "ComponentLink3Description"; Value = "Open Symbol"; VariantName = "[No Variations]"
Add component (AddParameter): Name = "ComponentLink3URL"; Value = "C:\ALTIUM_WORK\00001_MCHP-CDB\Library\LibraryRefs\Shunt 4 Pin.SchLib"; VariantName = "[No Variations]"
Add component (AddParameter): Name = "ComponentLink4Description"; Value = "Open Footprint"; VariantName = "[No Variations]"
Add component (AddParameter): Name = "ComponentLink4URL"; Value = "C:\ALTIUM_WORK\00001_MCHP-CDB\Library\Footprints\RES_C_1206_SHUNT.PcbLib"; VariantName = "[No Variations]"
Add component (AddParameter): Name = "ComponentLink5Description"; Value = "Open Footprint 2"; VariantName = "[No Variations]"
Add component (AddParameter): Name = "ComponentLink6Description"; Value = "Open Footprint 3"; VariantName = "[No Variations]"
Add component (AddParameter): Name = "ComponentLink7Description"; Value = "Open Footprint 4"; VariantName = "[No Variations]"
Add component (AddParameter): Name = "Composition"; Value = "MF"; VariantName = "[No Variations]"
Add component (AddParameter): Name = "Current"; Value = "4A"; VariantName = "[No Variations]"
Add component (AddParameter): Name = "Description_"; Value = "RES SHUNT MF 0.047R 1% 3/4W SMD 1206"; VariantName = "[No Variations]"
Add component (AddParameter): Name = "Dev Tools Status"; Value = "Design"; VariantName = "[No Variations]"
Add component (AddParameter): Name = "Manufacturer 1"; Value = "SUSUMU"; VariantName = "[No Variations]"
Add component (AddParameter): Name = "Manufacturer Part Number 1"; Value = "KRL1632E-M-R047-F-T5"; VariantName = "[No Variations]"
Add component (AddParameter): Name = "MCHP-ID"; Value = "RSMT1405"; VariantName = "[No Variations]"
Add component (AddParameter): Name = "Operating Temperature"; Value = "-55C to 155C"; VariantName = "[No Variations]"
Add component (AddParameter): Name = "Owner"; Value = "Ciprian Abramov"; VariantName = "[No Variations]"
Add component (AddParameter): Name = "Package"; Value = "1206"; VariantName = "[No Variations]"
Add component (AddParameter): Name = "Populated"; Value = "YES"; VariantName = "[No Variations]"
Add component (AddParameter): Name = "Power"; Value = "3/4W"; VariantName = "[No Variations]"
Add component (AddParameter): Name = "Quantity Override"; Value = "1"; VariantName = "[No Variations]"
Add component (AddParameter): Name = "Restricted Sourcing"; Value = "No"; VariantName = "[No Variations]"
Add component (AddParameter): Name = "Revision"; Value = "1"; VariantName = "[No Variations]"
Add component (AddParameter): Name = "Status"; Value = "MCL Design"; VariantName = "[No Variations]"
Add component (AddParameter): Name = "Supplier 1"; Value = "Digi-Key"; VariantName = "[No Variations]"
Add component (AddParameter): Name = "Supplier Part Number 1"; Value = "408-1578-2-ND"; VariantName = "[No Variations]"
Add component (AddParameter): Name = "Symbol"; Value = "Shunt 4 Pin"; VariantName = "[No Variations]"
Add component (AddParameter): Name = "Temperature Coefficient"; Value = "±50ppm/C"; VariantName = "[No Variations]"
Add component (AddParameter): Name = "Tolerance"; Value = "1%"; VariantName = "[No Variations]"
Add component (AddParameter): Name = "Type"; Value = "Shunt"; VariantName = "[No Variations]"
Add component (AddParameter): Name = "Value"; Value = "0.047R"; VariantName = "[No Variations]"
Added Component: Designator=R31(RES_C_1206_SHUNT)
Add component (AddParameter): Name = "BOM Notes"; Value = ""; VariantName = "[No Variations]"
Add component (AddParameter): Name = "Category"; Value = "Resistor"; VariantName = "[No Variations]"
Add component (AddParameter): Name = "ComponentLink1Description"; Value = "SVN Datasheet"; VariantName = "[No Variations]"
Add component (AddParameter): Name = "ComponentLink1URL"; Value = "https://chn-vm-apps.microchip.com/mchprepo/parts/Datasheets/n_catalog_partition09_en.pdf"; VariantName = "[No Variations]"
Add component (AddParameter): Name = "ComponentLink2Description"; Value = "Local Datasheet"; VariantName = "[No Variations]"
Add component (AddParameter): Name = "ComponentLink2URL"; Value = "C:\ALTIUM_WORK\00001_MCHP-CDB\Datasheets\n_catalog_partition09_en.pdf"; VariantName = "[No Variations]"
Add component (AddParameter): Name = "ComponentLink3Description"; Value = "Open Symbol"; VariantName = "[No Variations]"
Add component (AddParameter): Name = "ComponentLink3URL"; Value = "C:\ALTIUM_WORK\00001_MCHP-CDB\Library\LibraryRefs\Shunt 4 Pin.SchLib"; VariantName = "[No Variations]"
Add component (AddParameter): Name = "ComponentLink4Description"; Value = "Open Footprint"; VariantName = "[No Variations]"
Add component (AddParameter): Name = "ComponentLink4URL"; Value = "C:\ALTIUM_WORK\00001_MCHP-CDB\Library\Footprints\RES_C_1206_SHUNT.PcbLib"; VariantName = "[No Variations]"
Add component (AddParameter): Name = "ComponentLink5Description"; Value = "Open Footprint 2"; VariantName = "[No Variations]"
Add component (AddParameter): Name = "ComponentLink6Description"; Value = "Open Footprint 3"; VariantName = "[No Variations]"
Add component (AddParameter): Name = "ComponentLink7Description"; Value = "Open Footprint 4"; VariantName = "[No Variations]"
Add component (AddParameter): Name = "Composition"; Value = "MF"; VariantName = "[No Variations]"
Add component (AddParameter): Name = "Current"; Value = "4A"; VariantName = "[No Variations]"
Add component (AddParameter): Name = "Description_"; Value = "RES SHUNT MF 0.047R 1% 3/4W SMD 1206"; VariantName = "[No Variations]"
Add component (AddParameter): Name = "Dev Tools Status"; Value = "Design"; VariantName = "[No Variations]"
Add component (AddParameter): Name = "Manufacturer 1"; Value = "SUSUMU"; VariantName = "[No Variations]"
Add component (AddParameter): Name = "Manufacturer Part Number 1"; Value = "KRL1632E-M-R047-F-T5"; VariantName = "[No Variations]"
Add component (AddParameter): Name = "MCHP-ID"; Value = "RSMT1405"; VariantName = "[No Variations]"
Add component (AddParameter): Name = "Operating Temperature"; Value = "-55C to 155C"; VariantName = "[No Variations]"
Add component (AddParameter): Name = "Owner"; Value = "Ciprian Abramov"; VariantName = "[No Variations]"
Add component (AddParameter): Name = "Package"; Value = "1206"; VariantName = "[No Variations]"
Add component (AddParameter): Name = "Populated"; Value = "YES"; VariantName = "[No Variations]"
Add component (AddParameter): Name = "Power"; Value = "3/4W"; VariantName = "[No Variations]"
Add component (AddParameter): Name = "Quantity Override"; Value = "1"; VariantName = "[No Variations]"
Add component (AddParameter): Name = "Restricted Sourcing"; Value = "No"; VariantName = "[No Variations]"
Add component (AddParameter): Name = "Revision"; Value = "1"; VariantName = "[No Variations]"
Add component (AddParameter): Name = "Status"; Value = "MCL Design"; VariantName = "[No Variations]"
Add component (AddParameter): Name = "Supplier 1"; Value = "Digi-Key"; VariantName = "[No Variations]"
Add component (AddParameter): Name = "Supplier Part Number 1"; Value = "408-1578-2-ND"; VariantName = "[No Variations]"
Add component (AddParameter): Name = "Symbol"; Value = "Shunt 4 Pin"; VariantName = "[No Variations]"
Add component (AddParameter): Name = "Temperature Coefficient"; Value = "±50ppm/C"; VariantName = "[No Variations]"
Add component (AddParameter): Name = "Tolerance"; Value = "1%"; VariantName = "[No Variations]"
Add component (AddParameter): Name = "Type"; Value = "Shunt"; VariantName = "[No Variations]"
Add component (AddParameter): Name = "Value"; Value = "0.047R"; VariantName = "[No Variations]"
Added Component: Designator=R32(RES_C_1005X40)
Added Component: Designator=R33(RES_C_1005X40)
Added Component: Designator=R34(RES_C_1005X40)
Added Component: Designator=R35(RES_C_1005X40)
Added Component: Designator=R36(RES_C_1005X40)
Added Component: Designator=R37(RES_C_1005X40)
Added Component: Designator=R38(RES_C_1005X40)
Added Component: Designator=R39(RES_C_1005X40)
Added Component: Designator=R40(RES_C_1005X40)
Added Component: Designator=R41(RES_C_1005X40)
Added Component: Designator=R42(RES_C_1005X40)
Added Component: Designator=R43(RES_C_1005X40)
Added Component: Designator=R44(RES_C_1005X40)
Added Component: Designator=R45(RES_C_1005X40)
Added Component: Designator=R46(RES_C_1005X40)
Added Component: Designator=R47(RES_C_1005X40)
Added Component: Designator=R48(RES_C_1005X40)
Added Component: Designator=R49(RES_C_1005X40)
Added Component: Designator=R50(RES_C_1005X40)
Added Component: Designator=R51(RES_C_1005X40)
Added Component: Designator=R52(RES_C_1005X40)
Added Component: Designator=R53(RES_C_1005X40)
Added Component: Designator=R54(RES_C_1005X40)
Added Component: Designator=R55(RES_C_1005X40)
Added Component: Designator=R56(RES_C_1005X40)
Added Component: Designator=R57(RES_C_1005X40)
Added Component: Designator=R58(RES_C_1005X40)
Added Component: Designator=R59(RES_C_1005X40)
Added Component: Designator=R60(RES_C_1005X40)
Added Component: Designator=R61(RES_C_1005X40)
Added Component: Designator=R62(RES_C_1005X40)
Added Component: Designator=R63(RES_C_1005X40)
Added Component: Designator=R64(RES_C_1005X40)
Added Component: Designator=R65(RES_C_1005X40)
Added Component: Designator=R66(RES_C_1005X40)
Added Component: Designator=R67(RES_C_1005X40)
Added Component: Designator=R68(RES_C_1005X40)
Added Component: Designator=R69(RES_C_1005X40)
Added Component: Designator=R70(RES_C_1005X40)
Added Component: Designator=R71(RES_C_1005X40)
Added Component: Designator=R72(RES_C_1005X40)
Added Component: Designator=R73(RES_C_1005X40)
Added Component: Designator=R74(RES_C_1005X40)
Added Component: Designator=R75(RES_C_1005X40)
Added Component: Designator=R76(RES_C_1005X40)
Added Component: Designator=R77(RES_C_1005X40)
Added Component: Designator=R78(RES_C_1005X40)
Added Component: Designator=R79(RES_C_1005X40)
Added Component: Designator=R80(RES_C_1005X40)
Added Component: Designator=R81(RES_C_1005X40)
Added Component: Designator=R82(RES_C_1005X40)
Added Component: Designator=R83(RES_C_1005X40)
Added Component: Designator=R84(RES_C_1005X40)
Added Component: Designator=R85(RES_C_1005X40)
Added Component: Designator=R86(RES_C_1005X40)
Added Component: Designator=R87(RES_C_1005X40)
Added Component: Designator=R88(RES_C_1005X40)
Added Component: Designator=R89(RES_C_1005X40)
Added Component: Designator=R90(RES_C_1005X40)
Added Component: Designator=R91(RES_C_1005X40)
Added Component: Designator=R92(RES_C_1005X40)
Added Component: Designator=R93(RES_C_1005X40)
Added Component: Designator=R94(RES_C_1005X40)
Added Component: Designator=R95(RES_C_1005X40)
Added Component: Designator=R96(RES_C_1005X40)
Added Component: Designator=R97(RES_C_1005X40)
Added Component: Designator=R98(RES_C_1005X40)
Added Component: Designator=R99(RES_C_1005X40)
Added Component: Designator=R100(RES_C_1005X40)
Added Component: Designator=R101(RES_C_1005X40)
Added Component: Designator=R102(RES_C_1005X40)
Added Component: Designator=R103(RES_C_1005X40)
Added Component: Designator=R104(RES_C_1005X40)
Added Component: Designator=R105(RES_C_1005X40)
Added Component: Designator=R106(RES_C_1005X40)
Added Component: Designator=R107(RES_C_1005X40)
Added Component: Designator=R108(RES_C_1005X40)
Added Component: Designator=R109(RES_C_1005X40)
Added Component: Designator=R110(RES_C_1005X40)
Added Component: Designator=R111(RES_C_1005X40)
Added Component: Designator=R112(RES_C_1005X40)
Added Component: Designator=R113(RES_C_1005X40)
Added Component: Designator=R114(RES_C_1005X40)
Added Component: Designator=R115(RES_C_1005X40)
Added Component: Designator=R116(RES_C_1005X40)
Added Component: Designator=R117(RES_C_1005X40)
Added Component: Designator=R118(RES_C_1005X40)
Added Component: Designator=R119(RES_C_1005X40)
Added Component: Designator=R120(RES_C_1005X40)
Added Component: Designator=R121(RES_C_1005X40)
Added Component: Designator=R122(RES_C_1005X40)
Added Component: Designator=R123(RES_C_1005X40)
Added Component: Designator=R124(RES_C_1005X40)
Added Component: Designator=R125(RES_C_1005X40)
Added Component: Designator=R126(RES_C_1005X40)
Added Component: Designator=R127(RES_C_1005X40)
Added Component: Designator=R128(RES_C_1005X40)
Added Component: Designator=R129(RES_C_1005X40)
Added Component: Designator=R130(RES_C_1005X40)
Added Component: Designator=R131(RES_C_1005X40)
Added Component: Designator=R132(RES_C_1005X40)
Added Component: Designator=R133(RES_C_1005X40)
Added Component: Designator=R134(RES_C_1005X40)
Added Component: Designator=R135(RES_C_1005X40)
Added Component: Designator=R136(RES_C_1005X40)
Added Component: Designator=R137(RES_C_1005X40)
Added Component: Designator=R138(RES_C_1005X40)
Added Component: Designator=R139(RES_C_1005X40)
Added Component: Designator=R140(RES_C_1005X40)
Added Component: Designator=R141(RES_C_1005X40)
Added Component: Designator=R142(RES_C_1005X40)
Added Component: Designator=R143(RES_C_1005X40)
Added Component: Designator=R144(RES_C_1005X40)
Added Component: Designator=R145(RES_C_1005X40)
Added Component: Designator=R146(RES_C_1005X40)
Added Component: Designator=R147(RES_C_1005X40)
Added Component: Designator=R148(RES_C_1005X40)
Added Component: Designator=R149(RES_C_1005X40)
Added Component: Designator=R150(RES_C_1005X40)
Added Component: Designator=R151(RES_C_1005X40)
Added Component: Designator=R152(RES_C_1005X40)
Added Component: Designator=R153(RES_C_1005X40)
Added Component: Designator=R154(RES_C_1005X40)
Added Component: Designator=R?(RES_C_1005X40)
Added Component: Designator=R?(RES_C_1005X40)
Added Component: Designator=R?(RES_C_1005X40)
Added Component: Designator=SB1(JUMPER_1608)
Added Component: Designator=SB2(JUMPER_1608)
Added Component: Designator=TP1(Testpoint_50)
Add component (AddParameter): Name = "Category"; Value = ""; VariantName = "[No Variations]"
Add component (AddParameter): Name = "CompanyID"; Value = ""; VariantName = "[No Variations]"
Add component (AddParameter): Name = "MFR"; Value = ""; VariantName = "[No Variations]"
Add component (AddParameter): Name = "MFR_URL"; Value = ""; VariantName = "[No Variations]"
Add component (AddParameter): Name = "MPN"; Value = ""; VariantName = "[No Variations]"
Add component (AddParameter): Name = "PinCount"; Value = ""; VariantName = "[No Variations]"
Add component (AddParameter): Name = "Solder"; Value = "NF"; VariantName = "[No Variations]"
Add component (AddParameter): Name = "Value"; Value = ""; VariantName = "[No Variations]"
Added Component: Designator=TP2(Testpoint_50)
Add component (AddParameter): Name = "Category"; Value = ""; VariantName = "[No Variations]"
Add component (AddParameter): Name = "CompanyID"; Value = ""; VariantName = "[No Variations]"
Add component (AddParameter): Name = "MFR"; Value = ""; VariantName = "[No Variations]"
Add component (AddParameter): Name = "MFR_URL"; Value = ""; VariantName = "[No Variations]"
Add component (AddParameter): Name = "MPN"; Value = ""; VariantName = "[No Variations]"
Add component (AddParameter): Name = "PinCount"; Value = ""; VariantName = "[No Variations]"
Add component (AddParameter): Name = "Solder"; Value = "NF"; VariantName = "[No Variations]"
Add component (AddParameter): Name = "Value"; Value = ""; VariantName = "[No Variations]"
Added Component: Designator=TP3(Testpoint_50)
Add component (AddParameter): Name = "Category"; Value = ""; VariantName = "[No Variations]"
Add component (AddParameter): Name = "CompanyID"; Value = ""; VariantName = "[No Variations]"
Add component (AddParameter): Name = "MFR"; Value = ""; VariantName = "[No Variations]"
Add component (AddParameter): Name = "MFR_URL"; Value = ""; VariantName = "[No Variations]"
Add component (AddParameter): Name = "MPN"; Value = ""; VariantName = "[No Variations]"
Add component (AddParameter): Name = "PinCount"; Value = ""; VariantName = "[No Variations]"
Add component (AddParameter): Name = "Solder"; Value = "NF"; VariantName = "[No Variations]"
Add component (AddParameter): Name = "Value"; Value = ""; VariantName = "[No Variations]"
Added Component: Designator=TP4(Testpoint_50)
Add component (AddParameter): Name = "Category"; Value = ""; VariantName = "[No Variations]"
Add component (AddParameter): Name = "CompanyID"; Value = ""; VariantName = "[No Variations]"
Add component (AddParameter): Name = "MFR"; Value = ""; VariantName = "[No Variations]"
Add component (AddParameter): Name = "MFR_URL"; Value = ""; VariantName = "[No Variations]"
Add component (AddParameter): Name = "MPN"; Value = ""; VariantName = "[No Variations]"
Add component (AddParameter): Name = "PinCount"; Value = ""; VariantName = "[No Variations]"
Add component (AddParameter): Name = "Solder"; Value = "NF"; VariantName = "[No Variations]"
Add component (AddParameter): Name = "Value"; Value = ""; VariantName = "[No Variations]"
Added Component: Designator=TP5(Testpoint_50)
Add component (AddParameter): Name = "Category"; Value = ""; VariantName = "[No Variations]"
Add component (AddParameter): Name = "CompanyID"; Value = ""; VariantName = "[No Variations]"
Add component (AddParameter): Name = "MFR"; Value = ""; VariantName = "[No Variations]"
Add component (AddParameter): Name = "MFR_URL"; Value = ""; VariantName = "[No Variations]"
Add component (AddParameter): Name = "MPN"; Value = ""; VariantName = "[No Variations]"
Add component (AddParameter): Name = "PinCount"; Value = ""; VariantName = "[No Variations]"
Add component (AddParameter): Name = "Solder"; Value = "NF"; VariantName = "[No Variations]"
Add component (AddParameter): Name = "Value"; Value = ""; VariantName = "[No Variations]"
Added Component: Designator=TP6(Testpoint_50)
Add component (AddParameter): Name = "Category"; Value = ""; VariantName = "[No Variations]"
Add component (AddParameter): Name = "CompanyID"; Value = ""; VariantName = "[No Variations]"
Add component (AddParameter): Name = "MFR"; Value = ""; VariantName = "[No Variations]"
Add component (AddParameter): Name = "MFR_URL"; Value = ""; VariantName = "[No Variations]"
Add component (AddParameter): Name = "MPN"; Value = ""; VariantName = "[No Variations]"
Add component (AddParameter): Name = "PinCount"; Value = ""; VariantName = "[No Variations]"
Add component (AddParameter): Name = "Solder"; Value = "NF"; VariantName = "[No Variations]"
Add component (AddParameter): Name = "Value"; Value = ""; VariantName = "[No Variations]"
Added Component: Designator=TP7(Testpoint_50)
Add component (AddParameter): Name = "Category"; Value = ""; VariantName = "[No Variations]"
Add component (AddParameter): Name = "CompanyID"; Value = ""; VariantName = "[No Variations]"
Add component (AddParameter): Name = "MFR"; Value = ""; VariantName = "[No Variations]"
Add component (AddParameter): Name = "MFR_URL"; Value = ""; VariantName = "[No Variations]"
Add component (AddParameter): Name = "MPN"; Value = ""; VariantName = "[No Variations]"
Add component (AddParameter): Name = "PinCount"; Value = ""; VariantName = "[No Variations]"
Add component (AddParameter): Name = "Solder"; Value = "NF"; VariantName = "[No Variations]"
Add component (AddParameter): Name = "Value"; Value = ""; VariantName = "[No Variations]"
Added Component: Designator=U1(VQFN-HR-10)
Added Component: Designator=U2(CONV_TPS5430DDAR)
Add component (AddParameter): Name = "Availability"; Value = "In Stock"; VariantName = "[No Variations]"
Add component (AddParameter): Name = "Check_prices"; Value = "https://www.snapeda.com/parts/TPS5430DDAR/Texas+Instruments/view-part/?ref=eda"; VariantName = "[No Variations]"
Add component (AddParameter): Name = "MF"; Value = "Texas Instruments"; VariantName = "[No Variations]"
Add component (AddParameter): Name = "MP"; Value = "TPS5430DDAR"; VariantName = "[No Variations]"
Add component (AddParameter): Name = "Package"; Value = "HSOIC-8 Texas Instruments"; VariantName = "[No Variations]"
Add component (AddParameter): Name = "Price"; Value = "None"; VariantName = "[No Variations]"
Add component (AddParameter): Name = "Purchase-URL"; Value = "https://pricing.snapeda.com/search/part/TPS5430DDAR/?ref=eda"; VariantName = "[No Variations]"
Add component (AddParameter): Name = "SnapEDA_Link"; Value = "https://www.snapeda.com/parts/TPS5430DDAR/Texas+Instruments/view-part/?ref=snap"; VariantName = "[No Variations]"
Add component (AddParameter): Name = "Value"; Value = ""; VariantName = "[No Variations]"
Added Component: Designator=U4(QFN-32_5X5_EP3.7X3.7)
Add component (AddParameter): Name = "Category"; Value = "MCHP-Analog"; VariantName = "[No Variations]"
Add component (AddParameter): Name = "ComponentLink1Description"; Value = "SVN Datasheet"; VariantName = "[No Variations]"
Add component (AddParameter): Name = "ComponentLink2Description"; Value = "Local Datasheet"; VariantName = "[No Variations]"
Add component (AddParameter): Name = "ComponentLink2URL"; Value = "C:\ALTIUM_WORK\00001_MCHP-CDB\Datasheets\MCP16502-High-Performance-PMIC-for-SAMA5DX-SAM9X6-MPUs-Data-Sheet-DS20006275B.pdf"; VariantName = "[No Variations]"
Add component (AddParameter): Name = "ComponentLink3Description"; Value = "Open Symbol"; VariantName = "[No Variations]"
Add component (AddParameter): Name = "ComponentLink3URL"; Value = "C:\ALTIUM_WORK\00001_MCHP-CDB\Library\LibraryRefs\MCP16502 QFN-32.SchLib"; VariantName = "[No Variations]"
Add component (AddParameter): Name = "ComponentLink4Description"; Value = "Open Footprint"; VariantName = "[No Variations]"
Add component (AddParameter): Name = "ComponentLink4URL"; Value = "C:\ALTIUM_WORK\00001_MCHP-CDB\Library\Footprints\QFN-32_5X5_EP3.7X3.7.PcbLib"; VariantName = "[No Variations]"
Add component (AddParameter): Name = "ComponentLink5Description"; Value = "Open Footprint 2"; VariantName = "[No Variations]"
Add component (AddParameter): Name = "ComponentLink6Description"; Value = "Open Footprint 3"; VariantName = "[No Variations]"
Add component (AddParameter): Name = "ComponentLink7Description"; Value = "Open Footprint 4"; VariantName = "[No Variations]"
Add component (AddParameter): Name = "Description_"; Value = "MCHP ANALOG PMIC SWITCHER Buck ADJ MCP16502TAB-E/S8B QFN-32 for SAMA7G5 MPU with LPDDR/DDR2/DDR3"; VariantName = "[No Variations]"
Add component (AddParameter): Name = "Dev Tools Status"; Value = "Design"; VariantName = "[No Variations]"
Add component (AddParameter): Name = "Manufacturer 1"; Value = "Microchip Technology"; VariantName = "[No Variations]"
Add component (AddParameter): Name = "Manufacturer Part Number 1"; Value = "MCP16502TAB-E/S8B"; VariantName = "[No Variations]"
Add component (AddParameter): Name = "MCHP-ID"; Value = "MIC8878"; VariantName = "[No Variations]"
Add component (AddParameter): Name = "Owner"; Value = "Dragos Danaila"; VariantName = "[No Variations]"
Add component (AddParameter): Name = "Populated"; Value = "YES"; VariantName = "[No Variations]"
Add component (AddParameter): Name = "Quantity Override"; Value = "1"; VariantName = "[No Variations]"
Add component (AddParameter): Name = "Revision"; Value = "1"; VariantName = "[No Variations]"
Add component (AddParameter): Name = "Status"; Value = "MCL Design"; VariantName = "[No Variations]"
Add component (AddParameter): Name = "Supplier 1"; Value = "Digi-Key"; VariantName = "[No Variations]"
Add component (AddParameter): Name = "Supplier Part Number 1"; Value = "150-MCP16502TAB-E/S8BCT-ND"; VariantName = "[No Variations]"
Add component (AddParameter): Name = "Symbol"; Value = "MCP16502 QFN-32"; VariantName = "[No Variations]"
Add component (AddParameter): Name = "Type"; Value = "Switcher"; VariantName = "[No Variations]"
Add component (AddParameter): Name = "Value"; Value = "MCP16502TAB-E/S8B"; VariantName = "[No Variations]"
Added Component: Designator=U5(UQFN-16_4X4_EP2.6X2.6)
Add component (AddParameter): Name = "BOM Notes"; Value = ""; VariantName = "[No Variations]"
Add component (AddParameter): Name = "Category"; Value = "MCHP-Analog"; VariantName = "[No Variations]"
Add component (AddParameter): Name = "ComponentLink1Description"; Value = "SVN Datasheet"; VariantName = "[No Variations]"
Add component (AddParameter): Name = "ComponentLink1URL"; Value = "https://www.microchip.com/sitesearch/search/Product%20and%20Development%20Tools/PAC1934T-I/JQ"; VariantName = "[No Variations]"
Add component (AddParameter): Name = "ComponentLink2Description"; Value = "Local Datasheet"; VariantName = "[No Variations]"
Add component (AddParameter): Name = "ComponentLink3Description"; Value = "Open Symbol"; VariantName = "[No Variations]"
Add component (AddParameter): Name = "ComponentLink3URL"; Value = "C:\ALTIUM_WORK\00001_MCHP-CDB\Library\LibraryRefs\PAC1934 UQFN-16.SchLib"; VariantName = "[No Variations]"
Add component (AddParameter): Name = "ComponentLink4Description"; Value = "Open Footprint"; VariantName = "[No Variations]"
Add component (AddParameter): Name = "ComponentLink4URL"; Value = "C:\ALTIUM_WORK\00001_MCHP-CDB\Library\Footprints\UQFN-16_4X4_EP2.6X2.6.PcbLib"; VariantName = "[No Variations]"
Add component (AddParameter): Name = "ComponentLink5Description"; Value = "Open Footprint 2"; VariantName = "[No Variations]"
Add component (AddParameter): Name = "ComponentLink6Description"; Value = "Open Footprint 3"; VariantName = "[No Variations]"
Add component (AddParameter): Name = "ComponentLink7Description"; Value = "Open Footprint 4"; VariantName = "[No Variations]"
Add component (AddParameter): Name = "Description_"; Value = "MCHP ANALOG POWER CURRENT SENSE MONITOR PAC1934T-I/JQ UQFN-16"; VariantName = "[No Variations]"
Add component (AddParameter): Name = "Dev Tools Status"; Value = "Production"; VariantName = "[No Variations]"
Add component (AddParameter): Name = "Manufacturer 1"; Value = "Microchip Technology"; VariantName = "[No Variations]"
Add component (AddParameter): Name = "Manufacturer Part Number 1"; Value = "PAC1934T-I/JQ"; VariantName = "[No Variations]"
Add component (AddParameter): Name = "MCHP-ID"; Value = "MIC7010"; VariantName = "[No Variations]"
Add component (AddParameter): Name = "Operating Temperature"; Value = "-40C to +85C"; VariantName = "[No Variations]"
Add component (AddParameter): Name = "Owner"; Value = "Razvan Cristescu"; VariantName = "[No Variations]"
Add component (AddParameter): Name = "Populated"; Value = "YES"; VariantName = "[No Variations]"
Add component (AddParameter): Name = "Quantity Override"; Value = "1"; VariantName = "[No Variations]"
Add component (AddParameter): Name = "Restricted Sourcing"; Value = "No"; VariantName = "[No Variations]"
Add component (AddParameter): Name = "Revision"; Value = "2"; VariantName = "[No Variations]"
Add component (AddParameter): Name = "Status"; Value = "MCL Design"; VariantName = "[No Variations]"
Add component (AddParameter): Name = "Supplier 1"; Value = "Microchip Technology"; VariantName = "[No Variations]"
Add component (AddParameter): Name = "Supplier Part Number 1"; Value = "PAC1934T-I/JQ"; VariantName = "[No Variations]"
Add component (AddParameter): Name = "Symbol"; Value = "PAC1934 UQFN-16"; VariantName = "[No Variations]"
Add component (AddParameter): Name = "Type"; Value = "Power/Current Sensor"; VariantName = "[No Variations]"
Add component (AddParameter): Name = "Value"; Value = "PAC1934"; VariantName = "[No Variations]"
Added Component: Designator=U6(TFBGA-343_14x14)
Add component (AddParameter): Name = "Category"; Value = "MCHP-Microcontroller"; VariantName = "[No Variations]"
Add component (AddParameter): Name = "ComponentLink1Description"; Value = "SVN Datasheet"; VariantName = "[No Variations]"
Add component (AddParameter): Name = "ComponentLink1URL"; Value = "https://www.microchip.com/sitesearch/search/Product%20and%20Development%20Tools/SAMA7D65-V/4HB-SL3"; VariantName = "[No Variations]"
Add component (AddParameter): Name = "ComponentLink2Description"; Value = "Local Datasheet"; VariantName = "[No Variations]"
Add component (AddParameter): Name = "ComponentLink3Description"; Value = "Open Symbol"; VariantName = "[No Variations]"
Add component (AddParameter): Name = "ComponentLink3URL"; Value = "C:\ALTIUM_WORK\00001_MCHP-CDB\Library\LibraryRefs\SAMA7D65-TFBGA-343.SchLib"; VariantName = "[No Variations]"
Add component (AddParameter): Name = "ComponentLink4Description"; Value = "Open Footprint"; VariantName = "[No Variations]"
Add component (AddParameter): Name = "ComponentLink4URL"; Value = "C:\ALTIUM_WORK\00001_MCHP-CDB\Library\Footprints\TFBGA-343_14x14.PcbLib"; VariantName = "[No Variations]"
Add component (AddParameter): Name = "ComponentLink5Description"; Value = "Open Footprint 2"; VariantName = "[No Variations]"
Add component (AddParameter): Name = "ComponentLink6Description"; Value = "Open Footprint 3"; VariantName = "[No Variations]"
Add component (AddParameter): Name = "ComponentLink7Description"; Value = "Open Footprint 4"; VariantName = "[No Variations]"
Add component (AddParameter): Name = "Description_"; Value = "MCHP MPU 32-BIT Cortex-A7 1000MHz 128kB SAMA7D65-V/4HB-SL3 TFBGA-343"; VariantName = "[No Variations]"
Add component (AddParameter): Name = "Dev Tools Status"; Value = "Design"; VariantName = "[No Variations]"
Add component (AddParameter): Name = "Manufacturer 1"; Value = "Microchip Technology"; VariantName = "[No Variations]"
Add component (AddParameter): Name = "Manufacturer Part Number 1"; Value = "SAMA7D65-V/4HB-SL3"; VariantName = "[No Variations]"
Add component (AddParameter): Name = "MCHP-ID"; Value = "IC2674"; VariantName = "[No Variations]"
Add component (AddParameter): Name = "Operating Temperature"; Value = "-40C to +105C"; VariantName = "[No Variations]"
Add component (AddParameter): Name = "Owner"; Value = "Ciprian Abramov"; VariantName = "[No Variations]"
Add component (AddParameter): Name = "Populated"; Value = "YES"; VariantName = "[No Variations]"
Add component (AddParameter): Name = "Quantity Override"; Value = "1"; VariantName = "[No Variations]"
Add component (AddParameter): Name = "Restricted Sourcing"; Value = "No"; VariantName = "[No Variations]"
Add component (AddParameter): Name = "Revision"; Value = "1"; VariantName = "[No Variations]"
Add component (AddParameter): Name = "Status"; Value = "MCL Design"; VariantName = "[No Variations]"
Add component (AddParameter): Name = "Supplier 1"; Value = "Microchip Technology"; VariantName = "[No Variations]"
Add component (AddParameter): Name = "Supplier Part Number 1"; Value = "SAMA7D65-V/4HB-SL3"; VariantName = "[No Variations]"
Add component (AddParameter): Name = "Symbol"; Value = "SAMA7D65-TFBGA-343"; VariantName = "[No Variations]"
Add component (AddParameter): Name = "Type"; Value = "32-Bit MPU"; VariantName = "[No Variations]"
Add component (AddParameter): Name = "Value"; Value = "SAMA7D65-V/4HB-SL3"; VariantName = "[No Variations]"
Added Component: Designator=U7(FBGA96_9X13P5_ALL)
Add component (AddParameter): Name = "BOM Notes"; Value = ""; VariantName = "[No Variations]"
Add component (AddParameter): Name = "Category"; Value = "IC"; VariantName = "[No Variations]"
Add component (AddParameter): Name = "ComponentLink1Description"; Value = "SVN Datasheet"; VariantName = "[No Variations]"
Add component (AddParameter): Name = "ComponentLink1URL"; Value = "https://chn-vm-apps.microchip.com/mchprepo/parts/Datasheets/AllianceMemory_DDR3L_8G_AS4C512M16D3LA-10BCN-BIN-BAN_Feb2019_v1.0.pdf"; VariantName = "[No Variations]"
Add component (AddParameter): Name = "ComponentLink2Description"; Value = "Local Datasheet"; VariantName = "[No Variations]"
Add component (AddParameter): Name = "ComponentLink2URL"; Value = "C:\ALTIUM_WORK\00001_MCHP-CDB\Datasheets\AllianceMemory_DDR3L_8G_AS4C512M16D3LA-10BCN-BIN-BAN_Feb2019_v1.0.pdf"; VariantName = "[No Variations]"
Add component (AddParameter): Name = "ComponentLink3Description"; Value = "Open Symbol"; VariantName = "[No Variations]"
Add component (AddParameter): Name = "ComponentLink3URL"; Value = "C:\ALTIUM_WORK\00001_MCHP-CDB\Library\LibraryRefs\AS4C512M16D3LA-10BIN TFBGA-96.SchLib"; VariantName = "[No Variations]"
Add component (AddParameter): Name = "ComponentLink4Description"; Value = "Open Footprint"; VariantName = "[No Variations]"
Add component (AddParameter): Name = "ComponentLink4URL"; Value = "C:\ALTIUM_WORK\00001_MCHP-CDB\Library\Footprints\TFBGA-96_13.5x9.PcbLib"; VariantName = "[No Variations]"
Add component (AddParameter): Name = "ComponentLink5Description"; Value = "Open Footprint 2"; VariantName = "[No Variations]"
Add component (AddParameter): Name = "ComponentLink6Description"; Value = "Open Footprint 3"; VariantName = "[No Variations]"
Add component (AddParameter): Name = "ComponentLink7Description"; Value = "Open Footprint 4"; VariantName = "[No Variations]"
Add component (AddParameter): Name = "Description_"; Value = "IC MEMORY AS4C512M16D3LA-10BIN DDR3L 8Gb 933MHz FBGA-96"; VariantName = "[No Variations]"
Add component (AddParameter): Name = "Dev Tools Status"; Value = "Design"; VariantName = "[No Variations]"
Add component (AddParameter): Name = "Manufacturer 1"; Value = "Alliance Memory, Inc."; VariantName = "[No Variations]"
Add component (AddParameter): Name = "Manufacturer Part Number 1"; Value = "AS4C512M16D3LA-10BIN"; VariantName = "[No Variations]"
Add component (AddParameter): Name = "MCHP-ID"; Value = "IC1748"; VariantName = "[No Variations]"
Add component (AddParameter): Name = "Operating Temperature"; Value = "-40C to +95C"; VariantName = "[No Variations]"
Add component (AddParameter): Name = "Owner"; Value = "Ciprian Abramov"; VariantName = "[No Variations]"
Add component (AddParameter): Name = "Package"; Value = "TFBGA-96"; VariantName = "[No Variations]"
Add component (AddParameter): Name = "Populated"; Value = "YES"; VariantName = "[No Variations]"
Add component (AddParameter): Name = "Quantity Override"; Value = "1"; VariantName = "[No Variations]"
Add component (AddParameter): Name = "Restricted Sourcing"; Value = "No"; VariantName = "[No Variations]"
Add component (AddParameter): Name = "Revision"; Value = "1"; VariantName = "[No Variations]"
Add component (AddParameter): Name = "Status"; Value = "MCL Design"; VariantName = "[No Variations]"
Add component (AddParameter): Name = "Supplier 1"; Value = "Digi-Key"; VariantName = "[No Variations]"
Add component (AddParameter): Name = "Supplier Part Number 1"; Value = "1450-1488-ND"; VariantName = "[No Variations]"
Add component (AddParameter): Name = "Symbol"; Value = "AS4C512M16D3LA-10BIN TFBGA-96"; VariantName = "[No Variations]"
Add component (AddParameter): Name = "Type"; Value = "Memory"; VariantName = "[No Variations]"
Add component (AddParameter): Name = "Value"; Value = "AS4C512M16D3LA-10BIN"; VariantName = "[No Variations]"
Add component (AddParameter): Name = "Vin"; Value = "1.35V"; VariantName = "[No Variations]"
Added Component: Designator=U8(BGA_100_C_100P_10X17_1400X1800X150)
Added Component: Designator=U9(BGA_100_C_100P_10X17_1400X1800X150)
Added Component: Designator=U10(IC_MIC94085YFT-TR)
Add component (AddParameter): Name = "Check_prices"; Value = "https://www.snapeda.com/parts/MIC94085YFT-TR/Microchip+Technology/view-part/?ref=eda"; VariantName = "[No Variations]"
Add component (AddParameter): Name = "MF"; Value = "Microchip"; VariantName = "[No Variations]"
Add component (AddParameter): Name = "MP"; Value = "MIC94085YFT-TR"; VariantName = "[No Variations]"
Add component (AddParameter): Name = "Package"; Value = "UFDFN-4 Microchip"; VariantName = "[No Variations]"
Add component (AddParameter): Name = "SnapEDA_Link"; Value = "https://www.snapeda.com/parts/MIC94085YFT-TR/Microchip+Technology/view-part/?ref=snap"; VariantName = "[No Variations]"
Add component (AddParameter): Name = "Value"; Value = ""; VariantName = "[No Variations]"
Added Component: Designator=U11(SOIC127P790X216-8N)
Add component (AddParameter): Name = "Arrow Part Number"; Value = ""; VariantName = "[No Variations]"
Add component (AddParameter): Name = "Arrow Price/Stock"; Value = ""; VariantName = "[No Variations]"
Add component (AddParameter): Name = "Datasheet Link"; Value = "https://www.mouser.ph/ProductDetail/Avalanche-Technology/AS3004204-0108X0PSAY?qs=eP2BKZSCXI7G0ggegRejGg%3D%3D"; VariantName = "[No Variations]"
Add component (AddParameter): Name = "Geometry.Height"; Value = "2.16mm"; VariantName = "[No Variations]"
Add component (AddParameter): Name = "Manufacturer_Name"; Value = "Avalanche Technology"; VariantName = "[No Variations]"
Add component (AddParameter): Name = "Manufacturer_Part_Number"; Value = "AS3004204-0108X0PSAY"; VariantName = "[No Variations]"
Add component (AddParameter): Name = "Mouser Part Number"; Value = "793-30042040108X0PSY"; VariantName = "[No Variations]"
Add component (AddParameter): Name = "Mouser Price/Stock"; Value = "https://www.mouser.co.uk/ProductDetail/Avalanche-Technology/AS3004204-0108X0PSAY/?qs=eP2BKZSCXI7G0ggegRejGg%3D%3D"; VariantName = "[No Variations]"
Added Component: Designator=U12(SOT95P280X145-6N)
Add component (AddParameter): Name = "Availability"; Value = "In Stock"; VariantName = "[No Variations]"
Add component (AddParameter): Name = "Check_prices"; Value = "https://www.snapeda.com/parts/USBLC6-2SC6/STMicroelectronics/view-part/?ref=eda"; VariantName = "[No Variations]"
Add component (AddParameter): Name = "MF"; Value = "STMicroelectronics"; VariantName = "[No Variations]"
Add component (AddParameter): Name = "MP"; Value = "USBLC6-2SC6"; VariantName = "[No Variations]"
Add component (AddParameter): Name = "Package"; Value = "SOT-23-6 STMicroelectronics"; VariantName = "[No Variations]"
Add component (AddParameter): Name = "Price"; Value = "None"; VariantName = "[No Variations]"
Add component (AddParameter): Name = "Purchase-URL"; Value = "https://pricing.snapeda.com/search/part/USBLC6-2SC6/?ref=eda"; VariantName = "[No Variations]"
Add component (AddParameter): Name = "SnapEDA_Link"; Value = "https://www.snapeda.com/parts/USBLC6-2SC6/STMicroelectronics/view-part/?ref=snap"; VariantName = "[No Variations]"
Add component (AddParameter): Name = "Value"; Value = ""; VariantName = "[No Variations]"
Added Component: Designator=U13(SOT-23-3)
Add component (AddParameter): Name = "BOM Notes"; Value = ""; VariantName = "[No Variations]"
Add component (AddParameter): Name = "Category"; Value = "MCHP-Analog"; VariantName = "[No Variations]"
Add component (AddParameter): Name = "ComponentLink1Description"; Value = "SVN Datasheet"; VariantName = "[No Variations]"
Add component (AddParameter): Name = "ComponentLink1URL"; Value = "https://www.microchip.com/sitesearch/search/Product%20and%20Development%20Tools/MCP1700T-3302E/TT"; VariantName = "[No Variations]"
Add component (AddParameter): Name = "ComponentLink2Description"; Value = "Local Datasheet"; VariantName = "[No Variations]"
Add component (AddParameter): Name = "ComponentLink3Description"; Value = "Open Symbol"; VariantName = "[No Variations]"
Add component (AddParameter): Name = "ComponentLink3URL"; Value = "C:\ALTIUM_WORK\00001_MCHP-CDB\Library\LibraryRefs\MCP170X SOT-23-3_SOT-23A-3.SchLib"; VariantName = "[No Variations]"
Add component (AddParameter): Name = "ComponentLink4Description"; Value = "Open Footprint"; VariantName = "[No Variations]"
Add component (AddParameter): Name = "ComponentLink4URL"; Value = "C:\ALTIUM_WORK\00001_MCHP-CDB\Library\Footprints\SOT-23-3.PcbLib"; VariantName = "[No Variations]"
Add component (AddParameter): Name = "ComponentLink5Description"; Value = "Open Footprint 2"; VariantName = "[No Variations]"
Add component (AddParameter): Name = "ComponentLink6Description"; Value = "Open Footprint 3"; VariantName = "[No Variations]"
Add component (AddParameter): Name = "ComponentLink7Description"; Value = "Open Footprint 4"; VariantName = "[No Variations]"
Add component (AddParameter): Name = "Description_"; Value = "MCHP ANALOG LDO 3.3V MCP1700T-3302E/TT SOT-23-3"; VariantName = "[No Variations]"
Add component (AddParameter): Name = "Dev Tools Status"; Value = "Production"; VariantName = "[No Variations]"
Add component (AddParameter): Name = "Manufacturer 1"; Value = "Microchip Technology"; VariantName = "[No Variations]"
Add component (AddParameter): Name = "Manufacturer Part Number 1"; Value = "MCP1700T-3302E/TT"; VariantName = "[No Variations]"
Add component (AddParameter): Name = "MCHP-ID"; Value = "MIC0598"; VariantName = "[No Variations]"
Add component (AddParameter): Name = "Operating Temperature"; Value = "-40C to +125C"; VariantName = "[No Variations]"
Add component (AddParameter): Name = "Populated"; Value = "Yes"; VariantName = "[No Variations]"
Add component (AddParameter): Name = "Quantity Override"; Value = "1"; VariantName = "[No Variations]"
Add component (AddParameter): Name = "Revision"; Value = "1"; VariantName = "[No Variations]"
Add component (AddParameter): Name = "Status"; Value = "MCL Design"; VariantName = "[No Variations]"
Add component (AddParameter): Name = "Supplier 1"; Value = "Microchip Technology"; VariantName = "[No Variations]"
Add component (AddParameter): Name = "Supplier Part Number 1"; Value = "MCP1700T-3302E/TT"; VariantName = "[No Variations]"
Add component (AddParameter): Name = "Symbol"; Value = "MCP170X SOT-23-3_SOT-23A-3"; VariantName = "[No Variations]"
Add component (AddParameter): Name = "Type"; Value = "LDO"; VariantName = "[No Variations]"
Add component (AddParameter): Name = "Value"; Value = "MCP1700/3.3V"; VariantName = "[No Variations]"
Added Component: Designator=U14(SOT-23_MC_MCH)
Add component (AddParameter): Name = "Copyright"; Value = "Copyright (C) 2025 Ultra Librarian. All rights reserved."; VariantName = "[No Variations]"
Add component (AddParameter): Name = "Manufacturer_Name"; Value = "Microchip"; VariantName = "[No Variations]"
Add component (AddParameter): Name = "Manufacturer_Part_Number"; Value = "TC1047AVNBTR"; VariantName = "[No Variations]"
Add component (AddParameter): Name = "RefDes"; Value = "RefDes"; VariantName = "[No Variations]"
Add component (AddParameter): Name = "Type"; Value = "Type"; VariantName = "[No Variations]"
Added Component: Designator=U15(SOT-23_MC_MCH)
Add component (AddParameter): Name = "Copyright"; Value = "Copyright (C) 2025 Ultra Librarian. All rights reserved."; VariantName = "[No Variations]"
Add component (AddParameter): Name = "Manufacturer_Name"; Value = "Microchip"; VariantName = "[No Variations]"
Add component (AddParameter): Name = "Manufacturer_Part_Number"; Value = "TC1047AVNBTR"; VariantName = "[No Variations]"
Add component (AddParameter): Name = "RefDes"; Value = "RefDes"; VariantName = "[No Variations]"
Add component (AddParameter): Name = "Type"; Value = "Type"; VariantName = "[No Variations]"
Added Component: Designator=U16(SOT-23_MC_MCH)
Add component (AddParameter): Name = "Copyright"; Value = "Copyright (C) 2025 Ultra Librarian. All rights reserved."; VariantName = "[No Variations]"
Add component (AddParameter): Name = "Manufacturer_Name"; Value = "Microchip"; VariantName = "[No Variations]"
Add component (AddParameter): Name = "Manufacturer_Part_Number"; Value = "TC1047AVNBTR"; VariantName = "[No Variations]"
Add component (AddParameter): Name = "RefDes"; Value = "RefDes"; VariantName = "[No Variations]"
Add component (AddParameter): Name = "Type"; Value = "Type"; VariantName = "[No Variations]"
Added Component: Designator=U17(IC_RV-3129-C3-32.768KHZ-OPTION-A-TB-QA)
Add component (AddParameter): Name = "Availability"; Value = "Unavailable"; VariantName = "[No Variations]"
Add component (AddParameter): Name = "MF"; Value = ""; VariantName = "[No Variations]"
Add component (AddParameter): Name = "MP"; Value = "RV-3129-C3-32.768KHZ-OPTION-A-TB-QA"; VariantName = "[No Variations]"
Add component (AddParameter): Name = "Package"; Value = "None"; VariantName = "[No Variations]"
Add component (AddParameter): Name = "Price"; Value = "None"; VariantName = "[No Variations]"
Add component (AddParameter): Name = "Value"; Value = ""; VariantName = "[No Variations]"
Added Component: Designator=U18(TPL5010DDCR)
Added Component: Designator=U19(DS90LV011AQ-Q1)
Added Component: Designator=U20(DS90LV011AQ-Q1)
Added Component: Designator=U21(SOIC127P599X175-8N)
Add component (AddParameter): Name = "Check_prices"; Value = "https://www.snapeda.com/parts/SN65HVD230DR/Texas+Instruments/view-part/?ref=eda"; VariantName = "[No Variations]"
Add component (AddParameter): Name = "MF"; Value = "Texas Instruments"; VariantName = "[No Variations]"
Add component (AddParameter): Name = "MP"; Value = "SN65HVD230DR"; VariantName = "[No Variations]"
Add component (AddParameter): Name = "Package"; Value = "SOIC-8 Texas Instruments"; VariantName = "[No Variations]"
Add component (AddParameter): Name = "SnapEDA_Link"; Value = "https://www.snapeda.com/parts/SN65HVD230DR/Texas+Instruments/view-part/?ref=snap"; VariantName = "[No Variations]"
Add component (AddParameter): Name = "Value"; Value = ""; VariantName = "[No Variations]"
Added Component: Designator=U22(21-0041-3-M_90-0096-8L_MXM)
Add component (AddParameter): Name = "Copyright"; Value = "Copyright (C) 2025 Ultra Librarian. All rights reserved."; VariantName = "[No Variations]"
Add component (AddParameter): Name = "Manufacturer_Name"; Value = "Analog Devices Inc"; VariantName = "[No Variations]"
Add component (AddParameter): Name = "Manufacturer_Part_Number"; Value = "MAX485CSA+T"; VariantName = "[No Variations]"
Add component (AddParameter): Name = "RefDes"; Value = "RefDes"; VariantName = "[No Variations]"
Add component (AddParameter): Name = "Type"; Value = "Type"; VariantName = "[No Variations]"
Added Component: Designator=U23(21-0041-3-M_90-0096-8L_MXM)
Add component (AddParameter): Name = "Copyright"; Value = "Copyright (C) 2025 Ultra Librarian. All rights reserved."; VariantName = "[No Variations]"
Add component (AddParameter): Name = "Digi-Key_Part_Number_1"; Value = "MAX488ESA+CT-ND"; VariantName = "[No Variations]"
Add component (AddParameter): Name = "Digi-Key_Part_Number_2"; Value = "MAX488ESA+DKR-ND"; VariantName = "[No Variations]"
Add component (AddParameter): Name = "Digi-Key_Part_Number_3"; Value = "MAX488ESA+T-ND"; VariantName = "[No Variations]"
Add component (AddParameter): Name = "Digi-Key_Part_Number_4"; Value = "MAX488ESA+TR-ND"; VariantName = "[No Variations]"
Add component (AddParameter): Name = "Manufacturer_Name"; Value = "Analog Devices Inc"; VariantName = "[No Variations]"
Add component (AddParameter): Name = "Manufacturer_Part_Number"; Value = "MAX488ESA+T"; VariantName = "[No Variations]"
Add component (AddParameter): Name = "RefDes"; Value = "RefDes"; VariantName = "[No Variations]"
Add component (AddParameter): Name = "Type"; Value = "Type"; VariantName = "[No Variations]"
Added Component: Designator=VR1(VREG_LM1117MP-3.3/NOPB)
Add component (AddParameter): Name = "Check_prices"; Value = "https://www.snapeda.com/parts/LM1117MP-3.3/NOPB/Texas+Instruments/view-part/?ref=eda"; VariantName = "[No Variations]"
Add component (AddParameter): Name = "MF"; Value = "Texas Instruments"; VariantName = "[No Variations]"
Add component (AddParameter): Name = "MP"; Value = "LM1117MP-3.3/NOPB"; VariantName = "[No Variations]"
Add component (AddParameter): Name = "Package"; Value = "SOT-223-4 Texas Instruments"; VariantName = "[No Variations]"
Add component (AddParameter): Name = "SnapEDA_Link"; Value = "https://www.snapeda.com/parts/LM1117MP-3.3/NOPB/Texas+Instruments/view-part/?ref=snap"; VariantName = "[No Variations]"
Add component (AddParameter): Name = "Value"; Value = ""; VariantName = "[No Variations]"
Added Component: Designator=Y1(XTAL_ECS2401037B2JTNTR)
Add component (AddParameter): Name = "BOM Notes"; Value = ""; VariantName = "[No Variations]"
Add component (AddParameter): Name = "Category"; Value = "Crystal/Oscillator"; VariantName = "[No Variations]"
Add component (AddParameter): Name = "ComponentLink1Description"; Value = "SVN Datasheet"; VariantName = "[No Variations]"
Add component (AddParameter): Name = "ComponentLink1URL"; Value = "https://chn-vm-apps.microchip.com/mchprepo/parts/Datasheets/ECX-1637B2.pdf"; VariantName = "[No Variations]"
Add component (AddParameter): Name = "ComponentLink2Description"; Value = "Local Datasheet"; VariantName = "[No Variations]"
Add component (AddParameter): Name = "ComponentLink2URL"; Value = "C:\ALTIUM_WORK\00001_MCHP-CDB\Datasheets\ECX-1637B2.pdf"; VariantName = "[No Variations]"
Add component (AddParameter): Name = "ComponentLink3Description"; Value = "Open Symbol"; VariantName = "[No Variations]"
Add component (AddParameter): Name = "ComponentLink3URL"; Value = "C:\ALTIUM_WORK\00001_MCHP-CDB\Library\LibraryRefs\Crystal 4 Pins.SchLib"; VariantName = "[No Variations]"
Add component (AddParameter): Name = "ComponentLink4Description"; Value = "Open Footprint"; VariantName = "[No Variations]"
Add component (AddParameter): Name = "ComponentLink4URL"; Value = "C:\ALTIUM_WORK\00001_MCHP-CDB\Library\Footprints\CRYSTAL_L2.0W1.6H0.5_FA-128.PcbLib"; VariantName = "[No Variations]"
Add component (AddParameter): Name = "ComponentLink5Description"; Value = "Open Footprint 2"; VariantName = "[No Variations]"
Add component (AddParameter): Name = "ComponentLink6Description"; Value = "Open Footprint 3"; VariantName = "[No Variations]"
Add component (AddParameter): Name = "ComponentLink7Description"; Value = "Open Footprint 4"; VariantName = "[No Variations]"
Add component (AddParameter): Name = "Description_"; Value = "CRYSTAL 24MHz 10pF SMD L2W1.6H0.5"; VariantName = "[No Variations]"
Add component (AddParameter): Name = "Dev Tools Status"; Value = "Design"; VariantName = "[No Variations]"
Add component (AddParameter): Name = "Load Capacitance"; Value = "10pF"; VariantName = "[No Variations]"
Add component (AddParameter): Name = "Manufacturer 1"; Value = "ECS Inc"; VariantName = "[No Variations]"
Add component (AddParameter): Name = "Manufacturer Part Number 1"; Value = "ECS-240-10-37B2-JTN-TR"; VariantName = "[No Variations]"
Add component (AddParameter): Name = "MCHP-ID"; Value = "OSC1299"; VariantName = "[No Variations]"
Add component (AddParameter): Name = "Operating Temperature"; Value = "-40C to +85C"; VariantName = "[No Variations]"
Add component (AddParameter): Name = "Owner"; Value = "Ciprian Abramov"; VariantName = "[No Variations]"
Add component (AddParameter): Name = "Package"; Value = "L2.0W1.6H0.5"; VariantName = "[No Variations]"
Add component (AddParameter): Name = "Populated"; Value = "YES"; VariantName = "[No Variations]"
Add component (AddParameter): Name = "Quantity Override"; Value = "1"; VariantName = "[No Variations]"
Add component (AddParameter): Name = "Revision"; Value = "1"; VariantName = "[No Variations]"
Add component (AddParameter): Name = "Status"; Value = "MCL Design"; VariantName = "[No Variations]"
Add component (AddParameter): Name = "Supplier 1"; Value = "Digi-Key"; VariantName = "[No Variations]"
Add component (AddParameter): Name = "Supplier Part Number 1"; Value = "50-ECS-240-10-37B2-JTN-TR-ND"; VariantName = "[No Variations]"
Add component (AddParameter): Name = "Symbol"; Value = "Crystal 4 Pins"; VariantName = "[No Variations]"
Add component (AddParameter): Name = "Tolerance"; Value = "20ppm"; VariantName = "[No Variations]"
Add component (AddParameter): Name = "Type"; Value = "Crystal"; VariantName = "[No Variations]"
Add component (AddParameter): Name = "Value"; Value = "24MHz"; VariantName = "[No Variations]"
Added Component: Designator=Y2(CRYSTAL_FC-12M_L2.05W1.2H0.6)
Add component (AddParameter): Name = "BOM Notes"; Value = ""; VariantName = "[No Variations]"
Add component (AddParameter): Name = "Category"; Value = "Crystal/Oscillator"; VariantName = "[No Variations]"
Add component (AddParameter): Name = "ComponentLink1Description"; Value = "SVN Datasheet"; VariantName = "[No Variations]"
Add component (AddParameter): Name = "ComponentLink1URL"; Value = "https://chn-vm-apps.microchip.com/mchprepo/parts/Datasheets/FC-12D_en.pdf"; VariantName = "[No Variations]"
Add component (AddParameter): Name = "ComponentLink2Description"; Value = "Local Datasheet"; VariantName = "[No Variations]"
Add component (AddParameter): Name = "ComponentLink2URL"; Value = "C:\ALTIUM_WORK\00001_MCHP-CDB\Datasheets\FC-12D_en.pdf"; VariantName = "[No Variations]"
Add component (AddParameter): Name = "ComponentLink3Description"; Value = "Open Symbol"; VariantName = "[No Variations]"
Add component (AddParameter): Name = "ComponentLink3URL"; Value = "C:\ALTIUM_WORK\00001_MCHP-CDB\Library\LibraryRefs\Crystal 2 Pins.SchLib"; VariantName = "[No Variations]"
Add component (AddParameter): Name = "ComponentLink4Description"; Value = "Open Footprint"; VariantName = "[No Variations]"
Add component (AddParameter): Name = "ComponentLink4URL"; Value = "C:\ALTIUM_WORK\00001_MCHP-CDB\Library\Footprints\CRYSTAL_FC-12M_L2.05W1.2H0.6.PcbLib"; VariantName = "[No Variations]"
Add component (AddParameter): Name = "ComponentLink5Description"; Value = "Open Footprint 2"; VariantName = "[No Variations]"
Add component (AddParameter): Name = "ComponentLink6Description"; Value = "Open Footprint 3"; VariantName = "[No Variations]"
Add component (AddParameter): Name = "ComponentLink7Description"; Value = "Open Footprint 4"; VariantName = "[No Variations]"
Add component (AddParameter): Name = "Description_"; Value = "CRYSTAL 32.768KHZ 12.5PF SMD 2-SMD, No Lead, FC-12M 32.7680KA-A3"; VariantName = "[No Variations]"
Add component (AddParameter): Name = "Dev Tools Status"; Value = "Design"; VariantName = "[No Variations]"
Add component (AddParameter): Name = "Load Capacitance"; Value = "12.5pF"; VariantName = "[No Variations]"
Add component (AddParameter): Name = "Manufacturer 1"; Value = "Epson"; VariantName = "[No Variations]"
Add component (AddParameter): Name = "Manufacturer Part Number 1"; Value = "FC-12M 32.7680KA-A3"; VariantName = "[No Variations]"
Add component (AddParameter): Name = "MCHP-ID"; Value = "OSC1269"; VariantName = "[No Variations]"
Add component (AddParameter): Name = "Operating Temperature"; Value = "-40°C ~ 85°C"; VariantName = "[No Variations]"
Add component (AddParameter): Name = "Owner"; Value = "Dragos Danaila"; VariantName = "[No Variations]"
Add component (AddParameter): Name = "Package"; Value = "2-SMD, No Lead"; VariantName = "[No Variations]"
Add component (AddParameter): Name = "Populated"; Value = "YES"; VariantName = "[No Variations]"
Add component (AddParameter): Name = "Quantity Override"; Value = "1"; VariantName = "[No Variations]"
Add component (AddParameter): Name = "Revision"; Value = "1"; VariantName = "[No Variations]"
Add component (AddParameter): Name = "Status"; Value = "MCL Design"; VariantName = "[No Variations]"
Add component (AddParameter): Name = "Supplier 1"; Value = "Digikey"; VariantName = "[No Variations]"
Add component (AddParameter): Name = "Supplier Part Number 1"; Value = "SER3672CT-ND"; VariantName = "[No Variations]"
Add component (AddParameter): Name = "Symbol"; Value = "Crystal 2 Pins"; VariantName = "[No Variations]"
Add component (AddParameter): Name = "Tolerance"; Value = "20ppm"; VariantName = "[No Variations]"
Add component (AddParameter): Name = "Type"; Value = "Crystal"; VariantName = "[No Variations]"
Add component (AddParameter): Name = "Value"; Value = "32.768 kHz"; VariantName = "[No Variations]"
Added Pin To Net: NetName=3V3_eMMC Pin=U8-E4
Added Pin To Net: NetName=3V3_eMMC Pin=U8-F2
Added Pin To Net: NetName=3V3_eMMC Pin=U8-F3
Added Pin To Net: NetName=3V3_eMMC Pin=U8-F4
Added Pin To Net: NetName=3V3_eMMC Pin=U8-F5
Added Pin To Net: NetName=3V3_eMMC Pin=U8-F6
Added Pin To Net: NetName=3V3_eMMC Pin=U8-F7
Added Pin To Net: NetName=3V3_eMMC Pin=U8-F8
Added Pin To Net: NetName=3V3_eMMC Pin=U8-F9
Added Pin To Net: NetName=GND Pin=U8-G2
Added Pin To Net: NetName=GND Pin=U8-G3
Added Pin To Net: NetName=GND Pin=U8-G4
Added Pin To Net: NetName=GND Pin=U8-G5
Added Pin To Net: NetName=GND Pin=U8-G6
Added Pin To Net: NetName=GND Pin=U8-G7
Added Pin To Net: NetName=GND Pin=U8-G8
Added Pin To Net: NetName=GND Pin=U8-G9
Added Pin To Net: NetName=GND Pin=U8-H2
Added Pin To Net: NetName=3V3_eMMC Pin=U8-H3
Added Pin To Net: NetName=3V3_eMMC Pin=U8-H8
Added Pin To Net: NetName=GND Pin=U8-H9
Added Pin To Net: NetName=GND Pin=U8-J5
Added Pin To Net: NetName=NetR72_2 Pin=U8-K2
Added Pin To Net: NetName=NetR74_2 Pin=U8-K3
Added Pin To Net: NetName=NetU6_P12 Pin=U8-K5
Added Pin To Net: NetName=NetR77_2 Pin=U8-K8
Added Pin To Net: NetName=NetR79_2 Pin=U8-K9
Added Pin To Net: NetName=3V3_eMMC Pin=U8-L2
Added Pin To Net: NetName=GND Pin=U8-L3
Added Pin To Net: NetName=3V3_eMMC Pin=U8-L4
Added Pin To Net: NetName=3V3_eMMC Pin=U8-L7
Added Pin To Net: NetName=GND Pin=U8-L8
Added Pin To Net: NetName=3V3_eMMC Pin=U8-L9
Added Pin To Net: NetName=GND Pin=U8-M4
Added Pin To Net: NetName=NetR80_2 Pin=U8-M5
Added Pin To Net: NetName=GND Pin=U8-M7
Added Pin To Net: NetName=NetR73_2 Pin=U8-N2
Added Pin To Net: NetName=NetR75_2 Pin=U8-N3
Added Pin To Net: NetName=NetR76_2 Pin=U8-N8
Added Pin To Net: NetName=NetR78_2 Pin=U8-N9
Added Pin To Net: NetName=GND Pin=U8-P2
Added Pin To Net: NetName=3V3_eMMC Pin=U8-P3
Added Pin To Net: NetName=NetR71_2 Pin=U8-P5
Added Pin To Net: NetName=NetR70_2 Pin=U8-P6
Added Pin To Net: NetName=3V3_eMMC Pin=U8-P8
Added Pin To Net: NetName=GND Pin=U8-P9
Added Pin To Net: NetName=3V3_eMMC Pin=U9-E4
Added Pin To Net: NetName=3V3_eMMC Pin=U9-F2
Added Pin To Net: NetName=3V3_eMMC Pin=U9-F3
Added Pin To Net: NetName=3V3_eMMC Pin=U9-F4
Added Pin To Net: NetName=3V3_eMMC Pin=U9-F5
Added Pin To Net: NetName=3V3_eMMC Pin=U9-F6
Added Pin To Net: NetName=3V3_eMMC Pin=U9-F7
Added Pin To Net: NetName=3V3_eMMC Pin=U9-F8
Added Pin To Net: NetName=3V3_eMMC Pin=U9-F9
Added Pin To Net: NetName=GND Pin=U9-G2
Added Pin To Net: NetName=GND Pin=U9-G3
Added Pin To Net: NetName=GND Pin=U9-G4
Added Pin To Net: NetName=GND Pin=U9-G5
Added Pin To Net: NetName=GND Pin=U9-G6
Added Pin To Net: NetName=GND Pin=U9-G7
Added Pin To Net: NetName=GND Pin=U9-G8
Added Pin To Net: NetName=GND Pin=U9-G9
Added Pin To Net: NetName=GND Pin=U9-H2
Added Pin To Net: NetName=3V3_eMMC Pin=U9-H3
Added Pin To Net: NetName=3V3_eMMC Pin=U9-H8
Added Pin To Net: NetName=GND Pin=U9-H9
Added Pin To Net: NetName=GND Pin=U9-J5
Added Pin To Net: NetName=NetR89_2 Pin=U9-K2
Added Pin To Net: NetName=NetR91_2 Pin=U9-K3
Added Pin To Net: NetName=3V3_eMMC Pin=U9-L2
Added Pin To Net: NetName=GND Pin=U9-L3
Added Pin To Net: NetName=3V3_eMMC Pin=U9-L4
Added Pin To Net: NetName=3V3_eMMC Pin=U9-L7
Added Pin To Net: NetName=GND Pin=U9-L8
Added Pin To Net: NetName=3V3_eMMC Pin=U9-L9
Added Pin To Net: NetName=GND Pin=U9-M4
Added Pin To Net: NetName=NetR93_2 Pin=U9-M5
Added Pin To Net: NetName=GND Pin=U9-M7
Added Pin To Net: NetName=NetR90_2 Pin=U9-N2
Added Pin To Net: NetName=NetR92_2 Pin=U9-N3
Added Pin To Net: NetName=GND Pin=U9-P2
Added Pin To Net: NetName=3V3_eMMC Pin=U9-P3
Added Pin To Net: NetName=NetR88_2 Pin=U9-P5
Added Pin To Net: NetName=NetR87_2 Pin=U9-P6
Added Pin To Net: NetName=3V3_eMMC Pin=U9-P8
Added Pin To Net: NetName=GND Pin=U9-P9
Added Member To Class: ClassName=Power Member=Component BT1 1056
Added Member To Class: ClassName=BUTTON_LED Member=Component BT2 BT_
Added Member To Class: ClassName=BUTTON_LED Member=Component BT3 BT_
Added Member To Class: ClassName=BUTTON_LED Member=Component BT4 BT_
Added Member To Class: ClassName=BUTTON_LED Member=Component BT5 BT_
Added Member To Class: ClassName=PowerConnector Member=Component C1 10uF/25V
Added Member To Class: ClassName=Power Member=Component C2 10uF/25V
Added Member To Class: ClassName=Power Member=Component C3 10uF/25V
Added Member To Class: ClassName=Power Member=Component C4 2.2nF/25V
Added Member To Class: ClassName=Power Member=Component C5 2.2nF/25V
Added Member To Class: ClassName=Power Member=Component C6 0.1uF/16V
Added Member To Class: ClassName=Power Member=Component C7 10uF/25V
Added Member To Class: ClassName=Power Member=Component C8 1uF/25V
Added Member To Class: ClassName=Power Member=Component C9 10uF/25V
Added Member To Class: ClassName=Power Member=Component C10 10uF/25V
Added Member To Class: ClassName=Power Member=Component C11 10uF/25V
Added Member To Class: ClassName=Power Member=Component C12 10uF/25V
Added Member To Class: ClassName=Power Member=Component C13 10uF/25V
Added Member To Class: ClassName=Power Member=Component C14 10uF/25V
Added Member To Class: ClassName=PMIC Member=Component C15 4.7uF/10V
Added Member To Class: ClassName=PMIC Member=Component C18 22uF/10V
Added Member To Class: ClassName=PMIC Member=Component C19 4.7uF/10V
Added Member To Class: ClassName=PMIC Member=Component C20 22uF/10V
Added Member To Class: ClassName=PMIC Member=Component C21 4.7uF/10V
Added Member To Class: ClassName=PMIC Member=Component C22 22uF/10V
Added Member To Class: ClassName=PMIC Member=Component C23 0.1uF/16V
Added Member To Class: ClassName=PMIC Member=Component C24 4.7uF/10V
Added Member To Class: ClassName=PMIC Member=Component C25 0.1uF/16V
Added Member To Class: ClassName=PMIC Member=Component C26 4.7uF/10V
Added Member To Class: ClassName=PMIC Member=Component C27 4.7uF/10V
Added Member To Class: ClassName=PMIC Member=Component C28 22uF/10V
Added Member To Class: ClassName=PMIC Member=Component C29 4.7uF/10V
Added Member To Class: ClassName=PMIC Member=Component C30 4.7uF/10V
Added Member To Class: ClassName=PMIC Member=Component C31 4.7uF/10V
Added Member To Class: ClassName=PMIC Member=Component C32 4.7uF/10V
Added Member To Class: ClassName=SAMA7D65_MPU Member=Component C33 4.7uF/10V
Added Member To Class: ClassName=SAMA7D65_MPU Member=Component C34 0.1uF/16V
Added Member To Class: ClassName=SAMA7D65_MPU Member=Component C35 0.1uF/16V
Added Member To Class: ClassName=SAMA7D65_MPU Member=Component C36 0.1uF/16V
Added Member To Class: ClassName=SAMA7D65_MPU Member=Component C37 0.1uF/16V
Added Member To Class: ClassName=SAMA7D65_MPU Member=Component C38 0.1uF/16V
Added Member To Class: ClassName=SAMA7D65_MPU Member=Component C39 4.7uF/10V
Added Member To Class: ClassName=SAMA7D65_MPU Member=Component C40 0.1uF/16V
Added Member To Class: ClassName=SAMA7D65_MPU Member=Component C41 0.1uF/16V
Added Member To Class: ClassName=SAMA7D65_MPU Member=Component C42 0.1uF/16V
Added Member To Class: ClassName=SAMA7D65_MPU Member=Component C43 0.1uF/16V
Added Member To Class: ClassName=SAMA7D65_MPU Member=Component C44 0.1uF/16V
Added Member To Class: ClassName=SAMA7D65_MPU Member=Component C45 0.1uF/16V
Added Member To Class: ClassName=SAMA7D65_MPU Member=Component C46 0.1uF/16V
Added Member To Class: ClassName=SAMA7D65_MPU Member=Component C47 0.1uF/16V
Added Member To Class: ClassName=SAMA7D65_MPU Member=Component C48 0.1uF/16V
Added Member To Class: ClassName=SAMA7D65_MPU Member=Component C49 0.1uF/16V
Added Member To Class: ClassName=SAMA7D65_MPU Member=Component C50 0.1uF/16V
Added Member To Class: ClassName=SAMA7D65_MPU Member=Component C51 0.1uF/16V
Added Member To Class: ClassName=SAMA7D65_MPU Member=Component C52 0.1uF/16V
Added Member To Class: ClassName=SAMA7D65_MPU Member=Component C53 0.1uF/16V
Added Member To Class: ClassName=SAMA7D65_MPU Member=Component C54 4.7uF/10V
Added Member To Class: ClassName=SAMA7D65_MPU Member=Component C55 0.1uF/16V
Added Member To Class: ClassName=SAMA7D65_MPU Member=Component C56 0.1uF/16V
Added Member To Class: ClassName=SAMA7D65_MPU Member=Component C57 0.1uF/16V
Added Member To Class: ClassName=SAMA7D65_MPU Member=Component C58 0.1uF/16V
Added Member To Class: ClassName=SAMA7D65_MPU Member=Component C59 0.1uF/16V
Added Member To Class: ClassName=SAMA7D65_MPU Member=Component C60 0.1uF/16V
Added Member To Class: ClassName=SAMA7D65_MPU Member=Component C61 0.1uF/16V
Added Member To Class: ClassName=SAMA7D65_MPU Member=Component C62 0.1uF/16V
Added Member To Class: ClassName=SAMA7D65_MPU Member=Component C63 0.1uF/16V
Added Member To Class: ClassName=SAMA7D65_MPU Member=Component C64 4.7uF/10V
Added Member To Class: ClassName=SAMA7D65_MPU Member=Component C65 0.1uF/16V
Added Member To Class: ClassName=SAMA7D65_MPU Member=Component C66 2.2uF/10V
Added Member To Class: ClassName=SAMA7D65_MPU Member=Component C67 0.1uF/16V
Added Member To Class: ClassName=SAMA7D65_MPU Member=Component C68 0.1uF/16V
Added Member To Class: ClassName=SAMA7D65_MPU Member=Component C69 0.1uF/16V
Added Member To Class: ClassName=SAMA7D65_MPU Member=Component C70 0.1uF/16V
Added Member To Class: ClassName=SAMA7D65_MPU Member=Component C71 0.1uF/16V
Added Member To Class: ClassName=SAMA7D65_MPU Member=Component C72 0.1uF/16V
Added Member To Class: ClassName=SAMA7D65_MPU Member=Component C73 0.1uF/16V
Added Member To Class: ClassName=SAMA7D65_MPU Member=Component C74 18pF/50V
Added Member To Class: ClassName=SAMA7D65_MPU Member=Component C75 18pF/50V
Added Member To Class: ClassName=SAMA7D65_MPU Member=Component C76 20pF/50V
Added Member To Class: ClassName=SAMA7D65_MPU Member=Component C77 20pF/50V
Added Member To Class: ClassName=SAMA7D65_DDR3L Member=Component C78 4.7uF/10V
Added Member To Class: ClassName=SAMA7D65_DDR3L Member=Component C79 0.1uF/16V
Added Member To Class: ClassName=SAMA7D65_DDR3L Member=Component C80 0.1uF/16V
Added Member To Class: ClassName=SAMA7D65_DDR3L Member=Component C81 0.1uF/16V
Added Member To Class: ClassName=SAMA7D65_DDR3L Member=Component C82 0.1uF/16V
Added Member To Class: ClassName=SAMA7D65_DDR3L Member=Component C83 0.1uF/16V
Added Member To Class: ClassName=SAMA7D65_DDR3L Member=Component C84 0.1uF/16V
Added Member To Class: ClassName=SAMA7D65_DDR3L Member=Component C85 0.1uF/16V
Added Member To Class: ClassName=SAMA7D65_DDR3L Member=Component C86 0.1uF/16V
Added Member To Class: ClassName=SAMA7D65_DDR3L Member=Component C87 0.1uF/16V
Added Member To Class: ClassName=SAMA7D65_DDR3L Member=Component C88 0.1uF/16V
Added Member To Class: ClassName=SAMA7D65_DDR3L Member=Component C89 0.1uF/16V
Added Member To Class: ClassName=SAMA7D65_DDR3L Member=Component C90 0.1uF/16V
Added Member To Class: ClassName=SAMA7D65_DDR3L Member=Component C91 0.1uF/16V
Added Member To Class: ClassName=SAMA7D65_DDR3L Member=Component C92 0.1uF/16V
Added Member To Class: ClassName=SAMA7D65_DDR3L Member=Component C93 0.1uF/16V
Added Member To Class: ClassName=SAMA7D65_DDR3L Member=Component C94 0.1uF/16V
Added Member To Class: ClassName=SAMA7D65_DDR3L Member=Component C95 0.1uF/16V
Added Member To Class: ClassName=SAMA7D65_DDR3L Member=Component C96 0.1uF/16V
Added Member To Class: ClassName=SAMA7D65_DDR3L Member=Component C97 0.1uF/16V
Added Member To Class: ClassName=SAMA7D65_DDR3L Member=Component C98 4.7uF/10V
Added Member To Class: ClassName=SAMA7D65_DDR3L Member=Component C99 4.7uF/10V
Added Member To Class: ClassName=SAMA7D65_DDR3L Member=Component C100 0.1uF/16V
Added Member To Class: ClassName=SAMA7D65_DDR3L Member=Component C101 0.1uF/16V
Added Member To Class: ClassName=SAMA7D65_DDR3L Member=Component C102 0.1uF/16V
Added Member To Class: ClassName=SAMA7D65_DDR3L Member=Component C103 0.1uF/16V
Added Member To Class: ClassName=SAMA7D65_DDR3L Member=Component C104 0.1uF/16V
Added Member To Class: ClassName=SAMA7D65_DDR3L Member=Component C105 0.1uF/16V
Added Member To Class: ClassName=SAMA7D65_DDR3L Member=Component C106 0.1uF/16V
Added Member To Class: ClassName=SAMA7D65_DDR3L Member=Component C107 0.1uF/16V
Added Member To Class: ClassName=SAMA7D65_DDR3L Member=Component C108 0.1uF/16V
Added Member To Class: ClassName=SAMA7D65_DDR3L Member=Component C109 0.1uF/16V
Added Member To Class: ClassName=SAMA7D65_DDR3L Member=Component C110 0.1uF/16V
Added Member To Class: ClassName=SAMA7D65_DDR3L Member=Component C111 0.1uF/16V
Added Member To Class: ClassName=SAMA7D65_DDR3L Member=Component C112 0.1uF/16V
Added Member To Class: ClassName=SAMA7D65_DDR3L Member=Component C113 0.1uF/16V
Added Member To Class: ClassName=SAMA7D65_DDR3L Member=Component C114 4.7uF/10V
Added Member To Class: ClassName=SAMA7D65_DDR3L Member=Component C115 0.1uF/16V
Added Member To Class: ClassName=SAMA7D65_DDR3L Member=Component C116 4.7uF/10V
Added Member To Class: ClassName=SAMA7D65_DDR3L Member=Component C117 0.1uF/16V
Added Member To Class: ClassName=SAMA7D65_DDR3L Member=Component C118 0.1uF/16V
Added Member To Class: ClassName=SAMA7D65_DDR3L Member=Component C119 0.1uF/16V
Added Member To Class: ClassName=eMMC Member=Component C120 0.1uF/16V
Added Member To Class: ClassName=eMMC Member=Component C121 0.1uF/16V
Added Member To Class: ClassName=eMMC Member=Component C122 0.1uF/16V
Added Member To Class: ClassName=eMMC Member=Component C123 0.1uF/16V
Added Member To Class: ClassName=eMMC Member=Component C124 0.1uF/16V
Added Member To Class: ClassName=eMMC Member=Component C125 0.1uF/16V
Added Member To Class: ClassName=eMMC Member=Component C126 0.1uF/16V
Added Member To Class: ClassName=eMMC Member=Component C127 0.1uF/16V
Added Member To Class: ClassName=eMMC Member=Component C128 2.2uF/10V
Added Member To Class: ClassName=eMMC Member=Component C129 0.1uF/16V
Added Member To Class: ClassName=eMMC Member=Component C130 0.1uF/16V
Added Member To Class: ClassName=eMMC Member=Component C131 0.1uF/16V
Added Member To Class: ClassName=eMMC Member=Component C132 0.1uF/16V
Added Member To Class: ClassName=eMMC Member=Component C133 0.1uF/16V
Added Member To Class: ClassName=eMMC Member=Component C134 0.1uF/16V
Added Member To Class: ClassName=eMMC Member=Component C135 0.1uF/16V
Added Member To Class: ClassName=eMMC Member=Component C136 0.1uF/16V
Added Member To Class: ClassName=eMMC Member=Component C137 0.1uF/16V
Added Member To Class: ClassName=eMMC Member=Component C138 2.2uF/10V
Added Member To Class: ClassName=eMMC Member=Component C139 0.1uF/16V
Added Member To Class: ClassName=SDCARD Member=Component C140 0.1uF/16V
Added Member To Class: ClassName=SDCARD Member=Component C141 0.1uF/16V
Added Member To Class: ClassName=SDCARD Member=Component C142 0.1uF/16V
Added Member To Class: ClassName=EEPROM Member=Component C143 0.1uF/16V
Added Member To Class: ClassName=EEPROM Member=Component C144 0.1uF/16V
Added Member To Class: ClassName=USB Member=Component C145 100nF
Added Member To Class: ClassName=DEBUG Member=Component C146 1uF/16V
Added Member To Class: ClassName=DEBUG Member=Component C147 1uF/16V
Added Member To Class: ClassName=TEMP Member=Component C148 1uF/16V
Added Member To Class: ClassName=TEMP Member=Component C149 1uF/16V
Added Member To Class: ClassName=TEMP Member=Component C150 1uF/16V
Added Member To Class: ClassName=TEMP Member=Component C151 1uF/16V
Added Member To Class: ClassName=TEMP Member=Component C152 1uF/16V
Added Member To Class: ClassName=TEMP Member=Component C153 1uF/16V
Added Member To Class: ClassName=RTC Member=Component C154 0.1uF/16V
Added Member To Class: ClassName=RTC Member=Component C155 0.1uF/16V
Added Member To Class: ClassName=WATCHDOG Member=Component C156 1uF/16V
Added Member To Class: ClassName=LVDS Member=Component C157 10uF/25V
Added Member To Class: ClassName=LVDS Member=Component C158 1uF/16V
Added Member To Class: ClassName=LVDS Member=Component C159 10uF/25V
Added Member To Class: ClassName=LVDS Member=Component C160 1uF/16V
Added Member To Class: ClassName=CAN_PHY Member=Component C161 1uF/25V
Added Member To Class: ClassName=CAN_PHY Member=Component C162 1uF/16V
Added Member To Class: ClassName=CAN_PHY Member=Component C163 47nF/16V
Added Member To Class: ClassName=BUTTON_LED Member=Component C164 2.2uF/16V
Added Member To Class: ClassName=BUTTON_LED Member=Component C165 2.2uF/16V
Added Member To Class: ClassName=BUTTON_LED Member=Component C166 2.2uF/16V
Added Member To Class: ClassName=BUTTON_LED Member=Component C167 2.2uF/16V
Added Member To Class: ClassName=RS485 Member=Component C168 0.1uF/16V
Added Member To Class: ClassName=RS422 Member=Component C169 0.1uF/16V
Added Member To Class: ClassName=CAN_PHY Member=Component CR1 ESDCAN02-2BWY
Added Member To Class: ClassName=Power Member=Component D1 150060RS75000
Added Member To Class: ClassName=Power Member=Component D2 SS54
Added Member To Class: ClassName=Power Member=Component D3 150060YS75000
Added Member To Class: ClassName=Power Member=Component D4 Diode Schottky Dual CK
Added Member To Class: ClassName=Power Member=Component D5 150060GS75000
Added Member To Class: ClassName=BUTTON_LED Member=Component D7 LED_RGB_CLV1A
Added Member To Class: ClassName=USB Member=Component FB2 BLM18PG121SN1D
Added Member To Class: ClassName=Conector Member=Component H1 hole_space
Added Member To Class: ClassName=Conector Member=Component H2 hole_space
Added Member To Class: ClassName=Conector Member=Component H3 hole_space
Added Member To Class: ClassName=Conector Member=Component H4 hole_space
Added Member To Class: ClassName=PowerConnector Member=Component J1 5040500991
Added Member To Class: ClassName=PowerConnector Member=Component J2 5040500891
Added Member To Class: ClassName=Power Member=Component J3 Header 1x2
Added Member To Class: ClassName=Conector Member=Component J4 ESQ-126-14-G-D
Added Member To Class: ClassName=Conector Member=Component J5 ESQ-126-14-G-D
Added Member To Class: ClassName=Conector Member=Component J6 5040500891
Added Member To Class: ClassName=Conector Member=Component J7 FSI-110-03-X-D-AD-TR
Added Member To Class: ClassName=Conector Member=Component J8 HEADER 5x1
Added Member To Class: ClassName=Conector Member=Component J9 SAMTEC-TLE-110-01-X-DV-A
Added Member To Class: ClassName=Conector Member=Component J10 5040500691
Added Member To Class: ClassName=PMIC Member=Component J14 Header 2x1
Added Member To Class: ClassName=PMIC Member=Component J15 Header 2x1
Added Member To Class: ClassName=SDCARD Member=Component J16 SD-114-00841-68
Added Member To Class: ClassName=USB Member=Component J17 USB4520-03-0-A_REVA
Added Member To Class: ClassName=DEBUG Member=Component J18 Header 6x1
Added Member To Class: ClassName=DEBUG Member=Component J19 Header 2x10
Added Member To Class: ClassName=LVDS Member=Component J20 5040500991
Added Member To Class: ClassName=BUTTON_LED Member=Component J21 HEADER 5x2
Added Member To Class: ClassName=BUTTON_LED Member=Component J22 HEADER 5x2
Added Member To Class: ClassName=Power Member=Component J? 5040500591
Added Member To Class: ClassName=Power Member=Component J? 532610671
Added Member To Class: ClassName=Power Member=Component L1 SRP7050TA-220M
Added Member To Class: ClassName=PMIC Member=Component L2 1.5uH 3.5A
Added Member To Class: ClassName=PMIC Member=Component L3 1.5uH 3.5A
Added Member To Class: ClassName=PMIC Member=Component L4 1.5uH 3.5A
Added Member To Class: ClassName=PMIC Member=Component L5 1.5uH 3.5A
Added Member To Class: ClassName=Power Member=Component Q1 MMBT2222A
Added Member To Class: ClassName=USB Member=Component Q2 AO3400A
Added Member To Class: ClassName=USB Member=Component Q3 AO3400A
Added Member To Class: ClassName=DEBUG Member=Component Q4 AO3400A
Added Member To Class: ClassName=DEBUG Member=Component Q5 AO3400A
Added Member To Class: ClassName=BUTTON_LED Member=Component Q6 AO3400A
Added Member To Class: ClassName=BUTTON_LED Member=Component Q7 AO3400A
Added Member To Class: ClassName=BUTTON_LED Member=Component Q8 AO3400A
Added Member To Class: ClassName=Power Member=Component R1 10k
Added Member To Class: ClassName=Power Member=Component R2 10k
Added Member To Class: ClassName=Power Member=Component R3 4.7k
Added Member To Class: ClassName=Power Member=Component R4 470k
Added Member To Class: ClassName=Power Member=Component R5 11k
Added Member To Class: ClassName=Power Member=Component R6 1k
Added Member To Class: ClassName=Power Member=Component R7 47k
Added Member To Class: ClassName=Power Member=Component R8 10k
Added Member To Class: ClassName=Power Member=Component R9 1k
Added Member To Class: ClassName=Power Member=Component R10 1k
Added Member To Class: ClassName=Power Member=Component R11 10k
Added Member To Class: ClassName=Power Member=Component R12 3.24k
Added Member To Class: ClassName=Power Member=Component R13 1k
Added Member To Class: ClassName=PMIC Member=Component R17 1k 1%
Added Member To Class: ClassName=PMIC Member=Component R19 1k 1%
Added Member To Class: ClassName=PMIC Member=Component R21 100k 1%
Added Member To Class: ClassName=PMIC Member=Component R22 10k 1%
Added Member To Class: ClassName=PMIC Member=Component R23 10k 1%
Added Member To Class: ClassName=PMIC Member=Component R24 4.7k 1%
Added Member To Class: ClassName=PMIC Member=Component R25 10k 1%
Added Member To Class: ClassName=PMIC Member=Component R26 10k 1%
Added Member To Class: ClassName=PMIC Member=Component R27 0R
Added Member To Class: ClassName=PMIC Member=Component R28 Shunt 4 Pin
Added Member To Class: ClassName=PMIC Member=Component R29 Shunt 4 Pin
Added Member To Class: ClassName=PMIC Member=Component R30 Shunt 4 Pin
Added Member To Class: ClassName=PMIC Member=Component R31 Shunt 4 Pin
Added Member To Class: ClassName=SAMA7D65_MPU Member=Component R32 5.62k
Added Member To Class: ClassName=SAMA7D65_MPU Member=Component R33 10k 1%
Added Member To Class: ClassName=SAMA7D65_MPU Member=Component R34 1k 1%
Added Member To Class: ClassName=SAMA7D65_MPU Member=Component R35 16.9k 1%
Added Member To Class: ClassName=SAMA7D65_MPU Member=Component R36 16.9k 1%
Added Member To Class: ClassName=SAMA7D65_MPU Member=Component R37 20k 1%
Added Member To Class: ClassName=SAMA7D65_MPU Member=Component R38 16.9k 1%
Added Member To Class: ClassName=SAMA7D65_PIO Member=Component R39 2.2k 1%
Added Member To Class: ClassName=SAMA7D65_PIO Member=Component R40 22R
Added Member To Class: ClassName=SAMA7D65_PIO Member=Component R41 2.2k 1%
Added Member To Class: ClassName=SAMA7D65_PIO Member=Component R42 22R
Added Member To Class: ClassName=SAMA7D65_PIO Member=Component R43 2.2k 1%
Added Member To Class: ClassName=SAMA7D65_PIO Member=Component R44 2.2k 1%
Added Member To Class: ClassName=SAMA7D65_PIO Member=Component R45 22R
Added Member To Class: ClassName=SAMA7D65_PIO Member=Component R46 22R
Added Member To Class: ClassName=SAMA7D65_PIO Member=Component R47 22R
Added Member To Class: ClassName=SAMA7D65_PIO Member=Component R48 22R
Added Member To Class: ClassName=SAMA7D65_PIO Member=Component R49 22R
Added Member To Class: ClassName=SAMA7D65_PIO Member=Component R50 22R
Added Member To Class: ClassName=SAMA7D65_PIO Member=Component R51 22R
Added Member To Class: ClassName=SAMA7D65_PIO Member=Component R52 22R
Added Member To Class: ClassName=SAMA7D65_PIO Member=Component R53 22R
Added Member To Class: ClassName=SAMA7D65_PIO Member=Component R54 22R
Added Member To Class: ClassName=SAMA7D65_DDR3L Member=Component R55 100k
Added Member To Class: ClassName=SAMA7D65_DDR3L Member=Component R56 240R 1%
Added Member To Class: ClassName=SAMA7D65_DDR3L Member=Component R57 1k 1%
Added Member To Class: ClassName=SAMA7D65_DDR3L Member=Component R58 1k 1%
Added Member To Class: ClassName=SAMA7D65_DDR3L Member=Component R59 240R 1%
Added Member To Class: ClassName=eMMC Member=Component R60 10k
Added Member To Class: ClassName=eMMC Member=Component R61 10k
Added Member To Class: ClassName=eMMC Member=Component R62 10k
Added Member To Class: ClassName=eMMC Member=Component R63 10k
Added Member To Class: ClassName=eMMC Member=Component R64 10k
Added Member To Class: ClassName=eMMC Member=Component R65 10k
Added Member To Class: ClassName=eMMC Member=Component R66 10k
Added Member To Class: ClassName=eMMC Member=Component R67 10k
Added Member To Class: ClassName=eMMC Member=Component R68 10k
Added Member To Class: ClassName=eMMC Member=Component R69 10k
Added Member To Class: ClassName=eMMC Member=Component R70 22R
Added Member To Class: ClassName=eMMC Member=Component R71 22R
Added Member To Class: ClassName=eMMC Member=Component R72 22R
Added Member To Class: ClassName=eMMC Member=Component R73 22R
Added Member To Class: ClassName=eMMC Member=Component R74 22R
Added Member To Class: ClassName=eMMC Member=Component R75 22R
Added Member To Class: ClassName=eMMC Member=Component R76 22R
Added Member To Class: ClassName=eMMC Member=Component R77 22R
Added Member To Class: ClassName=eMMC Member=Component R78 22R
Added Member To Class: ClassName=eMMC Member=Component R79 22R
Added Member To Class: ClassName=eMMC Member=Component R80 47k
Added Member To Class: ClassName=eMMC Member=Component R81 10k
Added Member To Class: ClassName=eMMC Member=Component R82 10k
Added Member To Class: ClassName=eMMC Member=Component R83 10k
Added Member To Class: ClassName=eMMC Member=Component R84 10k
Added Member To Class: ClassName=eMMC Member=Component R85 10k
Added Member To Class: ClassName=eMMC Member=Component R86 10k
Added Member To Class: ClassName=eMMC Member=Component R87 22R
Added Member To Class: ClassName=eMMC Member=Component R88 22R
Added Member To Class: ClassName=eMMC Member=Component R89 22R
Added Member To Class: ClassName=eMMC Member=Component R90 22R
Added Member To Class: ClassName=eMMC Member=Component R91 22R
Added Member To Class: ClassName=eMMC Member=Component R92 22R
Added Member To Class: ClassName=eMMC Member=Component R93 47k
Added Member To Class: ClassName=SDCARD Member=Component R94 47k 1%
Added Member To Class: ClassName=SDCARD Member=Component R95 47k 1%
Added Member To Class: ClassName=SDCARD Member=Component R96 47k 1%
Added Member To Class: ClassName=SDCARD Member=Component R97 47k 1%
Added Member To Class: ClassName=SDCARD Member=Component R98 47k 1%
Added Member To Class: ClassName=SDCARD Member=Component R99 10k 1%
Added Member To Class: ClassName=SDCARD Member=Component R100 10k 1%
Added Member To Class: ClassName=SDCARD Member=Component R101 10k 1%
Added Member To Class: ClassName=EEPROM Member=Component R102 22R
Added Member To Class: ClassName=EEPROM Member=Component R103 22R
Added Member To Class: ClassName=EEPROM Member=Component R104 22R
Added Member To Class: ClassName=EEPROM Member=Component R105 22R
Added Member To Class: ClassName=EEPROM Member=Component R106 22R
Added Member To Class: ClassName=EEPROM Member=Component R107 22R
Added Member To Class: ClassName=USB Member=Component R108 10k
Added Member To Class: ClassName=USB Member=Component R109 20k
Added Member To Class: ClassName=DEBUG Member=Component R110 3.3k 1%
Added Member To Class: ClassName=DEBUG Member=Component R111 3.3k 1%
Added Member To Class: ClassName=DEBUG Member=Component R112 3.3k 1%
Added Member To Class: ClassName=DEBUG Member=Component R113 3.3k 1%
Added Member To Class: ClassName=DEBUG Member=Component R114 22R 1%
Added Member To Class: ClassName=DEBUG Member=Component R115 22R 1%
Added Member To Class: ClassName=DEBUG Member=Component R116 100k 1%
Added Member To Class: ClassName=DEBUG Member=Component R117 100k 1%
Added Member To Class: ClassName=DEBUG Member=Component R118 100k 1%
Added Member To Class: ClassName=DEBUG Member=Component R119 100k 1%
Added Member To Class: ClassName=DEBUG Member=Component R120 100k 1%
Added Member To Class: ClassName=DEBUG Member=Component R121 100R 5%
Added Member To Class: ClassName=TEMP Member=Component R122 22R
Added Member To Class: ClassName=TEMP Member=Component R123 22R
Added Member To Class: ClassName=TEMP Member=Component R124 22R
Added Member To Class: ClassName=RTC Member=Component R125 4.7k
Added Member To Class: ClassName=RTC Member=Component R126 4.7k
Added Member To Class: ClassName=RTC Member=Component R127 4.7k
Added Member To Class: ClassName=WATCHDOG Member=Component R128 22R
Added Member To Class: ClassName=WATCHDOG Member=Component R129 22R
Added Member To Class: ClassName=WATCHDOG Member=Component R130 22R
Added Member To Class: ClassName=WATCHDOG Member=Component R131 16.5k
Added Member To Class: ClassName=WATCHDOG Member=Component R132 16.5k
Added Member To Class: ClassName=LVDS Member=Component R133 100R
Added Member To Class: ClassName=LVDS Member=Component R134 100R
Added Member To Class: ClassName=CAN_PHY Member=Component R135 22R
Added Member To Class: ClassName=CAN_PHY Member=Component R136 22R
Added Member To Class: ClassName=CAN_PHY Member=Component R137 60R
Added Member To Class: ClassName=CAN_PHY Member=Component R138 60R
Added Member To Class: ClassName=CAN_PHY Member=Component R139 10k
Added Member To Class: ClassName=BUTTON_LED Member=Component R140 10k 1%
Added Member To Class: ClassName=BUTTON_LED Member=Component R141 100R 5%
Added Member To Class: ClassName=BUTTON_LED Member=Component R142 100R 5%
Added Member To Class: ClassName=BUTTON_LED Member=Component R143 10k 1%
Added Member To Class: ClassName=BUTTON_LED Member=Component R144 1k 1%
Added Member To Class: ClassName=BUTTON_LED Member=Component R145 1k 1%
Added Member To Class: ClassName=BUTTON_LED Member=Component R146 2.2k 1%
Added Member To Class: ClassName=BUTTON_LED Member=Component R147 10k 1%
Added Member To Class: ClassName=BUTTON_LED Member=Component R148 100R 5%
Added Member To Class: ClassName=BUTTON_LED Member=Component R149 1k
Added Member To Class: ClassName=BUTTON_LED Member=Component R150 1k
Added Member To Class: ClassName=RS485 Member=Component R151 10k
Added Member To Class: ClassName=RS485 Member=Component R152 10k
Added Member To Class: ClassName=RS485 Member=Component R153 120R
Added Member To Class: ClassName=RS422 Member=Component R154 120R
Added Member To Class: ClassName=PMIC Member=Component R? 4.7k 1%
Added Member To Class: ClassName=PMIC Member=Component R? 10k 1%
Added Member To Class: ClassName=PMIC Member=Component R? 10k 1%
Added Member To Class: ClassName=Power Member=Component SB1 JUMPER
Added Member To Class: ClassName=WATCHDOG Member=Component SB2 JUMPER
Added Member To Class: ClassName=Power Member=Component TP1
Added Member To Class: ClassName=Power Member=Component TP2
Added Member To Class: ClassName=PMIC Member=Component TP3
Added Member To Class: ClassName=PMIC Member=Component TP4
Added Member To Class: ClassName=PMIC Member=Component TP5
Added Member To Class: ClassName=PMIC Member=Component TP6
Added Member To Class: ClassName=PMIC Member=Component TP7
Added Member To Class: ClassName=Power Member=Component U1 TPS259470ARPWR
Added Member To Class: ClassName=Power Member=Component U2 TPS5430DDAR
Added Member To Class: ClassName=PMIC Member=Component U4 MCP16502 QFN-32
Added Member To Class: ClassName=PMIC Member=Component U5 Microchip PAC1934 UQFN-16
Added Member To Class: ClassName=SAMA7D65_PIO Member=Component U6 SAMA7D65
Added Member To Class: ClassName=SAMA7D65_DDR3L Member=Component U7 AS4C512M16D3LA-10BIN TFBGA-96
Added Member To Class: ClassName=eMMC Member=Component U8 MTFC32GAZAQDW-AAT
Added Member To Class: ClassName=eMMC Member=Component U9 MTFC32GAZAQDW-AAT
Added Member To Class: ClassName=SDCARD Member=Component U10 MIC94085YFT-TR
Added Member To Class: ClassName=EEPROM Member=Component U11 AS3004204-0108X0PSAY
Added Member To Class: ClassName=USB Member=Component U12 USBLC6-2SC6
Added Member To Class: ClassName=DEBUG Member=Component U13 MCP170X SOT-23-3_SOT-23A-3
Added Member To Class: ClassName=TEMP Member=Component U14 TC1047AVNBTR
Added Member To Class: ClassName=TEMP Member=Component U15 TC1047AVNBTR
Added Member To Class: ClassName=TEMP Member=Component U16 TC1047AVNBTR
Added Member To Class: ClassName=RTC Member=Component U17 RV-3129-C3-32.768KHZ-OPTION-A-TB-QA
Added Member To Class: ClassName=WATCHDOG Member=Component U18 TPL5010DDCR
Added Member To Class: ClassName=LVDS Member=Component U19 DS90LV011AQ-Q1
Added Member To Class: ClassName=LVDS Member=Component U20 DS90LV011AQ-Q1
Added Member To Class: ClassName=CAN_PHY Member=Component U21 SN65HVD230DR
Added Member To Class: ClassName=RS485 Member=Component U22 MAX3485CSA+T
Added Member To Class: ClassName=RS422 Member=Component U23 MAX3488ESA+T
Added Member To Class: ClassName=Power Member=Component VR1 LM1117MP-3.3/NOPB
Added Member To Class: ClassName=SAMA7D65_MPU Member=Component Y1 Crystal 4 Pins
Added Member To Class: ClassName=SAMA7D65_MPU Member=Component Y2 Crystal 2 Pins
