Added Component: Designator=BT1(BAT_1056)
Add component (AddParameter): Name = "Check_prices"; Value = "https://www.snapeda.com/parts/1056/Keystone/view-part/?ref=eda"; VariantName = "[No Variations]"
Add component (AddParameter): Name = "MF"; Value = "Keystone Electronics Corp."; VariantName = "[No Variations]"
Add component (AddParameter): Name = "MP"; Value = "1056"; VariantName = "[No Variations]"
Add component (AddParameter): Name = "Package"; Value = "None"; VariantName = "[No Variations]"
Add component (AddParameter): Name = "SnapEDA_Link"; Value = "https://www.snapeda.com/parts/1056/Keystone/view-part/?ref=snap"; VariantName = "[No Variations]"
Add component (AddParameter): Name = "Value"; Value = ""; VariantName = "[No Variations]"
Added Component: Designator=BT2(SW2-SMD)
Add component (AddParameter): Name = "Value"; Value = "SW chip 2 pin"; VariantName = "[No Variations]"
Added Component: Designator=BT3(SW2-SMD)
Add component (AddParameter): Name = "Value"; Value = "SW chip 2 pin"; VariantName = "[No Variations]"
Added Component: Designator=BT4(SW2-SMD)
Add component (AddParameter): Name = "Value"; Value = "SW chip 2 pin"; VariantName = "[No Variations]"
Added Component: Designator=BT5(SW2-SMD)
Add component (AddParameter): Name = "Value"; Value = "SW chip 2 pin"; VariantName = "[No Variations]"
Added Component: Designator=C1(CAP_C_1005X60)
Added Component: Designator=C2(CAP_C_1005X60)
Added Component: Designator=C3(CAP_C_1005X60)
Added Component: Designator=C4(CAP_C_1005X60)
Added Component: Designator=C5(CAP_C_1005X60)
Added Component: Designator=C6(CAP_C_1005X60)
Added Component: Designator=C7(CAP_C_1005X60)
Added Component: Designator=C8(CAP_C_1005X60)
Added Component: Designator=C9(CAP_C_1005X60)
Added Component: Designator=C10(CAP_C_1005X60)
Added Component: Designator=C11(CAP_C_1005X60)
Added Component: Designator=C12(CAP_C_1005X60)
Added Component: Designator=C13(CAP_C_1005X60)
Added Component: Designator=C14(CAP_C_1005X60)
Added Component: Designator=C15(CAP_C_1005X60)
Added Component: Designator=C18(CAP_C_1005X60)
Added Component: Designator=C19(CAP_C_1005X60)
Added Component: Designator=C20(CAP_C_1005X60)
Added Component: Designator=C21(CAP_C_1005X60)
Added Component: Designator=C22(CAP_C_1005X60)
Added Component: Designator=C23(CAP_C_1005X60)
Added Component: Designator=C24(CAP_C_1005X60)
Added Component: Designator=C25(CAP_C_1005X60)
Added Component: Designator=C26(CAP_C_1005X60)
Added Component: Designator=C27(CAP_C_1005X60)
Added Component: Designator=C28(CAP_C_1005X60)
Added Component: Designator=C29(CAP_C_1005X60)
Added Component: Designator=C30(CAP_C_1005X60)
Added Component: Designator=C31(CAP_C_1005X60)
Added Component: Designator=C32(CAP_C_1005X60)
Added Component: Designator=C33(CAP_C_0603x30)
Added Component: Designator=C34(CAP_C_0603x30)
Added Component: Designator=C35(CAP_C_0603x30)
Added Component: Designator=C36(CAP_C_0603x30)
Added Component: Designator=C37(CAP_C_0603x30)
Added Component: Designator=C38(CAP_C_0603x30)
Added Component: Designator=C39(CAP_C_0603x30)
Added Component: Designator=C40(CAP_C_0603x30)
Added Component: Designator=C41(CAP_C_0603x30)
Added Component: Designator=C42(CAP_C_0603x30)
Added Component: Designator=C43(CAP_C_0603x30)
Added Component: Designator=C44(CAP_C_0603x30)
Added Component: Designator=C45(CAP_C_0603x30)
Added Component: Designator=C46(CAP_C_0603x30)
Added Component: Designator=C47(CAP_C_0603x30)
Added Component: Designator=C48(CAP_C_0603x30)
Added Component: Designator=C49(CAP_C_0603x30)
Added Component: Designator=C50(CAP_C_0603x30)
Added Component: Designator=C51(CAP_C_0603x30)
Added Component: Designator=C52(CAP_C_0603x30)
Added Component: Designator=C53(CAP_C_0603x30)
Added Component: Designator=C54(CAP_C_0603x30)
Added Component: Designator=C55(CAP_C_0603x30)
Added Component: Designator=C56(CAP_C_0603x30)
Added Component: Designator=C57(CAP_C_0603x30)
Added Component: Designator=C58(CAP_C_0603x30)
Added Component: Designator=C59(CAP_C_0603x30)
Added Component: Designator=C60(CAP_C_0603x30)
Added Component: Designator=C61(CAP_C_0603x30)
Added Component: Designator=C62(CAP_C_0603x30)
Added Component: Designator=C63(CAP_C_0603x30)
Added Component: Designator=C64(CAP_C_0603x30)
Added Component: Designator=C65(CAP_C_0603x30)
Added Component: Designator=C66(CAP_C_0603x30)
Added Component: Designator=C67(CAP_C_0603x30)
Added Component: Designator=C68(CAP_C_0603x30)
Added Component: Designator=C69(CAP_C_0603x30)
Added Component: Designator=C70(CAP_C_0603x30)
Added Component: Designator=C71(CAP_C_0603x30)
Added Component: Designator=C72(CAP_C_0603x30)
Added Component: Designator=C73(CAP_C_0603x30)
Added Component: Designator=C74(CAP_C_1005X60)
Added Component: Designator=C75(CAP_C_1005X60)
Added Component: Designator=C76(CAP_C_1005X60)
Added Component: Designator=C77(CAP_C_1005X60)
Added Component: Designator=C78(CAP_C_0603x30)
Added Component: Designator=C79(CAP_C_1005X60)
Added Component: Designator=C80(CAP_C_0603x30)
Added Component: Designator=C81(CAP_C_1005X60)
Added Component: Designator=C82(CAP_C_0603x30)
Added Component: Designator=C83(CAP_C_1005X60)
Added Component: Designator=C84(CAP_C_0603x30)
Added Component: Designator=C85(CAP_C_1005X60)
Added Component: Designator=C86(CAP_C_0603x30)
Added Component: Designator=C87(CAP_C_1005X60)
Added Component: Designator=C88(CAP_C_0603x30)
Added Component: Designator=C89(CAP_C_1005X60)
Added Component: Designator=C90(CAP_C_0603x30)
Added Component: Designator=C91(CAP_C_1005X60)
Added Component: Designator=C92(CAP_C_0603x30)
Added Component: Designator=C93(CAP_C_1005X60)
Added Component: Designator=C94(CAP_C_0603x30)
Added Component: Designator=C95(CAP_C_1005X60)
Added Component: Designator=C96(CAP_C_1005X60)
Added Component: Designator=C97(CAP_C_0603x30)
Added Component: Designator=C98(CAP_C_1005X60)
Added Component: Designator=C99(CAP_C_0603x30)
Added Component: Designator=C100(CAP_C_1005X60)
Added Component: Designator=C101(CAP_C_0603x30)
Added Component: Designator=C102(CAP_C_1005X60)
Added Component: Designator=C103(CAP_C_0603x30)
Added Component: Designator=C104(CAP_C_1005X60)
Added Component: Designator=C105(CAP_C_0603x30)
Added Component: Designator=C106(CAP_C_1005X60)
Added Component: Designator=C107(CAP_C_0603x30)
Added Component: Designator=C108(CAP_C_1005X60)
Added Component: Designator=C109(CAP_C_0603x30)
Added Component: Designator=C110(CAP_C_1005X60)
Added Component: Designator=C111(CAP_C_0603x30)
Added Component: Designator=C112(CAP_C_1005X60)
Added Component: Designator=C113(CAP_C_0603x30)
Added Component: Designator=C114(CAP_C_1005X60)
Added Component: Designator=C115(CAP_C_1005X60)
Added Component: Designator=C116(CAP_C_1005X60)
Added Component: Designator=C117(CAP_C_1005X60)
Added Component: Designator=C118(CAP_C_0603x30)
Added Component: Designator=C119(CAP_C_0603x30)
Added Component: Designator=C120(CAP_C_0603x30)
Added Component: Designator=C121(CAP_C_0603x30)
Added Component: Designator=C122(CAP_C_0603x30)
Added Component: Designator=C123(CAP_C_0603x30)
Added Component: Designator=C124(CAP_C_0603x30)
Added Component: Designator=C125(CAP_C_0603x30)
Added Component: Designator=C126(CAP_C_0603x30)
Added Component: Designator=C127(CAP_C_0603x30)
Added Component: Designator=C128(CAP_C_0603x30)
Added Component: Designator=C129(CAP_C_0603x30)
Added Component: Designator=C130(CAP_C_0603x30)
Added Component: Designator=C131(CAP_C_0603x30)
Added Component: Designator=C132(CAP_C_0603x30)
Added Component: Designator=C133(CAP_C_0603x30)
Added Component: Designator=C134(CAP_C_0603x30)
Added Component: Designator=C135(CAP_C_0603x30)
Added Component: Designator=C136(CAP_C_0603x30)
Added Component: Designator=C137(CAP_C_0603x30)
Added Component: Designator=C138(CAP_C_0603x30)
Added Component: Designator=C139(CAP_C_0603x30)
Added Component: Designator=C140(CAP_C_1005X60)
Added Component: Designator=C141(CAP_C_1005X60)
Added Component: Designator=C142(CAP_C_1005X60)
Added Component: Designator=C143(CAP_C_1005X60)
Added Component: Designator=C144(CAP_C_1005X60)
Added Component: Designator=C145(CAP_C_1005X60)
Added Component: Designator=C146(CAP_C_1005X60)
Added Component: Designator=C147(CAP_C_1005X60)
Added Component: Designator=C148(CAP_C_1005X60)
Added Component: Designator=C149(CAP_C_1005X60)
Added Component: Designator=C150(CAP_C_1005X60)
Added Component: Designator=C151(CAP_C_1005X60)
Added Component: Designator=C152(CAP_C_1005X60)
Added Component: Designator=C153(CAP_C_1005X60)
Added Component: Designator=C154(CAP_C_1005X60)
Added Component: Designator=C155(CAP_C_1005X60)
Added Component: Designator=C156(CAP_C_1005X60)
Added Component: Designator=C157(CAP_C_1005X60)
Added Component: Designator=C158(CAP_C_1005X60)
Added Component: Designator=C159(CAP_C_1005X60)
Added Component: Designator=C160(CAP_C_1005X60)
Added Component: Designator=C161(CAP_C_1005X60)
Added Component: Designator=C162(CAP_C_1005X60)
Added Component: Designator=C163(CAP_C_1005X60)
Added Component: Designator=C164(CAP_C_1005X60)
Added Component: Designator=C165(CAP_C_1005X60)
Added Component: Designator=C166(CAP_C_1005X60)
Added Component: Designator=C167(CAP_C_1005X60)
Added Component: Designator=C168(CAP_C_1005X60)
Added Component: Designator=C169(CAP_C_1005X60)
Added Component: Designator=CR1(SOT323-3L_STM)
Add component (AddParameter): Name = "Copyright"; Value = "Copyright (C) 2025 Ultra Librarian. All rights reserved."; VariantName = "[No Variations]"
Add component (AddParameter): Name = "Manufacturer_Name"; Value = "STMicroelectronics"; VariantName = "[No Variations]"
Add component (AddParameter): Name = "Manufacturer_Part_Number"; Value = "ESDCAN02-2BWY"; VariantName = "[No Variations]"
Add component (AddParameter): Name = "RefDes"; Value = "RefDes"; VariantName = "[No Variations]"
Add component (AddParameter): Name = "Type"; Value = "Type"; VariantName = "[No Variations]"
Added Component: Designator=D1(LED-0603-RED)
Added Component: Designator=D2(DO-214AC_SMA)
Add component (AddParameter): Name = "Category"; Value = ""; VariantName = "[No Variations]"
Add component (AddParameter): Name = "CompanyID"; Value = ""; VariantName = "[No Variations]"
Add component (AddParameter): Name = "MFR"; Value = ""; VariantName = "[No Variations]"
Add component (AddParameter): Name = "MPN"; Value = "SS34"; VariantName = "[No Variations]"
Add component (AddParameter): Name = "PinCount"; Value = ""; VariantName = "[No Variations]"
Add component (AddParameter): Name = "Solder"; Value = "SMT"; VariantName = "[No Variations]"
Add component (AddParameter): Name = "Value"; Value = "SS34"; VariantName = "[No Variations]"
Added Component: Designator=D3(LED-0603-YELLOW)
Added Component: Designator=D4(SOT-23-3)
Add component (AddParameter): Name = "BOM Notes"; Value = ""; VariantName = "[No Variations]"
Add component (AddParameter): Name = "Category"; Value = "Diode"; VariantName = "[No Variations]"
Add component (AddParameter): Name = "ComponentLink1Description"; Value = "SVN Datasheet"; VariantName = "[No Variations]"
Add component (AddParameter): Name = "ComponentLink1URL"; Value = "https://chn-vm-apps.microchip.com/mchprepo/parts/Datasheets/BAT54.pdf"; VariantName = "[No Variations]"
Add component (AddParameter): Name = "ComponentLink2Description"; Value = "Local Datasheet"; VariantName = "[No Variations]"
Add component (AddParameter): Name = "ComponentLink2URL"; Value = "C:\ALTIUM_WORK\00001_MCHP-CDB\Datasheets\BAT54.pdf"; VariantName = "[No Variations]"
Add component (AddParameter): Name = "ComponentLink3Description"; Value = "Open Symbol"; VariantName = "[No Variations]"
Add component (AddParameter): Name = "ComponentLink3URL"; Value = "C:\ALTIUM_WORK\00001_MCHP-CDB\Library\LibraryRefs\Diode Schottky Dual CK.SchLib"; VariantName = "[No Variations]"
Add component (AddParameter): Name = "ComponentLink4Description"; Value = "Open Footprint"; VariantName = "[No Variations]"
Add component (AddParameter): Name = "ComponentLink4URL"; Value = "C:\ALTIUM_WORK\00001_MCHP-CDB\Library\Footprints\SOT-23-3.PcbLib"; VariantName = "[No Variations]"
Add component (AddParameter): Name = "ComponentLink5Description"; Value = "Open Footprint 2"; VariantName = "[No Variations]"
Add component (AddParameter): Name = "ComponentLink6Description"; Value = "Open Footprint 3"; VariantName = "[No Variations]"
Add component (AddParameter): Name = "ComponentLink7Description"; Value = "Open Footprint 4"; VariantName = "[No Variations]"
Add component (AddParameter): Name = "Description_"; Value = "DIO SCTKY ARRAY BAT54C-G 520mV 200mA 30V SMD SOT-23-3"; VariantName = "[No Variations]"
Add component (AddParameter): Name = "Dev Tools Status"; Value = "Production"; VariantName = "[No Variations]"
Add component (AddParameter): Name = "Forward Current"; Value = "200mA"; VariantName = "[No Variations]"
Add component (AddParameter): Name = "Manufacturer 1"; Value = "Comchip Technology"; VariantName = "[No Variations]"
Add component (AddParameter): Name = "Manufacturer Part Number 1"; Value = "BAT54C-G"; VariantName = "[No Variations]"
Add component (AddParameter): Name = "MCHP-ID"; Value = "DIODE1841"; VariantName = "[No Variations]"
Add component (AddParameter): Name = "Operating Temperature"; Value = "-55C to +125C"; VariantName = "[No Variations]"
Add component (AddParameter): Name = "Owner"; Value = "Cristina Salanti"; VariantName = "[No Variations]"
Add component (AddParameter): Name = "Package"; Value = "SOT-23-3"; VariantName = "[No Variations]"
Add component (AddParameter): Name = "Populated"; Value = "YES"; VariantName = "[No Variations]"
Add component (AddParameter): Name = "Power"; Value = "225mW"; VariantName = "[No Variations]"
Add component (AddParameter): Name = "Quantity Override"; Value = "1"; VariantName = "[No Variations]"
Add component (AddParameter): Name = "Restricted Sourcing"; Value = "No"; VariantName = "[No Variations]"
Add component (AddParameter): Name = "Reverse Current"; Value = "2mA"; VariantName = "[No Variations]"
Add component (AddParameter): Name = "Reverse Recovery Time"; Value = "5ns"; VariantName = "[No Variations]"
Add component (AddParameter): Name = "Reverse Voltage"; Value = "30V"; VariantName = "[No Variations]"
Add component (AddParameter): Name = "Revision"; Value = "1"; VariantName = "[No Variations]"
Add component (AddParameter): Name = "Status"; Value = "MCL Design"; VariantName = "[No Variations]"
Add component (AddParameter): Name = "Supplier 1"; Value = "Digi-Key"; VariantName = "[No Variations]"
Add component (AddParameter): Name = "Supplier Part Number 1"; Value = "641-1320-1-ND"; VariantName = "[No Variations]"
Add component (AddParameter): Name = "Symbol"; Value = "Diode Schottky Dual CK"; VariantName = "[No Variations]"
Add component (AddParameter): Name = "Type"; Value = "Schottky Array"; VariantName = "[No Variations]"
Add component (AddParameter): Name = "Value"; Value = "BAT54C-G"; VariantName = "[No Variations]"
Added Component: Designator=D5(LED-0603-GREEN)
Added Component: Designator=D7(PLCC-4_CLV1A-FKB)
Add component (AddParameter): Name = "BOM Notes"; Value = ""; VariantName = "[No Variations]"
Add component (AddParameter): Name = "Category"; Value = "Diode"; VariantName = "[No Variations]"
Add component (AddParameter): Name = "ComponentLink1Description"; Value = "SVN Datasheet"; VariantName = "[No Variations]"
Add component (AddParameter): Name = "ComponentLink1URL"; Value = "https://chn-vm-apps.microchip.com/mchprepo/parts/Datasheets/CLV1A-FKB_Rev5"; VariantName = "[No Variations]"
Add component (AddParameter): Name = "ComponentLink2Description"; Value = "Local Datasheet"; VariantName = "[No Variations]"
Add component (AddParameter): Name = "ComponentLink2URL"; Value = "C:\ALTIUM_WORK\00001_MCHP-CDB\Datasheets\CLV1A-FKB_Rev5"; VariantName = "[No Variations]"
Add component (AddParameter): Name = "ComponentLink3Description"; Value = "Open Symbol"; VariantName = "[No Variations]"
Add component (AddParameter): Name = "ComponentLink3URL"; Value = "C:\ALTIUM_WORK\00001_MCHP-CDB\Library\LibraryRefs\LED_RGB_CLV1A.SchLib"; VariantName = "[No Variations]"
Add component (AddParameter): Name = "ComponentLink4Description"; Value = "Open Footprint"; VariantName = "[No Variations]"
Add component (AddParameter): Name = "ComponentLink4URL"; Value = "C:\ALTIUM_WORK\00001_MCHP-CDB\Library\Footprints\PLCC-4_CLV1A-FKB.PcbLib"; VariantName = "[No Variations]"
Add component (AddParameter): Name = "ComponentLink5Description"; Value = "Open Footprint 2"; VariantName = "[No Variations]"
Add component (AddParameter): Name = "ComponentLink6Description"; Value = "Open Footprint 3"; VariantName = "[No Variations]"
Add component (AddParameter): Name = "ComponentLink7Description"; Value = "Open Footprint 4"; VariantName = "[No Variations]"
Add component (AddParameter): Name = "Description_"; Value = "DIO LED TRI RED, GREEN, BLUE 2V, 3.2V, 3.2V 20mA, 20mA, 20mA SMD 4-PLCC"; VariantName = "[No Variations]"
Add component (AddParameter): Name = "Dev Tools Status"; Value = "Production"; VariantName = "[No Variations]"
Add component (AddParameter): Name = "Forward Current"; Value = "20mA, 20mA, 20mA"; VariantName = "[No Variations]"
Add component (AddParameter): Name = "Manufacturer 1"; Value = "Cree Inc."; VariantName = "[No Variations]"
Add component (AddParameter): Name = "Manufacturer Part Number 1"; Value = "CLV1A-FKB-CK1VW1DE1BB7C3C3"; VariantName = "[No Variations]"
Add component (AddParameter): Name = "MCHP-ID"; Value = "DIODE1214"; VariantName = "[No Variations]"
Add component (AddParameter): Name = "Operating Temperature"; Value = "-40C - +100C"; VariantName = "[No Variations]"
Add component (AddParameter): Name = "Owner"; Value = "Randolph Sobrepena"; VariantName = "[No Variations]"
Add component (AddParameter): Name = "Package"; Value = "4-PLCC"; VariantName = "[No Variations]"
Add component (AddParameter): Name = "Populated"; Value = "YES"; VariantName = "[No Variations]"
Add component (AddParameter): Name = "Power"; Value = "130mW, 100mW, 100mW"; VariantName = "[No Variations]"
Add component (AddParameter): Name = "Quantity Override"; Value = "1"; VariantName = "[No Variations]"
Add component (AddParameter): Name = "Reverse Current"; Value = "10uA"; VariantName = "[No Variations]"
Add component (AddParameter): Name = "Reverse Voltage"; Value = "5V"; VariantName = "[No Variations]"
Add component (AddParameter): Name = "Revision"; Value = "2"; VariantName = "[No Variations]"
Add component (AddParameter): Name = "Status"; Value = "MCL Design"; VariantName = "[No Variations]"
Add component (AddParameter): Name = "Supplier 1"; Value = "Digi-Key"; VariantName = "[No Variations]"
Add component (AddParameter): Name = "Supplier Part Number 1"; Value = "CLV1A-FKB-CK1VW1DE1BB7C3C3CT-ND"; VariantName = "[No Variations]"
Add component (AddParameter): Name = "Symbol"; Value = "LED_RGB_CLV1A"; VariantName = "[No Variations]"
Add component (AddParameter): Name = "Type"; Value = "LED Tricolor"; VariantName = "[No Variations]"
Add component (AddParameter): Name = "Value"; Value = "RED, GREEN, BLUE"; VariantName = "[No Variations]"
Added Component: Designator=FB2(IND_BLM18_0603_MUR)
Add component (AddParameter): Name = "Copyright"; Value = "Copyright (C) 2025 Ultra Librarian. All rights reserved."; VariantName = "[No Variations]"
Add component (AddParameter): Name = "Manufacturer_Name"; Value = "Murata"; VariantName = "[No Variations]"
Add component (AddParameter): Name = "Manufacturer_Part_Number"; Value = "BLM18PG121SN1D"; VariantName = "[No Variations]"
Add component (AddParameter): Name = "RefDes"; Value = ""; VariantName = "[No Variations]"
Add component (AddParameter): Name = "Type"; Value = ""; VariantName = "[No Variations]"
Added Component: Designator=H1(HOLE_SPACE)
Added Component: Designator=H2(HOLE_SPACE)
Added Component: Designator=H3(HOLE_SPACE)
Added Component: Designator=H4(HOLE_SPACE)
Added Component: Designator=J1(MOLEX_5040500991)
Added Component: Designator=J2(MOLEX_5040500891)
Added Component: Designator=J3(HDR_M_2.54_1x2)
Add component (AddParameter): Name = "Assembly Type"; Value = "TH"; VariantName = "[No Variations]"
Add component (AddParameter): Name = "BOM Notes"; Value = ""; VariantName = "[No Variations]"
Add component (AddParameter): Name = "Category"; Value = "Connector"; VariantName = "[No Variations]"
Add component (AddParameter): Name = "ComponentLink1Description"; Value = "SVN Datasheet"; VariantName = "[No Variations]"
Add component (AddParameter): Name = "ComponentLink1URL"; Value = "https://chn-vm-apps.microchip.com/mchprepo/parts/Datasheets/6130xx11121.pdf"; VariantName = "[No Variations]"
Add component (AddParameter): Name = "ComponentLink2Description"; Value = "Local Datasheet"; VariantName = "[No Variations]"
Add component (AddParameter): Name = "ComponentLink2URL"; Value = "C:\ALTIUM_WORK\00001_MCHP-CDB\Datasheets\6130xx11121.pdf"; VariantName = "[No Variations]"
Add component (AddParameter): Name = "ComponentLink3Description"; Value = "Open Symbol"; VariantName = "[No Variations]"
Add component (AddParameter): Name = "ComponentLink3URL"; Value = "C:\ALTIUM_WORK\00001_MCHP-CDB\Library\LibraryRefs\Header 1x2.SchLib"; VariantName = "[No Variations]"
Add component (AddParameter): Name = "ComponentLink4Description"; Value = "Open Footprint"; VariantName = "[No Variations]"
Add component (AddParameter): Name = "ComponentLink4URL"; Value = "C:\ALTIUM_WORK\00001_MCHP-CDB\Library\Footprints\HDR_M_2.54_1x2.PcbLib"; VariantName = "[No Variations]"
Add component (AddParameter): Name = "ComponentLink5Description"; Value = "Open Footprint 2"; VariantName = "[No Variations]"
Add component (AddParameter): Name = "ComponentLink6Description"; Value = "Open Footprint 3"; VariantName = "[No Variations]"
Add component (AddParameter): Name = "ComponentLink7Description"; Value = "Open Footprint 4"; VariantName = "[No Variations]"
Add component (AddParameter): Name = "Current"; Value = "3A"; VariantName = "[No Variations]"
Add component (AddParameter): Name = "Description_"; Value = "CON HDR-2.54 Male 1x2 Gold 5.84MH TH VERT"; VariantName = "[No Variations]"
Add component (AddParameter): Name = "Dev Tools Status"; Value = "Production"; VariantName = "[No Variations]"
Add component (AddParameter): Name = "Manufacturer 1"; Value = "Würth Elektronik"; VariantName = "[No Variations]"
Add component (AddParameter): Name = "Manufacturer 2"; Value = "SHENZHEN JUNHAO ENGINEERING"; VariantName = "[No Variations]"
Add component (AddParameter): Name = "Manufacturer Part Number 1"; Value = "61300211121"; VariantName = "[No Variations]"
Add component (AddParameter): Name = "Manufacturer Part Number 2"; Value = "R-211-0211-0021-000"; VariantName = "[No Variations]"
Add component (AddParameter): Name = "MCHP-ID"; Value = "CON1632"; VariantName = "[No Variations]"
Add component (AddParameter): Name = "Owner"; Value = "Narasimha Murthy"; VariantName = "[No Variations]"
Add component (AddParameter): Name = "Populated"; Value = "YES"; VariantName = "[No Variations]"
Add component (AddParameter): Name = "Quantity Override"; Value = "1"; VariantName = "[No Variations]"
Add component (AddParameter): Name = "Revision"; Value = "3"; VariantName = "[No Variations]"
Add component (AddParameter): Name = "Status"; Value = "MCL Design"; VariantName = "[No Variations]"
Add component (AddParameter): Name = "Supplier 1"; Value = "Digi-Key"; VariantName = "[No Variations]"
Add component (AddParameter): Name = "Supplier 2"; Value = "SHENZHEN JUNHAO ENGINEERING"; VariantName = "[No Variations]"
Add component (AddParameter): Name = "Supplier Part Number 1"; Value = "732-5315-ND"; VariantName = "[No Variations]"
Add component (AddParameter): Name = "Supplier Part Number 2"; Value = "R-211-0211-0021-000"; VariantName = "[No Variations]"
Add component (AddParameter): Name = "Symbol"; Value = "Header 1x2"; VariantName = "[No Variations]"
Add component (AddParameter): Name = "Type"; Value = "Header 2.54mm"; VariantName = "[No Variations]"
Add component (AddParameter): Name = "Value"; Value = "HDR-2.54 Male 1x2"; VariantName = "[No Variations]"
Add component (AddParameter): Name = "Voltage"; Value = "250V"; VariantName = "[No Variations]"
Added Component: Designator=J4(ESQ-126-14-G-D)
Add component (AddParameter): Name = "Availability"; Value = "Unavailable"; VariantName = "[No Variations]"
Add component (AddParameter): Name = "MF"; Value = "Samtec"; VariantName = "[No Variations]"
Add component (AddParameter): Name = "MP"; Value = "ESQ-126-14-G-D"; VariantName = "[No Variations]"
Add component (AddParameter): Name = "Package"; Value = "None"; VariantName = "[No Variations]"
Add component (AddParameter): Name = "Price"; Value = "None"; VariantName = "[No Variations]"
Add component (AddParameter): Name = "Value"; Value = ""; VariantName = "[No Variations]"
Added Component: Designator=J5(ESQ-126-14-G-D)
Add component (AddParameter): Name = "Availability"; Value = "Unavailable"; VariantName = "[No Variations]"
Add component (AddParameter): Name = "MF"; Value = "Samtec"; VariantName = "[No Variations]"
Add component (AddParameter): Name = "MP"; Value = "ESQ-126-14-G-D"; VariantName = "[No Variations]"
Add component (AddParameter): Name = "Package"; Value = "None"; VariantName = "[No Variations]"
Add component (AddParameter): Name = "Price"; Value = "None"; VariantName = "[No Variations]"
Add component (AddParameter): Name = "Value"; Value = ""; VariantName = "[No Variations]"
Added Component: Designator=J6(MOLEX_5040500891)
Added Component: Designator=J7(SAMTEC_FSI-110-03-X-D-AD-TR)
Add component (AddParameter): Name = "Availability"; Value = "Unavailable"; VariantName = "[No Variations]"
Add component (AddParameter): Name = "MF"; Value = ""; VariantName = "[No Variations]"
Add component (AddParameter): Name = "MP"; Value = "FSI-110-03-X-D-AD-TR"; VariantName = "[No Variations]"
Add component (AddParameter): Name = "Package"; Value = "None"; VariantName = "[No Variations]"
Add component (AddParameter): Name = "Price"; Value = "None"; VariantName = "[No Variations]"
Add component (AddParameter): Name = "Value"; Value = ""; VariantName = "[No Variations]"
Added Component: Designator=J8(Header_254P_5x1)
Added Component: Designator=J9(SAMTEC-TLE-110-01-X-DV-A)
Add component (AddParameter): Name = "Availability"; Value = "Unavailable"; VariantName = "[No Variations]"
Add component (AddParameter): Name = "MF"; Value = ""; VariantName = "[No Variations]"
Add component (AddParameter): Name = "MP"; Value = "SAMTEC-TLE-110-01-X-DV-A"; VariantName = "[No Variations]"
Add component (AddParameter): Name = "Package"; Value = "None"; VariantName = "[No Variations]"
Add component (AddParameter): Name = "Price"; Value = "None"; VariantName = "[No Variations]"
Add component (AddParameter): Name = "Value"; Value = ""; VariantName = "[No Variations]"
Added Component: Designator=J10(5040500691)
Add component (AddParameter): Name = "Copyright"; Value = "Copyright (C) 2025 Ultra Librarian. All rights reserved."; VariantName = "[No Variations]"
Add component (AddParameter): Name = "Datasheet"; Value = "https://www.molex.com/en-us/products/part-detail-pdf/5040500691?display=pdf"; VariantName = "[No Variations]"
Add component (AddParameter): Name = "Manufacturer_Name"; Value = "Molex Connector Corporation"; VariantName = "[No Variations]"
Add component (AddParameter): Name = "Manufacturer_Part_Number"; Value = "5040500691"; VariantName = "[No Variations]"
Add component (AddParameter): Name = "RefDes"; Value = "RefDes"; VariantName = "[No Variations]"
Add component (AddParameter): Name = "Type"; Value = "Type"; VariantName = "[No Variations]"
Added Component: Designator=J14(HDR_M_2.54_1x2)
Added Component: Designator=J15(HDR_M_2.54_1x2)
Added Component: Designator=J16(CON_SD_GSD090012SEU)
Add component (AddParameter): Name = "Assembly Type"; Value = "SMD"; VariantName = "[No Variations]"
Add component (AddParameter): Name = "BOM Notes"; Value = ""; VariantName = "[No Variations]"
Add component (AddParameter): Name = "Category"; Value = "Connector"; VariantName = "[No Variations]"
Add component (AddParameter): Name = "ComponentLink1Description"; Value = "SVN Datasheet"; VariantName = "[No Variations]"
Add component (AddParameter): Name = "ComponentLink1URL"; Value = "https://chn-vm-apps.microchip.com/mchprepo/parts/Datasheets/gsd09001xseu.pdf"; VariantName = "[No Variations]"
Add component (AddParameter): Name = "ComponentLink2Description"; Value = "Local Datasheet"; VariantName = "[No Variations]"
Add component (AddParameter): Name = "ComponentLink2URL"; Value = "C:\ALTIUM_WORK\00001_MCHP-CDB\Datasheets\gsd09001xseu.pdf"; VariantName = "[No Variations]"
Add component (AddParameter): Name = "ComponentLink3Description"; Value = "Open Symbol"; VariantName = "[No Variations]"
Add component (AddParameter): Name = "ComponentLink3URL"; Value = "C:\ALTIUM_WORK\00001_MCHP-CDB\Library\LibraryRefs\CON SD CARD 11P_amphenol.SchLib"; VariantName = "[No Variations]"
Add component (AddParameter): Name = "ComponentLink4Description"; Value = "Open Footprint"; VariantName = "[No Variations]"
Add component (AddParameter): Name = "ComponentLink4URL"; Value = "C:\ALTIUM_WORK\00001_MCHP-CDB\Library\Footprints\CON_SD_GSD090012SEU.PcbLib"; VariantName = "[No Variations]"
Add component (AddParameter): Name = "ComponentLink5Description"; Value = "Open Footprint 2"; VariantName = "[No Variations]"
Add component (AddParameter): Name = "ComponentLink6Description"; Value = "Open Footprint 3"; VariantName = "[No Variations]"
Add component (AddParameter): Name = "ComponentLink7Description"; Value = "Open Footprint 4"; VariantName = "[No Variations]"
Add component (AddParameter): Name = "Current"; Value = "0.5A"; VariantName = "[No Variations]"
Add component (AddParameter): Name = "Description_"; Value = "CON FLASH SD 9+2P PUSH-PUSH SMD R/A"; VariantName = "[No Variations]"
Add component (AddParameter): Name = "Dev Tools Status"; Value = "Production"; VariantName = "[No Variations]"
Add component (AddParameter): Name = "Manufacturer 1"; Value = "Amphenol ICC (Commercial Products)"; VariantName = "[No Variations]"
Add component (AddParameter): Name = "Manufacturer Part Number 1"; Value = "GSD090012SEU"; VariantName = "[No Variations]"
Add component (AddParameter): Name = "MCHP-ID"; Value = "CON2490"; VariantName = "[No Variations]"
Add component (AddParameter): Name = "Operating Temperature"; Value = "-40C to +90C"; VariantName = "[No Variations]"
Add component (AddParameter): Name = "Owner"; Value = "Ciprian Abramov"; VariantName = "[No Variations]"
Add component (AddParameter): Name = "Populated"; Value = "YES"; VariantName = "[No Variations]"
Add component (AddParameter): Name = "Quantity Override"; Value = "1"; VariantName = "[No Variations]"
Add component (AddParameter): Name = "Restricted Sourcing"; Value = "No"; VariantName = "[No Variations]"
Add component (AddParameter): Name = "Revision"; Value = "2"; VariantName = "[No Variations]"
Add component (AddParameter): Name = "Status"; Value = "MCL Design"; VariantName = "[No Variations]"
Add component (AddParameter): Name = "Supplier 1"; Value = "Digi-Key"; VariantName = "[No Variations]"
Add component (AddParameter): Name = "Supplier Part Number 1"; Value = "664-GSD090012SEUCT-ND"; VariantName = "[No Variations]"
Add component (AddParameter): Name = "Symbol"; Value = "CON SD CARD 11P_amphenol"; VariantName = "[No Variations]"
Add component (AddParameter): Name = "Type"; Value = "Flash Card"; VariantName = "[No Variations]"
Add component (AddParameter): Name = "Value"; Value = "SD Card 11P Receptacle"; VariantName = "[No Variations]"
Add component (AddParameter): Name = "Voltage"; Value = "5V"; VariantName = "[No Variations]"
Added Component: Designator=J17(GCT_USB4520-03-0-A_REVA)
Add component (AddParameter): Name = "Check_prices"; Value = "https://www.snapeda.com/parts/USB4520-03-0-A/Global+Connector+Technology/view-part/?ref=eda"; VariantName = "[No Variations]"
Add component (AddParameter): Name = "MF"; Value = "Global Connector Technology"; VariantName = "[No Variations]"
Add component (AddParameter): Name = "MP"; Value = "USB4520-03-0-A"; VariantName = "[No Variations]"
Add component (AddParameter): Name = "Package"; Value = "None"; VariantName = "[No Variations]"
Add component (AddParameter): Name = "SnapEDA_Link"; Value = "https://www.snapeda.com/parts/USB4520-03-0-A/Global+Connector+Technology/view-part/?ref=snap"; VariantName = "[No Variations]"
Add component (AddParameter): Name = "Value"; Value = ""; VariantName = "[No Variations]"
Added Component: Designator=J18(Header_254P_6x1)
Added Component: Designator=J19(HDR_M_2.54_2X10_SBH11-PBPC-D10-ST-BK)
Add component (AddParameter): Name = "Assembly Type"; Value = "TH"; VariantName = "[No Variations]"
Add component (AddParameter): Name = "BOM Notes"; Value = ""; VariantName = "[No Variations]"
Add component (AddParameter): Name = "Category"; Value = "Connector"; VariantName = "[No Variations]"
Add component (AddParameter): Name = "ComponentLink1Description"; Value = "SVN Datasheet"; VariantName = "[No Variations]"
Add component (AddParameter): Name = "ComponentLink1URL"; Value = "https://chn-vm-apps.microchip.com/mchprepo/parts/Datasheets/bhr-xx-vua-data-sheet.pdf"; VariantName = "[No Variations]"
Add component (AddParameter): Name = "ComponentLink2Description"; Value = "Local Datasheet"; VariantName = "[No Variations]"
Add component (AddParameter): Name = "ComponentLink2URL"; Value = "C:\ALTIUM_WORK\00001_MCHP-CDB\Datasheets\bhr-xx-vua-data-sheet.pdf"; VariantName = "[No Variations]"
Add component (AddParameter): Name = "ComponentLink3Description"; Value = "Open Symbol"; VariantName = "[No Variations]"
Add component (AddParameter): Name = "ComponentLink3URL"; Value = "C:\ALTIUM_WORK\00001_MCHP-CDB\Library\LibraryRefs\Header 2x10.SchLib"; VariantName = "[No Variations]"
Add component (AddParameter): Name = "ComponentLink4Description"; Value = "Open Footprint"; VariantName = "[No Variations]"
Add component (AddParameter): Name = "ComponentLink4URL"; Value = "C:\ALTIUM_WORK\00001_MCHP-CDB\Library\Footprints\HDR_M_2.54_2X10_SBH11-PBPC-D10-ST-BK.PcbLib"; VariantName = "[No Variations]"
Add component (AddParameter): Name = "ComponentLink5Description"; Value = "Open Footprint 2"; VariantName = "[No Variations]"
Add component (AddParameter): Name = "ComponentLink6Description"; Value = "Open Footprint 3"; VariantName = "[No Variations]"
Add component (AddParameter): Name = "ComponentLink7Description"; Value = "Open Footprint 4"; VariantName = "[No Variations]"
Add component (AddParameter): Name = "Current"; Value = "3A"; VariantName = "[No Variations]"
Add component (AddParameter): Name = "Description_"; Value = "CON HDR-2.54 Male 2x10 Gold Shroud 9.1MH TH VERT"; VariantName = "[No Variations]"
Add component (AddParameter): Name = "Dev Tools Status"; Value = "Design"; VariantName = "[No Variations]"
Add component (AddParameter): Name = "Manufacturer 1"; Value = "Adam Tech"; VariantName = "[No Variations]"
Add component (AddParameter): Name = "Manufacturer Part Number 1"; Value = "BHR-20-VUA"; VariantName = "[No Variations]"
Add component (AddParameter): Name = "MCHP-ID"; Value = "CON2625"; VariantName = "[No Variations]"
Add component (AddParameter): Name = "Operating Temperature"; Value = "-50C to +105C"; VariantName = "[No Variations]"
Add component (AddParameter): Name = "Owner"; Value = "Dragos Danaila"; VariantName = "[No Variations]"
Add component (AddParameter): Name = "Populated"; Value = "YES"; VariantName = "[No Variations]"
Add component (AddParameter): Name = "Quantity Override"; Value = "1"; VariantName = "[No Variations]"
Add component (AddParameter): Name = "Revision"; Value = "1"; VariantName = "[No Variations]"
Add component (AddParameter): Name = "Status"; Value = "MCL Design"; VariantName = "[No Variations]"
Add component (AddParameter): Name = "Supplier 1"; Value = "Digi-Key"; VariantName = "[No Variations]"
Add component (AddParameter): Name = "Supplier Part Number 1"; Value = "2057-BHR-20-VUA-ND"; VariantName = "[No Variations]"
Add component (AddParameter): Name = "Symbol"; Value = "Header 2x10"; VariantName = "[No Variations]"
Add component (AddParameter): Name = "Type"; Value = "Header 2.54mm"; VariantName = "[No Variations]"
Add component (AddParameter): Name = "Value"; Value = "2x10 2.54mm shrouded"; VariantName = "[No Variations]"
Add component (AddParameter): Name = "Voltage"; Value = "250VAC"; VariantName = "[No Variations]"
Added Component: Designator=J20(5040500991)
Added Component: Designator=J21(Header_254P_5x2_Z)
Added Component: Designator=J22(Header_254P_5x2_Z)
Added Component: Designator=J?(5040500591)
Add component (AddParameter): Name = "Copyright"; Value = "Copyright (C) 2025 Ultra Librarian. All rights reserved."; VariantName = "[No Variations]"
Add component (AddParameter): Name = "Manufacturer_Name"; Value = "Molex Connector Corporation"; VariantName = "[No Variations]"
Add component (AddParameter): Name = "Manufacturer_Part_Number"; Value = "5040500591"; VariantName = "[No Variations]"
Add component (AddParameter): Name = "RefDes"; Value = "RefDes"; VariantName = "[No Variations]"
Add component (AddParameter): Name = "Type"; Value = "Type"; VariantName = "[No Variations]"
Added Component: Designator=J?(MOLEX_532610671)
Add component (AddParameter): Name = "Availability"; Value = "Unavailable"; VariantName = "[No Variations]"
Add component (AddParameter): Name = "MF"; Value = ""; VariantName = "[No Variations]"
Add component (AddParameter): Name = "MP"; Value = "532610671"; VariantName = "[No Variations]"
Add component (AddParameter): Name = "Package"; Value = "None"; VariantName = "[No Variations]"
Add component (AddParameter): Name = "Price"; Value = "None"; VariantName = "[No Variations]"
Add component (AddParameter): Name = "Value"; Value = ""; VariantName = "[No Variations]"
Added Component: Designator=L1(SRP7050TA-220M)
Added Component: Designator=L2(INDC2520X120N)
Add component (AddParameter): Name = "Availability"; Value = "Unavailable"; VariantName = "[No Variations]"
Add component (AddParameter): Name = "MF"; Value = ""; VariantName = "[No Variations]"
Add component (AddParameter): Name = "MP"; Value = "DFE252012P-1R5M=P2"; VariantName = "[No Variations]"
Add component (AddParameter): Name = "Package"; Value = "None"; VariantName = "[No Variations]"
Add component (AddParameter): Name = "Price"; Value = "None"; VariantName = "[No Variations]"
Add component (AddParameter): Name = "Value"; Value = ""; VariantName = "[No Variations]"
Added Component: Designator=L3(INDC2520X120N)
Add component (AddParameter): Name = "Availability"; Value = "Unavailable"; VariantName = "[No Variations]"
Add component (AddParameter): Name = "MF"; Value = ""; VariantName = "[No Variations]"
Add component (AddParameter): Name = "MP"; Value = "DFE252012P-1R5M=P2"; VariantName = "[No Variations]"
Add component (AddParameter): Name = "Package"; Value = "None"; VariantName = "[No Variations]"
Add component (AddParameter): Name = "Price"; Value = "None"; VariantName = "[No Variations]"
Add component (AddParameter): Name = "Value"; Value = ""; VariantName = "[No Variations]"
Added Component: Designator=L4(INDC2520X120N)
Add component (AddParameter): Name = "Availability"; Value = "Unavailable"; VariantName = "[No Variations]"
Add component (AddParameter): Name = "MF"; Value = ""; VariantName = "[No Variations]"
Add component (AddParameter): Name = "MP"; Value = "DFE252012P-1R5M=P2"; VariantName = "[No Variations]"
Add component (AddParameter): Name = "Package"; Value = "None"; VariantName = "[No Variations]"
Add component (AddParameter): Name = "Price"; Value = "None"; VariantName = "[No Variations]"
Add component (AddParameter): Name = "Value"; Value = ""; VariantName = "[No Variations]"
Added Component: Designator=L5(INDC2520X120N)
Add component (AddParameter): Name = "Availability"; Value = "Unavailable"; VariantName = "[No Variations]"
Add component (AddParameter): Name = "MF"; Value = ""; VariantName = "[No Variations]"
Add component (AddParameter): Name = "MP"; Value = "DFE252012P-1R5M=P2"; VariantName = "[No Variations]"
Add component (AddParameter): Name = "Package"; Value = "None"; VariantName = "[No Variations]"
Add component (AddParameter): Name = "Price"; Value = "None"; VariantName = "[No Variations]"
Add component (AddParameter): Name = "Value"; Value = ""; VariantName = "[No Variations]"
Added Component: Designator=Q1(SOT95P240X120-3N)
Add component (AddParameter): Name = "Check_prices"; Value = "https://www.snapeda.com/parts/MMBT2222A/Diotec/view-part/?ref=eda"; VariantName = "[No Variations]"
Add component (AddParameter): Name = "MF"; Value = "Diotec Semiconductor"; VariantName = "[No Variations]"
Add component (AddParameter): Name = "MP"; Value = "MMBT2222A"; VariantName = "[No Variations]"
Add component (AddParameter): Name = "Package"; Value = "SOT-23 Diotec"; VariantName = "[No Variations]"
Add component (AddParameter): Name = "SnapEDA_Link"; Value = "https://www.snapeda.com/parts/MMBT2222A/Diotec/view-part/?ref=snap"; VariantName = "[No Variations]"
Add component (AddParameter): Name = "Value"; Value = ""; VariantName = "[No Variations]"
Added Component: Designator=Q2(SOT95P280X125-3N)
Add component (AddParameter): Name = "Check_prices"; Value = "https://www.snapeda.com/parts/AO3400A/Alpha/view-part/?ref=eda"; VariantName = "[No Variations]"
Add component (AddParameter): Name = "MF"; Value = "Alpha & Omega Semiconductor"; VariantName = "[No Variations]"
Add component (AddParameter): Name = "MP"; Value = "AO3400A"; VariantName = "[No Variations]"
Add component (AddParameter): Name = "Package"; Value = "SOT-23 Alpha &amp; Omega Semiconductor Inc."; VariantName = "[No Variations]"
Add component (AddParameter): Name = "SnapEDA_Link"; Value = "https://www.snapeda.com/parts/AO3400A/Alpha/view-part/?ref=snap"; VariantName = "[No Variations]"
Add component (AddParameter): Name = "Value"; Value = ""; VariantName = "[No Variations]"
Added Component: Designator=Q3(SOT95P280X125-3N)
Add component (AddParameter): Name = "Check_prices"; Value = "https://www.snapeda.com/parts/AO3400A/Alpha/view-part/?ref=eda"; VariantName = "[No Variations]"
Add component (AddParameter): Name = "MF"; Value = "Alpha & Omega Semiconductor"; VariantName = "[No Variations]"
Add component (AddParameter): Name = "MP"; Value = "AO3400A"; VariantName = "[No Variations]"
Add component (AddParameter): Name = "Package"; Value = "SOT-23 Alpha &amp; Omega Semiconductor Inc."; VariantName = "[No Variations]"
Add component (AddParameter): Name = "SnapEDA_Link"; Value = "https://www.snapeda.com/parts/AO3400A/Alpha/view-part/?ref=snap"; VariantName = "[No Variations]"
Add component (AddParameter): Name = "Value"; Value = ""; VariantName = "[No Variations]"
Added Component: Designator=Q4(SOT95P280X125-3N)
Add component (AddParameter): Name = "Check_prices"; Value = "https://www.snapeda.com/parts/AO3400A/Alpha/view-part/?ref=eda"; VariantName = "[No Variations]"
Add component (AddParameter): Name = "MF"; Value = "Alpha & Omega Semiconductor"; VariantName = "[No Variations]"
Add component (AddParameter): Name = "MP"; Value = "AO3400A"; VariantName = "[No Variations]"
Add component (AddParameter): Name = "Package"; Value = "SOT-23 Alpha &amp; Omega Semiconductor Inc."; VariantName = "[No Variations]"
Add component (AddParameter): Name = "SnapEDA_Link"; Value = "https://www.snapeda.com/parts/AO3400A/Alpha/view-part/?ref=snap"; VariantName = "[No Variations]"
Add component (AddParameter): Name = "Value"; Value = ""; VariantName = "[No Variations]"
Added Component: Designator=Q5(SOT95P280X125-3N)
Add component (AddParameter): Name = "Check_prices"; Value = "https://www.snapeda.com/parts/AO3400A/Alpha/view-part/?ref=eda"; VariantName = "[No Variations]"
Add component (AddParameter): Name = "MF"; Value = "Alpha & Omega Semiconductor"; VariantName = "[No Variations]"
Add component (AddParameter): Name = "MP"; Value = "AO3400A"; VariantName = "[No Variations]"
Add component (AddParameter): Name = "Package"; Value = "SOT-23 Alpha &amp; Omega Semiconductor Inc."; VariantName = "[No Variations]"
Add component (AddParameter): Name = "SnapEDA_Link"; Value = "https://www.snapeda.com/parts/AO3400A/Alpha/view-part/?ref=snap"; VariantName = "[No Variations]"
Add component (AddParameter): Name = "Value"; Value = ""; VariantName = "[No Variations]"
Added Component: Designator=Q6(SOT95P280X125-3N)
Add component (AddParameter): Name = "Check_prices"; Value = "https://www.snapeda.com/parts/AO3400A/Alpha/view-part/?ref=eda"; VariantName = "[No Variations]"
Add component (AddParameter): Name = "MF"; Value = "Alpha & Omega Semiconductor"; VariantName = "[No Variations]"
Add component (AddParameter): Name = "MP"; Value = "AO3400A"; VariantName = "[No Variations]"
Add component (AddParameter): Name = "Package"; Value = "SOT-23 Alpha &amp; Omega Semiconductor Inc."; VariantName = "[No Variations]"
Add component (AddParameter): Name = "SnapEDA_Link"; Value = "https://www.snapeda.com/parts/AO3400A/Alpha/view-part/?ref=snap"; VariantName = "[No Variations]"
Add component (AddParameter): Name = "Value"; Value = ""; VariantName = "[No Variations]"
Added Component: Designator=Q7(SOT95P280X125-3N)
Add component (AddParameter): Name = "Check_prices"; Value = "https://www.snapeda.com/parts/AO3400A/Alpha/view-part/?ref=eda"; VariantName = "[No Variations]"
Add component (AddParameter): Name = "MF"; Value = "Alpha & Omega Semiconductor"; VariantName = "[No Variations]"
Add component (AddParameter): Name = "MP"; Value = "AO3400A"; VariantName = "[No Variations]"
Add component (AddParameter): Name = "Package"; Value = "SOT-23 Alpha &amp; Omega Semiconductor Inc."; VariantName = "[No Variations]"
Add component (AddParameter): Name = "SnapEDA_Link"; Value = "https://www.snapeda.com/parts/AO3400A/Alpha/view-part/?ref=snap"; VariantName = "[No Variations]"
Add component (AddParameter): Name = "Value"; Value = ""; VariantName = "[No Variations]"
Added Component: Designator=Q8(SOT95P280X125-3N)
Add component (AddParameter): Name = "Check_prices"; Value = "https://www.snapeda.com/parts/AO3400A/Alpha/view-part/?ref=eda"; VariantName = "[No Variations]"
Add component (AddParameter): Name = "MF"; Value = "Alpha & Omega Semiconductor"; VariantName = "[No Variations]"
Add component (AddParameter): Name = "MP"; Value = "AO3400A"; VariantName = "[No Variations]"
Add component (AddParameter): Name = "Package"; Value = "SOT-23 Alpha &amp; Omega Semiconductor Inc."; VariantName = "[No Variations]"
Add component (AddParameter): Name = "SnapEDA_Link"; Value = "https://www.snapeda.com/parts/AO3400A/Alpha/view-part/?ref=snap"; VariantName = "[No Variations]"
Add component (AddParameter): Name = "Value"; Value = ""; VariantName = "[No Variations]"
Added Component: Designator=R1(RES_C_1005X40)
Added Component: Designator=R2(RES_C_1005X40)
Added Component: Designator=R3(RES_C_1005X40)
Added Component: Designator=R4(RES_C_1005X40)
Added Component: Designator=R5(RES_C_1005X40)
Added Component: Designator=R6(RES_C_1005X40)
Added Component: Designator=R7(RES_C_1005X40)
Added Component: Designator=R8(RES_C_1005X40)
Added Component: Designator=R9(RES_C_1005X40)
Added Component: Designator=R10(RES_C_1005X40)
Added Component: Designator=R11(RES_C_1005X40)
Added Component: Designator=R12(RES_C_1005X40)
Added Component: Designator=R13(RES_C_1005X40)
Added Component: Designator=R17(RES_C_1005X40)
Added Component: Designator=R19(RES_C_1005X40)
Added Component: Designator=R21(RES_C_1005X40)
Added Component: Designator=R22(RES_C_1005X40)
Added Component: Designator=R23(RES_C_1005X40)
Added Component: Designator=R24(RES_C_1005X40)
Added Component: Designator=R25(RES_C_1005X40)
Added Component: Designator=R26(RES_C_1005X40)
Added Component: Designator=R27(RES_C_1005X40)
Added Component: Designator=R28(RES_C_1206_SHUNT)
Add component (AddParameter): Name = "BOM Notes"; Value = ""; VariantName = "[No Variations]"
Add component (AddParameter): Name = "Category"; Value = "Resistor"; VariantName = "[No Variations]"
Add component (AddParameter): Name = "ComponentLink1Description"; Value = "SVN Datasheet"; VariantName = "[No Variations]"
Add component (AddParameter): Name = "ComponentLink1URL"; Value = "https://chn-vm-apps.microchip.com/mchprepo/parts/Datasheets/n_catalog_partition09_en.pdf"; VariantName = "[No Variations]"
Add component (AddParameter): Name = "ComponentLink2Description"; Value = "Local Datasheet"; VariantName = "[No Variations]"
Add component (AddParameter): Name = "ComponentLink2URL"; Value = "C:\ALTIUM_WORK\00001_MCHP-CDB\Datasheets\n_catalog_partition09_en.pdf"; VariantName = "[No Variations]"
Add component (AddParameter): Name = "ComponentLink3Description"; Value = "Open Symbol"; VariantName = "[No Variations]"
Add component (AddParameter): Name = "ComponentLink3URL"; Value = "C:\ALTIUM_WORK\00001_MCHP-CDB\Library\LibraryRefs\Shunt 4 Pin.SchLib"; VariantName = "[No Variations]"
Add component (AddParameter): Name = "ComponentLink4Description"; Value = "Open Footprint"; VariantName = "[No Variations]"
Add component (AddParameter): Name = "ComponentLink4URL"; Value = "C:\ALTIUM_WORK\00001_MCHP-CDB\Library\Footprints\RES_C_1206_SHUNT.PcbLib"; VariantName = "[No Variations]"
Add component (AddParameter): Name = "ComponentLink5Description"; Value = "Open Footprint 2"; VariantName = "[No Variations]"
Add component (AddParameter): Name = "ComponentLink6Description"; Value = "Open Footprint 3"; VariantName = "[No Variations]"
Add component (AddParameter): Name = "ComponentLink7Description"; Value = "Open Footprint 4"; VariantName = "[No Variations]"
Add component (AddParameter): Name = "Composition"; Value = "MF"; VariantName = "[No Variations]"
Add component (AddParameter): Name = "Current"; Value = "4A"; VariantName = "[No Variations]"
Add component (AddParameter): Name = "Description_"; Value = "RES SHUNT MF 0.047R 1% 3/4W SMD 1206"; VariantName = "[No Variations]"
Add component (AddParameter): Name = "Dev Tools Status"; Value = "Design"; VariantName = "[No Variations]"
Add component (AddParameter): Name = "Manufacturer 1"; Value = "SUSUMU"; VariantName = "[No Variations]"
Add component (AddParameter): Name = "Manufacturer Part Number 1"; Value = "KRL1632E-M-R047-F-T5"; VariantName = "[No Variations]"
Add component (AddParameter): Name = "MCHP-ID"; Value = "RSMT1405"; VariantName = "[No Variations]"
Add component (AddParameter): Name = "Operating Temperature"; Value = "-55C to 155C"; VariantName = "[No Variations]"
Add component (AddParameter): Name = "Owner"; Value = "Ciprian Abramov"; VariantName = "[No Variations]"
Add component (AddParameter): Name = "Package"; Value = "1206"; VariantName = "[No Variations]"
Add component (AddParameter): Name = "Populated"; Value = "YES"; VariantName = "[No Variations]"
Add component (AddParameter): Name = "Power"; Value = "3/4W"; VariantName = "[No Variations]"
Add component (AddParameter): Name = "Quantity Override"; Value = "1"; VariantName = "[No Variations]"
Add component (AddParameter): Name = "Restricted Sourcing"; Value = "No"; VariantName = "[No Variations]"
Add component (AddParameter): Name = "Revision"; Value = "1"; VariantName = "[No Variations]"
Add component (AddParameter): Name = "Status"; Value = "MCL Design"; VariantName = "[No Variations]"
Add component (AddParameter): Name = "Supplier 1"; Value = "Digi-Key"; VariantName = "[No Variations]"
Add component (AddParameter): Name = "Supplier Part Number 1"; Value = "408-1578-2-ND"; VariantName = "[No Variations]"
Add component (AddParameter): Name = "Symbol"; Value = "Shunt 4 Pin"; VariantName = "[No Variations]"
Add component (AddParameter): Name = "Temperature Coefficient"; Value = "±50ppm/C"; VariantName = "[No Variations]"
Add component (AddParameter): Name = "Tolerance"; Value = "1%"; VariantName = "[No Variations]"
Add component (AddParameter): Name = "Type"; Value = "Shunt"; VariantName = "[No Variations]"
Add component (AddParameter): Name = "Value"; Value = "0.047R"; VariantName = "[No Variations]"
Added Component: Designator=R29(RES_C_1206_SHUNT)
Add component (AddParameter): Name = "BOM Notes"; Value = ""; VariantName = "[No Variations]"
Add component (AddParameter): Name = "Category"; Value = "Resistor"; VariantName = "[No Variations]"
Add component (AddParameter): Name = "ComponentLink1Description"; Value = "SVN Datasheet"; VariantName = "[No Variations]"
Add component (AddParameter): Name = "ComponentLink1URL"; Value = "https://chn-vm-apps.microchip.com/mchprepo/parts/Datasheets/n_catalog_partition09_en.pdf"; VariantName = "[No Variations]"
Add component (AddParameter): Name = "ComponentLink2Description"; Value = "Local Datasheet"; VariantName = "[No Variations]"
Add component (AddParameter): Name = "ComponentLink2URL"; Value = "C:\ALTIUM_WORK\00001_MCHP-CDB\Datasheets\n_catalog_partition09_en.pdf"; VariantName = "[No Variations]"
Add component (AddParameter): Name = "ComponentLink3Description"; Value = "Open Symbol"; VariantName = "[No Variations]"
Add component (AddParameter): Name = "ComponentLink3URL"; Value = "C:\ALTIUM_WORK\00001_MCHP-CDB\Library\LibraryRefs\Shunt 4 Pin.SchLib"; VariantName = "[No Variations]"
Add component (AddParameter): Name = "ComponentLink4Description"; Value = "Open Footprint"; VariantName = "[No Variations]"
Add component (AddParameter): Name = "ComponentLink4URL"; Value = "C:\ALTIUM_WORK\00001_MCHP-CDB\Library\Footprints\RES_C_1206_SHUNT.PcbLib"; VariantName = "[No Variations]"
Add component (AddParameter): Name = "ComponentLink5Description"; Value = "Open Footprint 2"; VariantName = "[No Variations]"
Add component (AddParameter): Name = "ComponentLink6Description"; Value = "Open Footprint 3"; VariantName = "[No Variations]"
Add component (AddParameter): Name = "ComponentLink7Description"; Value = "Open Footprint 4"; VariantName = "[No Variations]"
Add component (AddParameter): Name = "Composition"; Value = "MF"; VariantName = "[No Variations]"
Add component (AddParameter): Name = "Current"; Value = "4A"; VariantName = "[No Variations]"
Add component (AddParameter): Name = "Description_"; Value = "RES SHUNT MF 0.047R 1% 3/4W SMD 1206"; VariantName = "[No Variations]"
Add component (AddParameter): Name = "Dev Tools Status"; Value = "Design"; VariantName = "[No Variations]"
Add component (AddParameter): Name = "Manufacturer 1"; Value = "SUSUMU"; VariantName = "[No Variations]"
Add component (AddParameter): Name = "Manufacturer Part Number 1"; Value = "KRL1632E-M-R047-F-T5"; VariantName = "[No Variations]"
Add component (AddParameter): Name = "MCHP-ID"; Value = "RSMT1405"; VariantName = "[No Variations]"
Add component (AddParameter): Name = "Operating Temperature"; Value = "-55C to 155C"; VariantName = "[No Variations]"
Add component (AddParameter): Name = "Owner"; Value = "Ciprian Abramov"; VariantName = "[No Variations]"
Add component (AddParameter): Name = "Package"; Value = "1206"; VariantName = "[No Variations]"
Add component (AddParameter): Name = "Populated"; Value = "YES"; VariantName = "[No Variations]"
Add component (AddParameter): Name = "Power"; Value = "3/4W"; VariantName = "[No Variations]"
Add component (AddParameter): Name = "Quantity Override"; Value = "1"; VariantName = "[No Variations]"
Add component (AddParameter): Name = "Restricted Sourcing"; Value = "No"; VariantName = "[No Variations]"
Add component (AddParameter): Name = "Revision"; Value = "1"; VariantName = "[No Variations]"
Add component (AddParameter): Name = "Status"; Value = "MCL Design"; VariantName = "[No Variations]"
Add component (AddParameter): Name = "Supplier 1"; Value = "Digi-Key"; VariantName = "[No Variations]"
Add component (AddParameter): Name = "Supplier Part Number 1"; Value = "408-1578-2-ND"; VariantName = "[No Variations]"
Add component (AddParameter): Name = "Symbol"; Value = "Shunt 4 Pin"; VariantName = "[No Variations]"
Add component (AddParameter): Name = "Temperature Coefficient"; Value = "±50ppm/C"; VariantName = "[No Variations]"
Add component (AddParameter): Name = "Tolerance"; Value = "1%"; VariantName = "[No Variations]"
Add component (AddParameter): Name = "Type"; Value = "Shunt"; VariantName = "[No Variations]"
Add component (AddParameter): Name = "Value"; Value = "0.047R"; VariantName = "[No Variations]"
Added Component: Designator=R30(RES_C_1206_SHUNT)
Add component (AddParameter): Name = "BOM Notes"; Value = ""; VariantName = "[No Variations]"
Add component (AddParameter): Name = "Category"; Value = "Resistor"; VariantName = "[No Variations]"
Add component (AddParameter): Name = "ComponentLink1Description"; Value = "SVN Datasheet"; VariantName = "[No Variations]"
Add component (AddParameter): Name = "ComponentLink1URL"; Value = "https://chn-vm-apps.microchip.com/mchprepo/parts/Datasheets/n_catalog_partition09_en.pdf"; VariantName = "[No Variations]"
Add component (AddParameter): Name = "ComponentLink2Description"; Value = "Local Datasheet"; VariantName = "[No Variations]"
Add component (AddParameter): Name = "ComponentLink2URL"; Value = "C:\ALTIUM_WORK\00001_MCHP-CDB\Datasheets\n_catalog_partition09_en.pdf"; VariantName = "[No Variations]"
Add component (AddParameter): Name = "ComponentLink3Description"; Value = "Open Symbol"; VariantName = "[No Variations]"
Add component (AddParameter): Name = "ComponentLink3URL"; Value = "C:\ALTIUM_WORK\00001_MCHP-CDB\Library\LibraryRefs\Shunt 4 Pin.SchLib"; VariantName = "[No Variations]"
Add component (AddParameter): Name = "ComponentLink4Description"; Value = "Open Footprint"; VariantName = "[No Variations]"
Add component (AddParameter): Name = "ComponentLink4URL"; Value = "C:\ALTIUM_WORK\00001_MCHP-CDB\Library\Footprints\RES_C_1206_SHUNT.PcbLib"; VariantName = "[No Variations]"
Add component (AddParameter): Name = "ComponentLink5Description"; Value = "Open Footprint 2"; VariantName = "[No Variations]"
Add component (AddParameter): Name = "ComponentLink6Description"; Value = "Open Footprint 3"; VariantName = "[No Variations]"
Add component (AddParameter): Name = "ComponentLink7Description"; Value = "Open Footprint 4"; VariantName = "[No Variations]"
Add component (AddParameter): Name = "Composition"; Value = "MF"; VariantName = "[No Variations]"
Add component (AddParameter): Name = "Current"; Value = "4A"; VariantName = "[No Variations]"
Add component (AddParameter): Name = "Description_"; Value = "RES SHUNT MF 0.047R 1% 3/4W SMD 1206"; VariantName = "[No Variations]"
Add component (AddParameter): Name = "Dev Tools Status"; Value = "Design"; VariantName = "[No Variations]"
Add component (AddParameter): Name = "Manufacturer 1"; Value = "SUSUMU"; VariantName = "[No Variations]"
Add component (AddParameter): Name = "Manufacturer Part Number 1"; Value = "KRL1632E-M-R047-F-T5"; VariantName = "[No Variations]"
Add component (AddParameter): Name = "MCHP-ID"; Value = "RSMT1405"; VariantName = "[No Variations]"
Add component (AddParameter): Name = "Operating Temperature"; Value = "-55C to 155C"; VariantName = "[No Variations]"
Add component (AddParameter): Name = "Owner"; Value = "Ciprian Abramov"; VariantName = "[No Variations]"
Add component (AddParameter): Name = "Package"; Value = "1206"; VariantName = "[No Variations]"
Add component (AddParameter): Name = "Populated"; Value = "YES"; VariantName = "[No Variations]"
Add component (AddParameter): Name = "Power"; Value = "3/4W"; VariantName = "[No Variations]"
Add component (AddParameter): Name = "Quantity Override"; Value = "1"; VariantName = "[No Variations]"
Add component (AddParameter): Name = "Restricted Sourcing"; Value = "No"; VariantName = "[No Variations]"
Add component (AddParameter): Name = "Revision"; Value = "1"; VariantName = "[No Variations]"
Add component (AddParameter): Name = "Status"; Value = "MCL Design"; VariantName = "[No Variations]"
Add component (AddParameter): Name = "Supplier 1"; Value = "Digi-Key"; VariantName = "[No Variations]"
Add component (AddParameter): Name = "Supplier Part Number 1"; Value = "408-1578-2-ND"; VariantName = "[No Variations]"
Add component (AddParameter): Name = "Symbol"; Value = "Shunt 4 Pin"; VariantName = "[No Variations]"
Add component (AddParameter): Name = "Temperature Coefficient"; Value = "±50ppm/C"; VariantName = "[No Variations]"
Add component (AddParameter): Name = "Tolerance"; Value = "1%"; VariantName = "[No Variations]"
Add component (AddParameter): Name = "Type"; Value = "Shunt"; VariantName = "[No Variations]"
Add component (AddParameter): Name = "Value"; Value = "0.047R"; VariantName = "[No Variations]"
Added Component: Designator=R31(RES_C_1206_SHUNT)
Add component (AddParameter): Name = "BOM Notes"; Value = ""; VariantName = "[No Variations]"
Add component (AddParameter): Name = "Category"; Value = "Resistor"; VariantName = "[No Variations]"
Add component (AddParameter): Name = "ComponentLink1Description"; Value = "SVN Datasheet"; VariantName = "[No Variations]"
Add component (AddParameter): Name = "ComponentLink1URL"; Value = "https://chn-vm-apps.microchip.com/mchprepo/parts/Datasheets/n_catalog_partition09_en.pdf"; VariantName = "[No Variations]"
Add component (AddParameter): Name = "ComponentLink2Description"; Value = "Local Datasheet"; VariantName = "[No Variations]"
Add component (AddParameter): Name = "ComponentLink2URL"; Value = "C:\ALTIUM_WORK\00001_MCHP-CDB\Datasheets\n_catalog_partition09_en.pdf"; VariantName = "[No Variations]"
Add component (AddParameter): Name = "ComponentLink3Description"; Value = "Open Symbol"; VariantName = "[No Variations]"
Add component (AddParameter): Name = "ComponentLink3URL"; Value = "C:\ALTIUM_WORK\00001_MCHP-CDB\Library\LibraryRefs\Shunt 4 Pin.SchLib"; VariantName = "[No Variations]"
Add component (AddParameter): Name = "ComponentLink4Description"; Value = "Open Footprint"; VariantName = "[No Variations]"
Add component (AddParameter): Name = "ComponentLink4URL"; Value = "C:\ALTIUM_WORK\00001_MCHP-CDB\Library\Footprints\RES_C_1206_SHUNT.PcbLib"; VariantName = "[No Variations]"
Add component (AddParameter): Name = "ComponentLink5Description"; Value = "Open Footprint 2"; VariantName = "[No Variations]"
Add component (AddParameter): Name = "ComponentLink6Description"; Value = "Open Footprint 3"; VariantName = "[No Variations]"
Add component (AddParameter): Name = "ComponentLink7Description"; Value = "Open Footprint 4"; VariantName = "[No Variations]"
Add component (AddParameter): Name = "Composition"; Value = "MF"; VariantName = "[No Variations]"
Add component (AddParameter): Name = "Current"; Value = "4A"; VariantName = "[No Variations]"
Add component (AddParameter): Name = "Description_"; Value = "RES SHUNT MF 0.047R 1% 3/4W SMD 1206"; VariantName = "[No Variations]"
Add component (AddParameter): Name = "Dev Tools Status"; Value = "Design"; VariantName = "[No Variations]"
Add component (AddParameter): Name = "Manufacturer 1"; Value = "SUSUMU"; VariantName = "[No Variations]"
Add component (AddParameter): Name = "Manufacturer Part Number 1"; Value = "KRL1632E-M-R047-F-T5"; VariantName = "[No Variations]"
Add component (AddParameter): Name = "MCHP-ID"; Value = "RSMT1405"; VariantName = "[No Variations]"
Add component (AddParameter): Name = "Operating Temperature"; Value = "-55C to 155C"; VariantName = "[No Variations]"
Add component (AddParameter): Name = "Owner"; Value = "Ciprian Abramov"; VariantName = "[No Variations]"
Add component (AddParameter): Name = "Package"; Value = "1206"; VariantName = "[No Variations]"
Add component (AddParameter): Name = "Populated"; Value = "YES"; VariantName = "[No Variations]"
Add component (AddParameter): Name = "Power"; Value = "3/4W"; VariantName = "[No Variations]"
Add component (AddParameter): Name = "Quantity Override"; Value = "1"; VariantName = "[No Variations]"
Add component (AddParameter): Name = "Restricted Sourcing"; Value = "No"; VariantName = "[No Variations]"
Add component (AddParameter): Name = "Revision"; Value = "1"; VariantName = "[No Variations]"
Add component (AddParameter): Name = "Status"; Value = "MCL Design"; VariantName = "[No Variations]"
Add component (AddParameter): Name = "Supplier 1"; Value = "Digi-Key"; VariantName = "[No Variations]"
Add component (AddParameter): Name = "Supplier Part Number 1"; Value = "408-1578-2-ND"; VariantName = "[No Variations]"
Add component (AddParameter): Name = "Symbol"; Value = "Shunt 4 Pin"; VariantName = "[No Variations]"
Add component (AddParameter): Name = "Temperature Coefficient"; Value = "±50ppm/C"; VariantName = "[No Variations]"
Add component (AddParameter): Name = "Tolerance"; Value = "1%"; VariantName = "[No Variations]"
Add component (AddParameter): Name = "Type"; Value = "Shunt"; VariantName = "[No Variations]"
Add component (AddParameter): Name = "Value"; Value = "0.047R"; VariantName = "[No Variations]"
Added Component: Designator=R32(RES_C_1005X40)
Added Component: Designator=R33(RES_C_1005X40)
Added Component: Designator=R34(RES_C_1005X40)
Added Component: Designator=R35(RES_C_1005X40)
Added Component: Designator=R36(RES_C_1005X40)
Added Component: Designator=R37(RES_C_1005X40)
Added Component: Designator=R38(RES_C_1005X40)
Added Component: Designator=R39(RES_C_1005X40)
Added Component: Designator=R40(RES_C_1005X40)
Added Component: Designator=R41(RES_C_1005X40)
Added Component: Designator=R42(RES_C_1005X40)
Added Component: Designator=R43(RES_C_1005X40)
Added Component: Designator=R44(RES_C_1005X40)
Added Component: Designator=R45(RES_C_1005X40)
Added Component: Designator=R46(RES_C_1005X40)
Added Component: Designator=R47(RES_C_1005X40)
Added Component: Designator=R48(RES_C_1005X40)
Added Component: Designator=R49(RES_C_1005X40)
Added Component: Designator=R50(RES_C_1005X40)
Added Component: Designator=R51(RES_C_1005X40)
Added Component: Designator=R52(RES_C_1005X40)
Added Component: Designator=R53(RES_C_1005X40)
Added Component: Designator=R54(RES_C_1005X40)
Added Component: Designator=R55(RES_C_1005X40)
Added Component: Designator=R56(RES_C_1005X40)
Added Component: Designator=R57(RES_C_1005X40)
Added Component: Designator=R58(RES_C_1005X40)
Added Component: Designator=R59(RES_C_1005X40)
Added Component: Designator=R60(RES_C_1005X40)
Added Component: Designator=R61(RES_C_1005X40)
Added Component: Designator=R62(RES_C_1005X40)
Added Component: Designator=R63(RES_C_1005X40)
Added Component: Designator=R64(RES_C_1005X40)
Added Component: Designator=R65(RES_C_1005X40)
Added Component: Designator=R66(RES_C_1005X40)
Added Component: Designator=R67(RES_C_1005X40)
Added Component: Designator=R68(RES_C_1005X40)
Added Component: Designator=R69(RES_C_1005X40)
Added Component: Designator=R70(RES_C_1005X40)
Added Component: Designator=R71(RES_C_1005X40)
Added Component: Designator=R72(RES_C_1005X40)
Added Component: Designator=R73(RES_C_1005X40)
Added Component: Designator=R74(RES_C_1005X40)
Added Component: Designator=R75(RES_C_1005X40)
Added Component: Designator=R76(RES_C_1005X40)
Added Component: Designator=R77(RES_C_1005X40)
Added Component: Designator=R78(RES_C_1005X40)
Added Component: Designator=R79(RES_C_1005X40)
Added Component: Designator=R80(RES_C_1005X40)
Added Component: Designator=R81(RES_C_1005X40)
Added Component: Designator=R82(RES_C_1005X40)
Added Component: Designator=R83(RES_C_1005X40)
Added Component: Designator=R84(RES_C_1005X40)
Added Component: Designator=R85(RES_C_1005X40)
Added Component: Designator=R86(RES_C_1005X40)
Added Component: Designator=R87(RES_C_1005X40)
Added Component: Designator=R88(RES_C_1005X40)
Added Component: Designator=R89(RES_C_1005X40)
Added Component: Designator=R90(RES_C_1005X40)
Added Component: Designator=R91(RES_C_1005X40)
Added Component: Designator=R92(RES_C_1005X40)
Added Component: Designator=R93(RES_C_1005X40)
Added Component: Designator=R94(RES_C_1005X40)
Added Component: Designator=R95(RES_C_1005X40)
Added Component: Designator=R96(RES_C_1005X40)
Added Component: Designator=R97(RES_C_1005X40)
Added Component: Designator=R98(RES_C_1005X40)
Added Component: Designator=R99(RES_C_1005X40)
Added Component: Designator=R100(RES_C_1005X40)
Added Component: Designator=R101(RES_C_1005X40)
Added Component: Designator=R102(RES_C_1005X40)
Added Component: Designator=R103(RES_C_1005X40)
Added Component: Designator=R104(RES_C_1005X40)
Added Component: Designator=R105(RES_C_1005X40)
Added Component: Designator=R106(RES_C_1005X40)
Added Component: Designator=R107(RES_C_1005X40)
Added Component: Designator=R108(RES_C_1005X40)
Added Component: Designator=R109(RES_C_1005X40)
Added Component: Designator=R110(RES_C_1005X40)
Added Component: Designator=R111(RES_C_1005X40)
Added Component: Designator=R112(RES_C_1005X40)
Added Component: Designator=R113(RES_C_1005X40)
Added Component: Designator=R114(RES_C_1005X40)
Added Component: Designator=R115(RES_C_1005X40)
Added Component: Designator=R116(RES_C_1005X40)
Added Component: Designator=R117(RES_C_1005X40)
Added Component: Designator=R118(RES_C_1005X40)
Added Component: Designator=R119(RES_C_1005X40)
Added Component: Designator=R120(RES_C_1005X40)
Added Component: Designator=R121(RES_C_1005X40)
Added Component: Designator=R122(RES_C_1005X40)
Added Component: Designator=R123(RES_C_1005X40)
Added Component: Designator=R124(RES_C_1005X40)
Added Component: Designator=R125(RES_C_1005X40)
Added Component: Designator=R126(RES_C_1005X40)
Added Component: Designator=R127(RES_C_1005X40)
Added Component: Designator=R128(RES_C_1005X40)
Added Component: Designator=R129(RES_C_1005X40)
Added Component: Designator=R130(RES_C_1005X40)
Added Component: Designator=R131(RES_C_1005X40)
Added Component: Designator=R132(RES_C_1005X40)
Added Component: Designator=R133(RES_C_1005X40)
Added Component: Designator=R134(RES_C_1005X40)
Added Component: Designator=R135(RES_C_1005X40)
Added Component: Designator=R136(RES_C_1005X40)
Added Component: Designator=R137(RES_C_1005X40)
Added Component: Designator=R138(RES_C_1005X40)
Added Component: Designator=R139(RES_C_1005X40)
Added Component: Designator=R140(RES_C_1005X40)
Added Component: Designator=R141(RES_C_1005X40)
Added Component: Designator=R142(RES_C_1005X40)
Added Component: Designator=R143(RES_C_1005X40)
Added Component: Designator=R144(RES_C_1005X40)
Added Component: Designator=R145(RES_C_1005X40)
Added Component: Designator=R146(RES_C_1005X40)
Added Component: Designator=R147(RES_C_1005X40)
Added Component: Designator=R148(RES_C_1005X40)
Added Component: Designator=R149(RES_C_1005X40)
Added Component: Designator=R150(RES_C_1005X40)
Added Component: Designator=R151(RES_C_1005X40)
Added Component: Designator=R152(RES_C_1005X40)
Added Component: Designator=R153(RES_C_1005X40)
Added Component: Designator=R154(RES_C_1005X40)
Added Component: Designator=R?(RES_C_1005X40)
Added Component: Designator=R?(RES_C_1005X40)
Added Component: Designator=R?(RES_C_1005X40)
Added Component: Designator=SB1(JUMPER_1608)
Added Component: Designator=SB2(JUMPER_1608)
Added Component: Designator=TP1(Testpoint_50)
Add component (AddParameter): Name = "Category"; Value = ""; VariantName = "[No Variations]"
Add component (AddParameter): Name = "CompanyID"; Value = ""; VariantName = "[No Variations]"
Add component (AddParameter): Name = "MFR"; Value = ""; VariantName = "[No Variations]"
Add component (AddParameter): Name = "MFR_URL"; Value = ""; VariantName = "[No Variations]"
Add component (AddParameter): Name = "MPN"; Value = ""; VariantName = "[No Variations]"
Add component (AddParameter): Name = "PinCount"; Value = ""; VariantName = "[No Variations]"
Add component (AddParameter): Name = "Solder"; Value = "NF"; VariantName = "[No Variations]"
Add component (AddParameter): Name = "Value"; Value = ""; VariantName = "[No Variations]"
Added Component: Designator=TP2(Testpoint_50)
Add component (AddParameter): Name = "Category"; Value = ""; VariantName = "[No Variations]"
Add component (AddParameter): Name = "CompanyID"; Value = ""; VariantName = "[No Variations]"
Add component (AddParameter): Name = "MFR"; Value = ""; VariantName = "[No Variations]"
Add component (AddParameter): Name = "MFR_URL"; Value = ""; VariantName = "[No Variations]"
Add component (AddParameter): Name = "MPN"; Value = ""; VariantName = "[No Variations]"
Add component (AddParameter): Name = "PinCount"; Value = ""; VariantName = "[No Variations]"
Add component (AddParameter): Name = "Solder"; Value = "NF"; VariantName = "[No Variations]"
Add component (AddParameter): Name = "Value"; Value = ""; VariantName = "[No Variations]"
Added Component: Designator=TP3(Testpoint_50)
Add component (AddParameter): Name = "Category"; Value = ""; VariantName = "[No Variations]"
Add component (AddParameter): Name = "CompanyID"; Value = ""; VariantName = "[No Variations]"
Add component (AddParameter): Name = "MFR"; Value = ""; VariantName = "[No Variations]"
Add component (AddParameter): Name = "MFR_URL"; Value = ""; VariantName = "[No Variations]"
Add component (AddParameter): Name = "MPN"; Value = ""; VariantName = "[No Variations]"
Add component (AddParameter): Name = "PinCount"; Value = ""; VariantName = "[No Variations]"
Add component (AddParameter): Name = "Solder"; Value = "NF"; VariantName = "[No Variations]"
Add component (AddParameter): Name = "Value"; Value = ""; VariantName = "[No Variations]"
Added Component: Designator=TP4(Testpoint_50)
Add component (AddParameter): Name = "Category"; Value = ""; VariantName = "[No Variations]"
Add component (AddParameter): Name = "CompanyID"; Value = ""; VariantName = "[No Variations]"
Add component (AddParameter): Name = "MFR"; Value = ""; VariantName = "[No Variations]"
Add component (AddParameter): Name = "MFR_URL"; Value = ""; VariantName = "[No Variations]"
Add component (AddParameter): Name = "MPN"; Value = ""; VariantName = "[No Variations]"
Add component (AddParameter): Name = "PinCount"; Value = ""; VariantName = "[No Variations]"
Add component (AddParameter): Name = "Solder"; Value = "NF"; VariantName = "[No Variations]"
Add component (AddParameter): Name = "Value"; Value = ""; VariantName = "[No Variations]"
Added Component: Designator=TP5(Testpoint_50)
Add component (AddParameter): Name = "Category"; Value = ""; VariantName = "[No Variations]"
Add component (AddParameter): Name = "CompanyID"; Value = ""; VariantName = "[No Variations]"
Add component (AddParameter): Name = "MFR"; Value = ""; VariantName = "[No Variations]"
Add component (AddParameter): Name = "MFR_URL"; Value = ""; VariantName = "[No Variations]"
Add component (AddParameter): Name = "MPN"; Value = ""; VariantName = "[No Variations]"
Add component (AddParameter): Name = "PinCount"; Value = ""; VariantName = "[No Variations]"
Add component (AddParameter): Name = "Solder"; Value = "NF"; VariantName = "[No Variations]"
Add component (AddParameter): Name = "Value"; Value = ""; VariantName = "[No Variations]"
Added Component: Designator=TP6(Testpoint_50)
Add component (AddParameter): Name = "Category"; Value = ""; VariantName = "[No Variations]"
Add component (AddParameter): Name = "CompanyID"; Value = ""; VariantName = "[No Variations]"
Add component (AddParameter): Name = "MFR"; Value = ""; VariantName = "[No Variations]"
Add component (AddParameter): Name = "MFR_URL"; Value = ""; VariantName = "[No Variations]"
Add component (AddParameter): Name = "MPN"; Value = ""; VariantName = "[No Variations]"
Add component (AddParameter): Name = "PinCount"; Value = ""; VariantName = "[No Variations]"
Add component (AddParameter): Name = "Solder"; Value = "NF"; VariantName = "[No Variations]"
Add component (AddParameter): Name = "Value"; Value = ""; VariantName = "[No Variations]"
Added Component: Designator=TP7(Testpoint_50)
Add component (AddParameter): Name = "Category"; Value = ""; VariantName = "[No Variations]"
Add component (AddParameter): Name = "CompanyID"; Value = ""; VariantName = "[No Variations]"
Add component (AddParameter): Name = "MFR"; Value = ""; VariantName = "[No Variations]"
Add component (AddParameter): Name = "MFR_URL"; Value = ""; VariantName = "[No Variations]"
Add component (AddParameter): Name = "MPN"; Value = ""; VariantName = "[No Variations]"
Add component (AddParameter): Name = "PinCount"; Value = ""; VariantName = "[No Variations]"
Add component (AddParameter): Name = "Solder"; Value = "NF"; VariantName = "[No Variations]"
Add component (AddParameter): Name = "Value"; Value = ""; VariantName = "[No Variations]"
Added Component: Designator=U1(VQFN-HR-10)
Added Component: Designator=U2(CONV_TPS5430DDAR)
Add component (AddParameter): Name = "Availability"; Value = "In Stock"; VariantName = "[No Variations]"
Add component (AddParameter): Name = "Check_prices"; Value = "https://www.snapeda.com/parts/TPS5430DDAR/Texas+Instruments/view-part/?ref=eda"; VariantName = "[No Variations]"
Add component (AddParameter): Name = "MF"; Value = "Texas Instruments"; VariantName = "[No Variations]"
Add component (AddParameter): Name = "MP"; Value = "TPS5430DDAR"; VariantName = "[No Variations]"
Add component (AddParameter): Name = "Package"; Value = "HSOIC-8 Texas Instruments"; VariantName = "[No Variations]"
Add component (AddParameter): Name = "Price"; Value = "None"; VariantName = "[No Variations]"
Add component (AddParameter): Name = "Purchase-URL"; Value = "https://pricing.snapeda.com/search/part/TPS5430DDAR/?ref=eda"; VariantName = "[No Variations]"
Add component (AddParameter): Name = "SnapEDA_Link"; Value = "https://www.snapeda.com/parts/TPS5430DDAR/Texas+Instruments/view-part/?ref=snap"; VariantName = "[No Variations]"
Add component (AddParameter): Name = "Value"; Value = ""; VariantName = "[No Variations]"
Added Component: Designator=U4(QFN-32_5X5_EP3.7X3.7)
Add component (AddParameter): Name = "Category"; Value = "MCHP-Analog"; VariantName = "[No Variations]"
Add component (AddParameter): Name = "ComponentLink1Description"; Value = "SVN Datasheet"; VariantName = "[No Variations]"
Add component (AddParameter): Name = "ComponentLink2Description"; Value = "Local Datasheet"; VariantName = "[No Variations]"
Add component (AddParameter): Name = "ComponentLink2URL"; Value = "C:\ALTIUM_WORK\00001_MCHP-CDB\Datasheets\MCP16502-High-Performance-PMIC-for-SAMA5DX-SAM9X6-MPUs-Data-Sheet-DS20006275B.pdf"; VariantName = "[No Variations]"
Add component (AddParameter): Name = "ComponentLink3Description"; Value = "Open Symbol"; VariantName = "[No Variations]"
Add component (AddParameter): Name = "ComponentLink3URL"; Value = "C:\ALTIUM_WORK\00001_MCHP-CDB\Library\LibraryRefs\MCP16502 QFN-32.SchLib"; VariantName = "[No Variations]"
Add component (AddParameter): Name = "ComponentLink4Description"; Value = "Open Footprint"; VariantName = "[No Variations]"
Add component (AddParameter): Name = "ComponentLink4URL"; Value = "C:\ALTIUM_WORK\00001_MCHP-CDB\Library\Footprints\QFN-32_5X5_EP3.7X3.7.PcbLib"; VariantName = "[No Variations]"
Add component (AddParameter): Name = "ComponentLink5Description"; Value = "Open Footprint 2"; VariantName = "[No Variations]"
Add component (AddParameter): Name = "ComponentLink6Description"; Value = "Open Footprint 3"; VariantName = "[No Variations]"
Add component (AddParameter): Name = "ComponentLink7Description"; Value = "Open Footprint 4"; VariantName = "[No Variations]"
Add component (AddParameter): Name = "Description_"; Value = "MCHP ANALOG PMIC SWITCHER Buck ADJ MCP16502TAB-E/S8B QFN-32 for SAMA7G5 MPU with LPDDR/DDR2/DDR3"; VariantName = "[No Variations]"
Add component (AddParameter): Name = "Dev Tools Status"; Value = "Design"; VariantName = "[No Variations]"
Add component (AddParameter): Name = "Manufacturer 1"; Value = "Microchip Technology"; VariantName = "[No Variations]"
Add component (AddParameter): Name = "Manufacturer Part Number 1"; Value = "MCP16502TAB-E/S8B"; VariantName = "[No Variations]"
Add component (AddParameter): Name = "MCHP-ID"; Value = "MIC8878"; VariantName = "[No Variations]"
Add component (AddParameter): Name = "Owner"; Value = "Dragos Danaila"; VariantName = "[No Variations]"
Add component (AddParameter): Name = "Populated"; Value = "YES"; VariantName = "[No Variations]"
Add component (AddParameter): Name = "Quantity Override"; Value = "1"; VariantName = "[No Variations]"
Add component (AddParameter): Name = "Revision"; Value = "1"; VariantName = "[No Variations]"
Add component (AddParameter): Name = "Status"; Value = "MCL Design"; VariantName = "[No Variations]"
Add component (AddParameter): Name = "Supplier 1"; Value = "Digi-Key"; VariantName = "[No Variations]"
Add component (AddParameter): Name = "Supplier Part Number 1"; Value = "150-MCP16502TAB-E/S8BCT-ND"; VariantName = "[No Variations]"
Add component (AddParameter): Name = "Symbol"; Value = "MCP16502 QFN-32"; VariantName = "[No Variations]"
Add component (AddParameter): Name = "Type"; Value = "Switcher"; VariantName = "[No Variations]"
Add component (AddParameter): Name = "Value"; Value = "MCP16502TAB-E/S8B"; VariantName = "[No Variations]"
Added Component: Designator=U5(UQFN-16_4X4_EP2.6X2.6)
Add component (AddParameter): Name = "BOM Notes"; Value = ""; VariantName = "[No Variations]"
Add component (AddParameter): Name = "Category"; Value = "MCHP-Analog"; VariantName = "[No Variations]"
Add component (AddParameter): Name = "ComponentLink1Description"; Value = "SVN Datasheet"; VariantName = "[No Variations]"
Add component (AddParameter): Name = "ComponentLink1URL"; Value = "https://www.microchip.com/sitesearch/search/Product%20and%20Development%20Tools/PAC1934T-I/JQ"; VariantName = "[No Variations]"
Add component (AddParameter): Name = "ComponentLink2Description"; Value = "Local Datasheet"; VariantName = "[No Variations]"
Add component (AddParameter): Name = "ComponentLink3Description"; Value = "Open Symbol"; VariantName = "[No Variations]"
Add component (AddParameter): Name = "ComponentLink3URL"; Value = "C:\ALTIUM_WORK\00001_MCHP-CDB\Library\LibraryRefs\PAC1934 UQFN-16.SchLib"; VariantName = "[No Variations]"
Add component (AddParameter): Name = "ComponentLink4Description"; Value = "Open Footprint"; VariantName = "[No Variations]"
Add component (AddParameter): Name = "ComponentLink4URL"; Value = "C:\ALTIUM_WORK\00001_MCHP-CDB\Library\Footprints\UQFN-16_4X4_EP2.6X2.6.PcbLib"; VariantName = "[No Variations]"
Add component (AddParameter): Name = "ComponentLink5Description"; Value = "Open Footprint 2"; VariantName = "[No Variations]"
Add component (AddParameter): Name = "ComponentLink6Description"; Value = "Open Footprint 3"; VariantName = "[No Variations]"
Add component (AddParameter): Name = "ComponentLink7Description"; Value = "Open Footprint 4"; VariantName = "[No Variations]"
Add component (AddParameter): Name = "Description_"; Value = "MCHP ANALOG POWER CURRENT SENSE MONITOR PAC1934T-I/JQ UQFN-16"; VariantName = "[No Variations]"
Add component (AddParameter): Name = "Dev Tools Status"; Value = "Production"; VariantName = "[No Variations]"
Add component (AddParameter): Name = "Manufacturer 1"; Value = "Microchip Technology"; VariantName = "[No Variations]"
Add component (AddParameter): Name = "Manufacturer Part Number 1"; Value = "PAC1934T-I/JQ"; VariantName = "[No Variations]"
Add component (AddParameter): Name = "MCHP-ID"; Value = "MIC7010"; VariantName = "[No Variations]"
Add component (AddParameter): Name = "Operating Temperature"; Value = "-40C to +85C"; VariantName = "[No Variations]"
Add component (AddParameter): Name = "Owner"; Value = "Razvan Cristescu"; VariantName = "[No Variations]"
Add component (AddParameter): Name = "Populated"; Value = "YES"; VariantName = "[No Variations]"
Add component (AddParameter): Name = "Quantity Override"; Value = "1"; VariantName = "[No Variations]"
Add component (AddParameter): Name = "Restricted Sourcing"; Value = "No"; VariantName = "[No Variations]"
Add component (AddParameter): Name = "Revision"; Value = "2"; VariantName = "[No Variations]"
Add component (AddParameter): Name = "Status"; Value = "MCL Design"; VariantName = "[No Variations]"
Add component (AddParameter): Name = "Supplier 1"; Value = "Microchip Technology"; VariantName = "[No Variations]"
Add component (AddParameter): Name = "Supplier Part Number 1"; Value = "PAC1934T-I/JQ"; VariantName = "[No Variations]"
Add component (AddParameter): Name = "Symbol"; Value = "PAC1934 UQFN-16"; VariantName = "[No Variations]"
Add component (AddParameter): Name = "Type"; Value = "Power/Current Sensor"; VariantName = "[No Variations]"
Add component (AddParameter): Name = "Value"; Value = "PAC1934"; VariantName = "[No Variations]"
Added Component: Designator=U6(TFBGA-343_14x14)
Add component (AddParameter): Name = "Category"; Value = "MCHP-Microcontroller"; VariantName = "[No Variations]"
Add component (AddParameter): Name = "ComponentLink1Description"; Value = "SVN Datasheet"; VariantName = "[No Variations]"
Add component (AddParameter): Name = "ComponentLink1URL"; Value = "https://www.microchip.com/sitesearch/search/Product%20and%20Development%20Tools/SAMA7D65-V/4HB-SL3"; VariantName = "[No Variations]"
Add component (AddParameter): Name = "ComponentLink2Description"; Value = "Local Datasheet"; VariantName = "[No Variations]"
Add component (AddParameter): Name = "ComponentLink3Description"; Value = "Open Symbol"; VariantName = "[No Variations]"
Add component (AddParameter): Name = "ComponentLink3URL"; Value = "C:\ALTIUM_WORK\00001_MCHP-CDB\Library\LibraryRefs\SAMA7D65-TFBGA-343.SchLib"; VariantName = "[No Variations]"
Add component (AddParameter): Name = "ComponentLink4Description"; Value = "Open Footprint"; VariantName = "[No Variations]"
Add component (AddParameter): Name = "ComponentLink4URL"; Value = "C:\ALTIUM_WORK\00001_MCHP-CDB\Library\Footprints\TFBGA-343_14x14.PcbLib"; VariantName = "[No Variations]"
Add component (AddParameter): Name = "ComponentLink5Description"; Value = "Open Footprint 2"; VariantName = "[No Variations]"
Add component (AddParameter): Name = "ComponentLink6Description"; Value = "Open Footprint 3"; VariantName = "[No Variations]"
Add component (AddParameter): Name = "ComponentLink7Description"; Value = "Open Footprint 4"; VariantName = "[No Variations]"
Add component (AddParameter): Name = "Description_"; Value = "MCHP MPU 32-BIT Cortex-A7 1000MHz 128kB SAMA7D65-V/4HB-SL3 TFBGA-343"; VariantName = "[No Variations]"
Add component (AddParameter): Name = "Dev Tools Status"; Value = "Design"; VariantName = "[No Variations]"
Add component (AddParameter): Name = "Manufacturer 1"; Value = "Microchip Technology"; VariantName = "[No Variations]"
Add component (AddParameter): Name = "Manufacturer Part Number 1"; Value = "SAMA7D65-V/4HB-SL3"; VariantName = "[No Variations]"
Add component (AddParameter): Name = "MCHP-ID"; Value = "IC2674"; VariantName = "[No Variations]"
Add component (AddParameter): Name = "Operating Temperature"; Value = "-40C to +105C"; VariantName = "[No Variations]"
Add component (AddParameter): Name = "Owner"; Value = "Ciprian Abramov"; VariantName = "[No Variations]"
Add component (AddParameter): Name = "Populated"; Value = "YES"; VariantName = "[No Variations]"
Add component (AddParameter): Name = "Quantity Override"; Value = "1"; VariantName = "[No Variations]"
Add component (AddParameter): Name = "Restricted Sourcing"; Value = "No"; VariantName = "[No Variations]"
Add component (AddParameter): Name = "Revision"; Value = "1"; VariantName = "[No Variations]"
Add component (AddParameter): Name = "Status"; Value = "MCL Design"; VariantName = "[No Variations]"
Add component (AddParameter): Name = "Supplier 1"; Value = "Microchip Technology"; VariantName = "[No Variations]"
Add component (AddParameter): Name = "Supplier Part Number 1"; Value = "SAMA7D65-V/4HB-SL3"; VariantName = "[No Variations]"
Add component (AddParameter): Name = "Symbol"; Value = "SAMA7D65-TFBGA-343"; VariantName = "[No Variations]"
Add component (AddParameter): Name = "Type"; Value = "32-Bit MPU"; VariantName = "[No Variations]"
Add component (AddParameter): Name = "Value"; Value = "SAMA7D65-V/4HB-SL3"; VariantName = "[No Variations]"
Added Component: Designator=U7(FBGA96_9X13P5_ALL)
Add component (AddParameter): Name = "BOM Notes"; Value = ""; VariantName = "[No Variations]"
Add component (AddParameter): Name = "Category"; Value = "IC"; VariantName = "[No Variations]"
Add component (AddParameter): Name = "ComponentLink1Description"; Value = "SVN Datasheet"; VariantName = "[No Variations]"
Add component (AddParameter): Name = "ComponentLink1URL"; Value = "https://chn-vm-apps.microchip.com/mchprepo/parts/Datasheets/AllianceMemory_DDR3L_8G_AS4C512M16D3LA-10BCN-BIN-BAN_Feb2019_v1.0.pdf"; VariantName = "[No Variations]"
Add component (AddParameter): Name = "ComponentLink2Description"; Value = "Local Datasheet"; VariantName = "[No Variations]"
Add component (AddParameter): Name = "ComponentLink2URL"; Value = "C:\ALTIUM_WORK\00001_MCHP-CDB\Datasheets\AllianceMemory_DDR3L_8G_AS4C512M16D3LA-10BCN-BIN-BAN_Feb2019_v1.0.pdf"; VariantName = "[No Variations]"
Add component (AddParameter): Name = "ComponentLink3Description"; Value = "Open Symbol"; VariantName = "[No Variations]"
Add component (AddParameter): Name = "ComponentLink3URL"; Value = "C:\ALTIUM_WORK\00001_MCHP-CDB\Library\LibraryRefs\AS4C512M16D3LA-10BIN TFBGA-96.SchLib"; VariantName = "[No Variations]"
Add component (AddParameter): Name = "ComponentLink4Description"; Value = "Open Footprint"; VariantName = "[No Variations]"
Add component (AddParameter): Name = "ComponentLink4URL"; Value = "C:\ALTIUM_WORK\00001_MCHP-CDB\Library\Footprints\TFBGA-96_13.5x9.PcbLib"; VariantName = "[No Variations]"
Add component (AddParameter): Name = "ComponentLink5Description"; Value = "Open Footprint 2"; VariantName = "[No Variations]"
Add component (AddParameter): Name = "ComponentLink6Description"; Value = "Open Footprint 3"; VariantName = "[No Variations]"
Add component (AddParameter): Name = "ComponentLink7Description"; Value = "Open Footprint 4"; VariantName = "[No Variations]"
Add component (AddParameter): Name = "Description_"; Value = "IC MEMORY AS4C512M16D3LA-10BIN DDR3L 8Gb 933MHz FBGA-96"; VariantName = "[No Variations]"
Add component (AddParameter): Name = "Dev Tools Status"; Value = "Design"; VariantName = "[No Variations]"
Add component (AddParameter): Name = "Manufacturer 1"; Value = "Alliance Memory, Inc."; VariantName = "[No Variations]"
Add component (AddParameter): Name = "Manufacturer Part Number 1"; Value = "AS4C512M16D3LA-10BIN"; VariantName = "[No Variations]"
Add component (AddParameter): Name = "MCHP-ID"; Value = "IC1748"; VariantName = "[No Variations]"
Add component (AddParameter): Name = "Operating Temperature"; Value = "-40C to +95C"; VariantName = "[No Variations]"
Add component (AddParameter): Name = "Owner"; Value = "Ciprian Abramov"; VariantName = "[No Variations]"
Add component (AddParameter): Name = "Package"; Value = "TFBGA-96"; VariantName = "[No Variations]"
Add component (AddParameter): Name = "Populated"; Value = "YES"; VariantName = "[No Variations]"
Add component (AddParameter): Name = "Quantity Override"; Value = "1"; VariantName = "[No Variations]"
Add component (AddParameter): Name = "Restricted Sourcing"; Value = "No"; VariantName = "[No Variations]"
Add component (AddParameter): Name = "Revision"; Value = "1"; VariantName = "[No Variations]"
Add component (AddParameter): Name = "Status"; Value = "MCL Design"; VariantName = "[No Variations]"
Add component (AddParameter): Name = "Supplier 1"; Value = "Digi-Key"; VariantName = "[No Variations]"
Add component (AddParameter): Name = "Supplier Part Number 1"; Value = "1450-1488-ND"; VariantName = "[No Variations]"
Add component (AddParameter): Name = "Symbol"; Value = "AS4C512M16D3LA-10BIN TFBGA-96"; VariantName = "[No Variations]"
Add component (AddParameter): Name = "Type"; Value = "Memory"; VariantName = "[No Variations]"
Add component (AddParameter): Name = "Value"; Value = "AS4C512M16D3LA-10BIN"; VariantName = "[No Variations]"
Add component (AddParameter): Name = "Vin"; Value = "1.35V"; VariantName = "[No Variations]"
Added Component: Designator=U8(BGA_100_C_100P_10X17_1400X1800X150)
Added Component: Designator=U9(BGA_100_C_100P_10X17_1400X1800X150)
Added Component: Designator=U10(IC_MIC94085YFT-TR)
Add component (AddParameter): Name = "Check_prices"; Value = "https://www.snapeda.com/parts/MIC94085YFT-TR/Microchip+Technology/view-part/?ref=eda"; VariantName = "[No Variations]"
Add component (AddParameter): Name = "MF"; Value = "Microchip"; VariantName = "[No Variations]"
Add component (AddParameter): Name = "MP"; Value = "MIC94085YFT-TR"; VariantName = "[No Variations]"
Add component (AddParameter): Name = "Package"; Value = "UFDFN-4 Microchip"; VariantName = "[No Variations]"
Add component (AddParameter): Name = "SnapEDA_Link"; Value = "https://www.snapeda.com/parts/MIC94085YFT-TR/Microchip+Technology/view-part/?ref=snap"; VariantName = "[No Variations]"
Add component (AddParameter): Name = "Value"; Value = ""; VariantName = "[No Variations]"
Added Component: Designator=U11(SOIC127P790X216-8N)
Add component (AddParameter): Name = "Arrow Part Number"; Value = ""; VariantName = "[No Variations]"
Add component (AddParameter): Name = "Arrow Price/Stock"; Value = ""; VariantName = "[No Variations]"
Add component (AddParameter): Name = "Datasheet Link"; Value = "https://www.mouser.ph/ProductDetail/Avalanche-Technology/AS3004204-0108X0PSAY?qs=eP2BKZSCXI7G0ggegRejGg%3D%3D"; VariantName = "[No Variations]"
Add component (AddParameter): Name = "Geometry.Height"; Value = "2.16mm"; VariantName = "[No Variations]"
Add component (AddParameter): Name = "Manufacturer_Name"; Value = "Avalanche Technology"; VariantName = "[No Variations]"
Add component (AddParameter): Name = "Manufacturer_Part_Number"; Value = "AS3004204-0108X0PSAY"; VariantName = "[No Variations]"
Add component (AddParameter): Name = "Mouser Part Number"; Value = "793-30042040108X0PSY"; VariantName = "[No Variations]"
Add component (AddParameter): Name = "Mouser Price/Stock"; Value = "https://www.mouser.co.uk/ProductDetail/Avalanche-Technology/AS3004204-0108X0PSAY/?qs=eP2BKZSCXI7G0ggegRejGg%3D%3D"; VariantName = "[No Variations]"
Added Component: Designator=U12(SOT95P280X145-6N)
Add component (AddParameter): Name = "Availability"; Value = "In Stock"; VariantName = "[No Variations]"
Add component (AddParameter): Name = "Check_prices"; Value = "https://www.snapeda.com/parts/USBLC6-2SC6/STMicroelectronics/view-part/?ref=eda"; VariantName = "[No Variations]"
Add component (AddParameter): Name = "MF"; Value = "STMicroelectronics"; VariantName = "[No Variations]"
Add component (AddParameter): Name = "MP"; Value = "USBLC6-2SC6"; VariantName = "[No Variations]"
Add component (AddParameter): Name = "Package"; Value = "SOT-23-6 STMicroelectronics"; VariantName = "[No Variations]"
Add component (AddParameter): Name = "Price"; Value = "None"; VariantName = "[No Variations]"
Add component (AddParameter): Name = "Purchase-URL"; Value = "https://pricing.snapeda.com/search/part/USBLC6-2SC6/?ref=eda"; VariantName = "[No Variations]"
Add component (AddParameter): Name = "SnapEDA_Link"; Value = "https://www.snapeda.com/parts/USBLC6-2SC6/STMicroelectronics/view-part/?ref=snap"; VariantName = "[No Variations]"
Add component (AddParameter): Name = "Value"; Value = ""; VariantName = "[No Variations]"
Added Component: Designator=U13(SOT-23-3)
Add component (AddParameter): Name = "BOM Notes"; Value = ""; VariantName = "[No Variations]"
Add component (AddParameter): Name = "Category"; Value = "MCHP-Analog"; VariantName = "[No Variations]"
Add component (AddParameter): Name = "ComponentLink1Description"; Value = "SVN Datasheet"; VariantName = "[No Variations]"
Add component (AddParameter): Name = "ComponentLink1URL"; Value = "https://www.microchip.com/sitesearch/search/Product%20and%20Development%20Tools/MCP1700T-3302E/TT"; VariantName = "[No Variations]"
Add component (AddParameter): Name = "ComponentLink2Description"; Value = "Local Datasheet"; VariantName = "[No Variations]"
Add component (AddParameter): Name = "ComponentLink3Description"; Value = "Open Symbol"; VariantName = "[No Variations]"
Add component (AddParameter): Name = "ComponentLink3URL"; Value = "C:\ALTIUM_WORK\00001_MCHP-CDB\Library\LibraryRefs\MCP170X SOT-23-3_SOT-23A-3.SchLib"; VariantName = "[No Variations]"
Add component (AddParameter): Name = "ComponentLink4Description"; Value = "Open Footprint"; VariantName = "[No Variations]"
Add component (AddParameter): Name = "ComponentLink4URL"; Value = "C:\ALTIUM_WORK\00001_MCHP-CDB\Library\Footprints\SOT-23-3.PcbLib"; VariantName = "[No Variations]"
Add component (AddParameter): Name = "ComponentLink5Description"; Value = "Open Footprint 2"; VariantName = "[No Variations]"
Add component (AddParameter): Name = "ComponentLink6Description"; Value = "Open Footprint 3"; VariantName = "[No Variations]"
Add component (AddParameter): Name = "ComponentLink7Description"; Value = "Open Footprint 4"; VariantName = "[No Variations]"
Add component (AddParameter): Name = "Description_"; Value = "MCHP ANALOG LDO 3.3V MCP1700T-3302E/TT SOT-23-3"; VariantName = "[No Variations]"
Add component (AddParameter): Name = "Dev Tools Status"; Value = "Production"; VariantName = "[No Variations]"
Add component (AddParameter): Name = "Manufacturer 1"; Value = "Microchip Technology"; VariantName = "[No Variations]"
Add component (AddParameter): Name = "Manufacturer Part Number 1"; Value = "MCP1700T-3302E/TT"; VariantName = "[No Variations]"
Add component (AddParameter): Name = "MCHP-ID"; Value = "MIC0598"; VariantName = "[No Variations]"
Add component (AddParameter): Name = "Operating Temperature"; Value = "-40C to +125C"; VariantName = "[No Variations]"
Add component (AddParameter): Name = "Populated"; Value = "Yes"; VariantName = "[No Variations]"
Add component (AddParameter): Name = "Quantity Override"; Value = "1"; VariantName = "[No Variations]"
Add component (AddParameter): Name = "Revision"; Value = "1"; VariantName = "[No Variations]"
Add component (AddParameter): Name = "Status"; Value = "MCL Design"; VariantName = "[No Variations]"
Add component (AddParameter): Name = "Supplier 1"; Value = "Microchip Technology"; VariantName = "[No Variations]"
Add component (AddParameter): Name = "Supplier Part Number 1"; Value = "MCP1700T-3302E/TT"; VariantName = "[No Variations]"
Add component (AddParameter): Name = "Symbol"; Value = "MCP170X SOT-23-3_SOT-23A-3"; VariantName = "[No Variations]"
Add component (AddParameter): Name = "Type"; Value = "LDO"; VariantName = "[No Variations]"
Add component (AddParameter): Name = "Value"; Value = "MCP1700/3.3V"; VariantName = "[No Variations]"
Added Component: Designator=U14(SOT-23_MC_MCH)
Add component (AddParameter): Name = "Copyright"; Value = "Copyright (C) 2025 Ultra Librarian. All rights reserved."; VariantName = "[No Variations]"
Add component (AddParameter): Name = "Manufacturer_Name"; Value = "Microchip"; VariantName = "[No Variations]"
Add component (AddParameter): Name = "Manufacturer_Part_Number"; Value = "TC1047AVNBTR"; VariantName = "[No Variations]"
Add component (AddParameter): Name = "RefDes"; Value = "RefDes"; VariantName = "[No Variations]"
Add component (AddParameter): Name = "Type"; Value = "Type"; VariantName = "[No Variations]"
Added Component: Designator=U15(SOT-23_MC_MCH)
Add component (AddParameter): Name = "Copyright"; Value = "Copyright (C) 2025 Ultra Librarian. All rights reserved."; VariantName = "[No Variations]"
Add component (AddParameter): Name = "Manufacturer_Name"; Value = "Microchip"; VariantName = "[No Variations]"
Add component (AddParameter): Name = "Manufacturer_Part_Number"; Value = "TC1047AVNBTR"; VariantName = "[No Variations]"
Add component (AddParameter): Name = "RefDes"; Value = "RefDes"; VariantName = "[No Variations]"
Add component (AddParameter): Name = "Type"; Value = "Type"; VariantName = "[No Variations]"
Added Component: Designator=U16(SOT-23_MC_MCH)
Add component (AddParameter): Name = "Copyright"; Value = "Copyright (C) 2025 Ultra Librarian. All rights reserved."; VariantName = "[No Variations]"
Add component (AddParameter): Name = "Manufacturer_Name"; Value = "Microchip"; VariantName = "[No Variations]"
Add component (AddParameter): Name = "Manufacturer_Part_Number"; Value = "TC1047AVNBTR"; VariantName = "[No Variations]"
Add component (AddParameter): Name = "RefDes"; Value = "RefDes"; VariantName = "[No Variations]"
Add component (AddParameter): Name = "Type"; Value = "Type"; VariantName = "[No Variations]"
Added Component: Designator=U17(IC_RV-3129-C3-32.768KHZ-OPTION-A-TB-QA)
Add component (AddParameter): Name = "Availability"; Value = "Unavailable"; VariantName = "[No Variations]"
Add component (AddParameter): Name = "MF"; Value = ""; VariantName = "[No Variations]"
Add component (AddParameter): Name = "MP"; Value = "RV-3129-C3-32.768KHZ-OPTION-A-TB-QA"; VariantName = "[No Variations]"
Add component (AddParameter): Name = "Package"; Value = "None"; VariantName = "[No Variations]"
Add component (AddParameter): Name = "Price"; Value = "None"; VariantName = "[No Variations]"
Add component (AddParameter): Name = "Value"; Value = ""; VariantName = "[No Variations]"
Added Component: Designator=U18(TPL5010DDCR)
Added Component: Designator=U19(DS90LV011AQ-Q1)
Added Component: Designator=U20(DS90LV011AQ-Q1)
Added Component: Designator=U21(SOIC127P599X175-8N)
Add component (AddParameter): Name = "Check_prices"; Value = "https://www.snapeda.com/parts/SN65HVD230DR/Texas+Instruments/view-part/?ref=eda"; VariantName = "[No Variations]"
Add component (AddParameter): Name = "MF"; Value = "Texas Instruments"; VariantName = "[No Variations]"
Add component (AddParameter): Name = "MP"; Value = "SN65HVD230DR"; VariantName = "[No Variations]"
Add component (AddParameter): Name = "Package"; Value = "SOIC-8 Texas Instruments"; VariantName = "[No Variations]"
Add component (AddParameter): Name = "SnapEDA_Link"; Value = "https://www.snapeda.com/parts/SN65HVD230DR/Texas+Instruments/view-part/?ref=snap"; VariantName = "[No Variations]"
Add component (AddParameter): Name = "Value"; Value = ""; VariantName = "[No Variations]"
Added Component: Designator=U22(21-0041-3-M_90-0096-8L_MXM)
Add component (AddParameter): Name = "Copyright"; Value = "Copyright (C) 2025 Ultra Librarian. All rights reserved."; VariantName = "[No Variations]"
Add component (AddParameter): Name = "Manufacturer_Name"; Value = "Analog Devices Inc"; VariantName = "[No Variations]"
Add component (AddParameter): Name = "Manufacturer_Part_Number"; Value = "MAX485CSA+T"; VariantName = "[No Variations]"
Add component (AddParameter): Name = "RefDes"; Value = "RefDes"; VariantName = "[No Variations]"
Add component (AddParameter): Name = "Type"; Value = "Type"; VariantName = "[No Variations]"
Added Component: Designator=U23(21-0041-3-M_90-0096-8L_MXM)
Add component (AddParameter): Name = "Copyright"; Value = "Copyright (C) 2025 Ultra Librarian. All rights reserved."; VariantName = "[No Variations]"
Add component (AddParameter): Name = "Digi-Key_Part_Number_1"; Value = "MAX488ESA+CT-ND"; VariantName = "[No Variations]"
Add component (AddParameter): Name = "Digi-Key_Part_Number_2"; Value = "MAX488ESA+DKR-ND"; VariantName = "[No Variations]"
Add component (AddParameter): Name = "Digi-Key_Part_Number_3"; Value = "MAX488ESA+T-ND"; VariantName = "[No Variations]"
Add component (AddParameter): Name = "Digi-Key_Part_Number_4"; Value = "MAX488ESA+TR-ND"; VariantName = "[No Variations]"
Add component (AddParameter): Name = "Manufacturer_Name"; Value = "Analog Devices Inc"; VariantName = "[No Variations]"
Add component (AddParameter): Name = "Manufacturer_Part_Number"; Value = "MAX488ESA+T"; VariantName = "[No Variations]"
Add component (AddParameter): Name = "RefDes"; Value = "RefDes"; VariantName = "[No Variations]"
Add component (AddParameter): Name = "Type"; Value = "Type"; VariantName = "[No Variations]"
Added Component: Designator=VR1(VREG_LM1117MP-3.3/NOPB)
Add component (AddParameter): Name = "Check_prices"; Value = "https://www.snapeda.com/parts/LM1117MP-3.3/NOPB/Texas+Instruments/view-part/?ref=eda"; VariantName = "[No Variations]"
Add component (AddParameter): Name = "MF"; Value = "Texas Instruments"; VariantName = "[No Variations]"
Add component (AddParameter): Name = "MP"; Value = "LM1117MP-3.3/NOPB"; VariantName = "[No Variations]"
Add component (AddParameter): Name = "Package"; Value = "SOT-223-4 Texas Instruments"; VariantName = "[No Variations]"
Add component (AddParameter): Name = "SnapEDA_Link"; Value = "https://www.snapeda.com/parts/LM1117MP-3.3/NOPB/Texas+Instruments/view-part/?ref=snap"; VariantName = "[No Variations]"
Add component (AddParameter): Name = "Value"; Value = ""; VariantName = "[No Variations]"
Added Component: Designator=Y1(XTAL_ECS2401037B2JTNTR)
Add component (AddParameter): Name = "BOM Notes"; Value = ""; VariantName = "[No Variations]"
Add component (AddParameter): Name = "Category"; Value = "Crystal/Oscillator"; VariantName = "[No Variations]"
Add component (AddParameter): Name = "ComponentLink1Description"; Value = "SVN Datasheet"; VariantName = "[No Variations]"
Add component (AddParameter): Name = "ComponentLink1URL"; Value = "https://chn-vm-apps.microchip.com/mchprepo/parts/Datasheets/ECX-1637B2.pdf"; VariantName = "[No Variations]"
Add component (AddParameter): Name = "ComponentLink2Description"; Value = "Local Datasheet"; VariantName = "[No Variations]"
Add component (AddParameter): Name = "ComponentLink2URL"; Value = "C:\ALTIUM_WORK\00001_MCHP-CDB\Datasheets\ECX-1637B2.pdf"; VariantName = "[No Variations]"
Add component (AddParameter): Name = "ComponentLink3Description"; Value = "Open Symbol"; VariantName = "[No Variations]"
Add component (AddParameter): Name = "ComponentLink3URL"; Value = "C:\ALTIUM_WORK\00001_MCHP-CDB\Library\LibraryRefs\Crystal 4 Pins.SchLib"; VariantName = "[No Variations]"
Add component (AddParameter): Name = "ComponentLink4Description"; Value = "Open Footprint"; VariantName = "[No Variations]"
Add component (AddParameter): Name = "ComponentLink4URL"; Value = "C:\ALTIUM_WORK\00001_MCHP-CDB\Library\Footprints\CRYSTAL_L2.0W1.6H0.5_FA-128.PcbLib"; VariantName = "[No Variations]"
Add component (AddParameter): Name = "ComponentLink5Description"; Value = "Open Footprint 2"; VariantName = "[No Variations]"
Add component (AddParameter): Name = "ComponentLink6Description"; Value = "Open Footprint 3"; VariantName = "[No Variations]"
Add component (AddParameter): Name = "ComponentLink7Description"; Value = "Open Footprint 4"; VariantName = "[No Variations]"
Add component (AddParameter): Name = "Description_"; Value = "CRYSTAL 24MHz 10pF SMD L2W1.6H0.5"; VariantName = "[No Variations]"
Add component (AddParameter): Name = "Dev Tools Status"; Value = "Design"; VariantName = "[No Variations]"
Add component (AddParameter): Name = "Load Capacitance"; Value = "10pF"; VariantName = "[No Variations]"
Add component (AddParameter): Name = "Manufacturer 1"; Value = "ECS Inc"; VariantName = "[No Variations]"
Add component (AddParameter): Name = "Manufacturer Part Number 1"; Value = "ECS-240-10-37B2-JTN-TR"; VariantName = "[No Variations]"
Add component (AddParameter): Name = "MCHP-ID"; Value = "OSC1299"; VariantName = "[No Variations]"
Add component (AddParameter): Name = "Operating Temperature"; Value = "-40C to +85C"; VariantName = "[No Variations]"
Add component (AddParameter): Name = "Owner"; Value = "Ciprian Abramov"; VariantName = "[No Variations]"
Add component (AddParameter): Name = "Package"; Value = "L2.0W1.6H0.5"; VariantName = "[No Variations]"
Add component (AddParameter): Name = "Populated"; Value = "YES"; VariantName = "[No Variations]"
Add component (AddParameter): Name = "Quantity Override"; Value = "1"; VariantName = "[No Variations]"
Add component (AddParameter): Name = "Revision"; Value = "1"; VariantName = "[No Variations]"
Add component (AddParameter): Name = "Status"; Value = "MCL Design"; VariantName = "[No Variations]"
Add component (AddParameter): Name = "Supplier 1"; Value = "Digi-Key"; VariantName = "[No Variations]"
Add component (AddParameter): Name = "Supplier Part Number 1"; Value = "50-ECS-240-10-37B2-JTN-TR-ND"; VariantName = "[No Variations]"
Add component (AddParameter): Name = "Symbol"; Value = "Crystal 4 Pins"; VariantName = "[No Variations]"
Add component (AddParameter): Name = "Tolerance"; Value = "20ppm"; VariantName = "[No Variations]"
Add component (AddParameter): Name = "Type"; Value = "Crystal"; VariantName = "[No Variations]"
Add component (AddParameter): Name = "Value"; Value = "24MHz"; VariantName = "[No Variations]"
Added Component: Designator=Y2(CRYSTAL_FC-12M_L2.05W1.2H0.6)
Add component (AddParameter): Name = "BOM Notes"; Value = ""; VariantName = "[No Variations]"
Add component (AddParameter): Name = "Category"; Value = "Crystal/Oscillator"; VariantName = "[No Variations]"
Add component (AddParameter): Name = "ComponentLink1Description"; Value = "SVN Datasheet"; VariantName = "[No Variations]"
Add component (AddParameter): Name = "ComponentLink1URL"; Value = "https://chn-vm-apps.microchip.com/mchprepo/parts/Datasheets/FC-12D_en.pdf"; VariantName = "[No Variations]"
Add component (AddParameter): Name = "ComponentLink2Description"; Value = "Local Datasheet"; VariantName = "[No Variations]"
Add component (AddParameter): Name = "ComponentLink2URL"; Value = "C:\ALTIUM_WORK\00001_MCHP-CDB\Datasheets\FC-12D_en.pdf"; VariantName = "[No Variations]"
Add component (AddParameter): Name = "ComponentLink3Description"; Value = "Open Symbol"; VariantName = "[No Variations]"
Add component (AddParameter): Name = "ComponentLink3URL"; Value = "C:\ALTIUM_WORK\00001_MCHP-CDB\Library\LibraryRefs\Crystal 2 Pins.SchLib"; VariantName = "[No Variations]"
Add component (AddParameter): Name = "ComponentLink4Description"; Value = "Open Footprint"; VariantName = "[No Variations]"
Add component (AddParameter): Name = "ComponentLink4URL"; Value = "C:\ALTIUM_WORK\00001_MCHP-CDB\Library\Footprints\CRYSTAL_FC-12M_L2.05W1.2H0.6.PcbLib"; VariantName = "[No Variations]"
Add component (AddParameter): Name = "ComponentLink5Description"; Value = "Open Footprint 2"; VariantName = "[No Variations]"
Add component (AddParameter): Name = "ComponentLink6Description"; Value = "Open Footprint 3"; VariantName = "[No Variations]"
Add component (AddParameter): Name = "ComponentLink7Description"; Value = "Open Footprint 4"; VariantName = "[No Variations]"
Add component (AddParameter): Name = "Description_"; Value = "CRYSTAL 32.768KHZ 12.5PF SMD 2-SMD, No Lead, FC-12M 32.7680KA-A3"; VariantName = "[No Variations]"
Add component (AddParameter): Name = "Dev Tools Status"; Value = "Design"; VariantName = "[No Variations]"
Add component (AddParameter): Name = "Load Capacitance"; Value = "12.5pF"; VariantName = "[No Variations]"
Add component (AddParameter): Name = "Manufacturer 1"; Value = "Epson"; VariantName = "[No Variations]"
Add component (AddParameter): Name = "Manufacturer Part Number 1"; Value = "FC-12M 32.7680KA-A3"; VariantName = "[No Variations]"
Add component (AddParameter): Name = "MCHP-ID"; Value = "OSC1269"; VariantName = "[No Variations]"
Add component (AddParameter): Name = "Operating Temperature"; Value = "-40°C ~ 85°C"; VariantName = "[No Variations]"
Add component (AddParameter): Name = "Owner"; Value = "Dragos Danaila"; VariantName = "[No Variations]"
Add component (AddParameter): Name = "Package"; Value = "2-SMD, No Lead"; VariantName = "[No Variations]"
Add component (AddParameter): Name = "Populated"; Value = "YES"; VariantName = "[No Variations]"
Add component (AddParameter): Name = "Quantity Override"; Value = "1"; VariantName = "[No Variations]"
Add component (AddParameter): Name = "Revision"; Value = "1"; VariantName = "[No Variations]"
Add component (AddParameter): Name = "Status"; Value = "MCL Design"; VariantName = "[No Variations]"
Add component (AddParameter): Name = "Supplier 1"; Value = "Digikey"; VariantName = "[No Variations]"
Add component (AddParameter): Name = "Supplier Part Number 1"; Value = "SER3672CT-ND"; VariantName = "[No Variations]"
Add component (AddParameter): Name = "Symbol"; Value = "Crystal 2 Pins"; VariantName = "[No Variations]"
Add component (AddParameter): Name = "Tolerance"; Value = "20ppm"; VariantName = "[No Variations]"
Add component (AddParameter): Name = "Type"; Value = "Crystal"; VariantName = "[No Variations]"
Add component (AddParameter): Name = "Value"; Value = "32.768 kHz"; VariantName = "[No Variations]"
Added Pin To Net: NetName=GND Pin=BT1-N
Added Pin To Net: NetName=NetBT1_P Pin=BT1-P
Added Pin To Net: NetName=GND Pin=BT2-1
Added Pin To Net: NetName=NetBT2_2 Pin=BT2-2
Added Pin To Net: NetName=GND Pin=BT3-1
Added Pin To Net: NetName=NetBT3_2 Pin=BT3-2
Added Pin To Net: NetName=GND Pin=BT4-1
Added Pin To Net: NetName=NetBT4_2 Pin=BT4-2
Added Pin To Net: NetName=GND Pin=BT5-1
Added Pin To Net: NetName=NetBT5_2 Pin=BT5-2
Added Pin To Net: NetName=GND Pin=C1-1
Added Pin To Net: NetName=12V Pin=C1-2
Added Pin To Net: NetName=GND Pin=C2-1
Added Pin To Net: NetName=12V Pin=C2-2
Added Pin To Net: NetName=GND Pin=C3-1
Added Pin To Net: NetName=12V_CONN Pin=C3-2
Added Pin To Net: NetName=GND Pin=C4-1
Added Pin To Net: NetName=NetC4_2 Pin=C4-2
Added Pin To Net: NetName=GND Pin=C5-1
Added Pin To Net: NetName=NetC5_2 Pin=C5-2
Added Pin To Net: NetName=NetC6_1 Pin=C6-1
Added Pin To Net: NetName=NetC6_2 Pin=C6-2
Added Pin To Net: NetName=GND Pin=C7-1
Added Pin To Net: NetName=12V Pin=C7-2
Added Pin To Net: NetName=GND Pin=C8-1
Added Pin To Net: NetName=12V Pin=C8-2
Added Pin To Net: NetName=GND Pin=C9-1
Added Pin To Net: NetName=5V Pin=C9-2
Added Pin To Net: NetName=GND Pin=C10-1
Added Pin To Net: NetName=5V Pin=C10-2
Added Pin To Net: NetName=GND Pin=C11-1
Added Pin To Net: NetName=5V Pin=C11-2
Added Pin To Net: NetName=GND Pin=C12-1
Added Pin To Net: NetName=3V3_eMMC Pin=C12-2
Added Pin To Net: NetName=GND Pin=C13-1
Added Pin To Net: NetName=3V3_eMMC Pin=C13-2
Added Pin To Net: NetName=GND Pin=C14-1
Added Pin To Net: NetName=VBAT Pin=C14-2
Added Pin To Net: NetName=GND Pin=C15-1
Added Pin To Net: NetName=5V Pin=C15-2
Added Pin To Net: NetName=DCDC1 Pin=C18-1
Added Pin To Net: NetName=GND Pin=C18-2
Added Pin To Net: NetName=GND Pin=C19-1
Added Pin To Net: NetName=5V Pin=C19-2
Added Pin To Net: NetName=DCDC2 Pin=C20-1
Added Pin To Net: NetName=GND Pin=C20-2
Added Pin To Net: NetName=GND Pin=C21-1
Added Pin To Net: NetName=5V Pin=C21-2
Added Pin To Net: NetName=DCDC3 Pin=C22-1
Added Pin To Net: NetName=GND Pin=C22-2
Added Pin To Net: NetName=GND Pin=C23-1
Added Pin To Net: NetName=3V3 Pin=C23-2
Added Pin To Net: NetName=GND Pin=C24-1
Added Pin To Net: NetName=3V3 Pin=C24-2
Added Pin To Net: NetName=GND Pin=C25-1
Added Pin To Net: NetName=3V3 Pin=C25-2
Added Pin To Net: NetName=GND Pin=C26-1
Added Pin To Net: NetName=3V3 Pin=C26-2
Added Pin To Net: NetName=GND Pin=C27-1
Added Pin To Net: NetName=5V Pin=C27-2
Added Pin To Net: NetName=DCDC4 Pin=C28-1
Added Pin To Net: NetName=GND Pin=C28-2
Added Pin To Net: NetName=GND Pin=C29-1
Added Pin To Net: NetName=5V Pin=C29-2
Added Pin To Net: NetName=GND Pin=C30-1
Added Pin To Net: NetName=5V Pin=C30-2
Added Pin To Net: NetName=GND Pin=C31-1
Added Pin To Net: NetName=VLDO1 Pin=C31-2
Added Pin To Net: NetName=GND Pin=C32-1
Added Pin To Net: NetName=VLDO2 Pin=C32-2
Added Pin To Net: NetName=GND Pin=C33-1
Added Pin To Net: NetName=VDDCPU Pin=C33-2
Added Pin To Net: NetName=GND Pin=C34-1
Added Pin To Net: NetName=VDDCPU Pin=C34-2
Added Pin To Net: NetName=GND Pin=C35-1
Added Pin To Net: NetName=VDDCPU Pin=C35-2
Added Pin To Net: NetName=GND Pin=C36-1
Added Pin To Net: NetName=VDDCPU Pin=C36-2
Added Pin To Net: NetName=GND Pin=C37-1
Added Pin To Net: NetName=VDDCPU Pin=C37-2
Added Pin To Net: NetName=GND Pin=C38-1
Added Pin To Net: NetName=VDDCPU Pin=C38-2
Added Pin To Net: NetName=GND Pin=C39-1
Added Pin To Net: NetName=VDDCORE Pin=C39-2
Added Pin To Net: NetName=GND Pin=C40-1
Added Pin To Net: NetName=VDDCORE Pin=C40-2
Added Pin To Net: NetName=GND Pin=C41-1
Added Pin To Net: NetName=VDDCORE Pin=C41-2
Added Pin To Net: NetName=GND Pin=C42-1
Added Pin To Net: NetName=VDDCORE Pin=C42-2
Added Pin To Net: NetName=GND Pin=C43-1
Added Pin To Net: NetName=VDDCORE Pin=C43-2
Added Pin To Net: NetName=GND Pin=C44-1
Added Pin To Net: NetName=VDDCORE Pin=C44-2
Added Pin To Net: NetName=GND Pin=C45-1
Added Pin To Net: NetName=VDDCORE Pin=C45-2
Added Pin To Net: NetName=GND Pin=C46-1
Added Pin To Net: NetName=VDDCORE Pin=C46-2
Added Pin To Net: NetName=GND Pin=C47-1
Added Pin To Net: NetName=VDDCORE Pin=C47-2
Added Pin To Net: NetName=GND Pin=C48-1
Added Pin To Net: NetName=VDDCORE Pin=C48-2
Added Pin To Net: NetName=GND Pin=C49-1
Added Pin To Net: NetName=VDDCORE Pin=C49-2
Added Pin To Net: NetName=GND Pin=C50-1
Added Pin To Net: NetName=VDDCORE Pin=C50-2
Added Pin To Net: NetName=GND Pin=C51-1
Added Pin To Net: NetName=VDDCORE Pin=C51-2
Added Pin To Net: NetName=GND Pin=C52-1
Added Pin To Net: NetName=VDDCORE Pin=C52-2
Added Pin To Net: NetName=GND Pin=C53-1
Added Pin To Net: NetName=VDDCORE Pin=C53-2
Added Pin To Net: NetName=GND Pin=C54-1
Added Pin To Net: NetName=VDDCORE Pin=C54-2
Added Pin To Net: NetName=GND Pin=C55-1
Added Pin To Net: NetName=3V3 Pin=C55-2
Added Pin To Net: NetName=GND Pin=C56-1
Added Pin To Net: NetName=3V3 Pin=C56-2
Added Pin To Net: NetName=GND Pin=C57-1
Added Pin To Net: NetName=3V3 Pin=C57-2
Added Pin To Net: NetName=GND Pin=C58-1
Added Pin To Net: NetName=3V3 Pin=C58-2
Added Pin To Net: NetName=GND Pin=C59-1
Added Pin To Net: NetName=3V3_eMMC Pin=C59-2
Added Pin To Net: NetName=GND Pin=C60-1
Added Pin To Net: NetName=3V3_eMMC Pin=C60-2
Added Pin To Net: NetName=GND Pin=C61-1
Added Pin To Net: NetName=3V3 Pin=C61-2
Added Pin To Net: NetName=GND Pin=C62-1
Added Pin To Net: NetName=3V3 Pin=C62-2
Added Pin To Net: NetName=GND Pin=C63-1
Added Pin To Net: NetName=3V3 Pin=C63-2
Added Pin To Net: NetName=GND Pin=C64-1
Added Pin To Net: NetName=3V3 Pin=C64-2
Added Pin To Net: NetName=GND Pin=C65-1
Added Pin To Net: NetName=3V3 Pin=C65-2
Added Pin To Net: NetName=GND Pin=C66-1
Added Pin To Net: NetName=VDDOUT25 Pin=C66-2
Added Pin To Net: NetName=GND Pin=C67-1
Added Pin To Net: NetName=VDDOUT25 Pin=C67-2
Added Pin To Net: NetName=GND Pin=C68-1
Added Pin To Net: NetName=VDDOUT25 Pin=C68-2
Added Pin To Net: NetName=GND Pin=C69-1
Added Pin To Net: NetName=VDDOUT25 Pin=C69-2
Added Pin To Net: NetName=GND Pin=C70-1
Added Pin To Net: NetName=VDDOUT25 Pin=C70-2
Added Pin To Net: NetName=GND Pin=C71-1
Added Pin To Net: NetName=VDDOUT25 Pin=C71-2
Added Pin To Net: NetName=GND Pin=C72-1
Added Pin To Net: NetName=VDDOUT25 Pin=C72-2
Added Pin To Net: NetName=GND Pin=C73-1
Added Pin To Net: NetName=VBAT Pin=C73-2
Added Pin To Net: NetName=XIN24M Pin=C74-1
Added Pin To Net: NetName=GND Pin=C74-2
Added Pin To Net: NetName=XOUT24M Pin=C75-1
Added Pin To Net: NetName=GND Pin=C75-2
Added Pin To Net: NetName=XIN32K Pin=C76-1
Added Pin To Net: NetName=GND Pin=C76-2
Added Pin To Net: NetName=XOUT32K Pin=C77-1
Added Pin To Net: NetName=GND Pin=C77-2
Added Pin To Net: NetName=VDDIODDR Pin=C78-1
Added Pin To Net: NetName=GND Pin=C78-2
Added Pin To Net: NetName=VDDIODDR Pin=C79-1
Added Pin To Net: NetName=GND Pin=C79-2
Added Pin To Net: NetName=VDDIODDR Pin=C80-1
Added Pin To Net: NetName=GND Pin=C80-2
Added Pin To Net: NetName=VDDIODDR Pin=C81-1
Added Pin To Net: NetName=GND Pin=C81-2
Added Pin To Net: NetName=VDDIODDR Pin=C82-1
Added Pin To Net: NetName=GND Pin=C82-2
Added Pin To Net: NetName=VDDIODDR Pin=C83-1
Added Pin To Net: NetName=GND Pin=C83-2
Added Pin To Net: NetName=VDDIODDR Pin=C84-1
Added Pin To Net: NetName=GND Pin=C84-2
Added Pin To Net: NetName=VDDIODDR Pin=C85-1
Added Pin To Net: NetName=GND Pin=C85-2
Added Pin To Net: NetName=VDDIODDR Pin=C86-1
Added Pin To Net: NetName=GND Pin=C86-2
Added Pin To Net: NetName=VDDIODDR Pin=C87-1
Added Pin To Net: NetName=GND Pin=C87-2
Added Pin To Net: NetName=VDDIODDR Pin=C88-1
Added Pin To Net: NetName=GND Pin=C88-2
Added Pin To Net: NetName=VDDIODDR Pin=C89-1
Added Pin To Net: NetName=GND Pin=C89-2
Added Pin To Net: NetName=VDDIODDR Pin=C90-1
Added Pin To Net: NetName=GND Pin=C90-2
Added Pin To Net: NetName=VDDIODDR Pin=C91-1
Added Pin To Net: NetName=GND Pin=C91-2
Added Pin To Net: NetName=VDDIODDR Pin=C92-1
Added Pin To Net: NetName=GND Pin=C92-2
Added Pin To Net: NetName=VDDIODDR Pin=C93-1
Added Pin To Net: NetName=GND Pin=C93-2
Added Pin To Net: NetName=VDDIODDR Pin=C94-1
Added Pin To Net: NetName=GND Pin=C94-2
Added Pin To Net: NetName=DDR_VREF Pin=C95-1
Added Pin To Net: NetName=GND Pin=C95-2
Added Pin To Net: NetName=VDDIODDR Pin=C96-1
Added Pin To Net: NetName=GND Pin=C96-2
Added Pin To Net: NetName=VDDIODDR Pin=C97-1
Added Pin To Net: NetName=GND Pin=C97-2
Added Pin To Net: NetName=VDDIODDR Pin=C98-1
Added Pin To Net: NetName=GND Pin=C98-2
Added Pin To Net: NetName=GND Pin=C99-1
Added Pin To Net: NetName=VDDIODDR Pin=C99-2
Added Pin To Net: NetName=GND Pin=C100-1
Added Pin To Net: NetName=VDDIODDR Pin=C100-2
Added Pin To Net: NetName=GND Pin=C101-1
Added Pin To Net: NetName=VDDIODDR Pin=C101-2
Added Pin To Net: NetName=GND Pin=C102-1
Added Pin To Net: NetName=VDDIODDR Pin=C102-2
Added Pin To Net: NetName=GND Pin=C103-1
Added Pin To Net: NetName=VDDIODDR Pin=C103-2
Added Pin To Net: NetName=GND Pin=C104-1
Added Pin To Net: NetName=VDDIODDR Pin=C104-2
Added Pin To Net: NetName=GND Pin=C105-1
Added Pin To Net: NetName=VDDIODDR Pin=C105-2
Added Pin To Net: NetName=GND Pin=C106-1
Added Pin To Net: NetName=VDDIODDR Pin=C106-2
Added Pin To Net: NetName=GND Pin=C107-1
Added Pin To Net: NetName=VDDIODDR Pin=C107-2
Added Pin To Net: NetName=GND Pin=C108-1
Added Pin To Net: NetName=VDDIODDR Pin=C108-2
Added Pin To Net: NetName=GND Pin=C109-1
Added Pin To Net: NetName=VDDIODDR Pin=C109-2
Added Pin To Net: NetName=GND Pin=C110-1
Added Pin To Net: NetName=VDDIODDR Pin=C110-2
Added Pin To Net: NetName=GND Pin=C111-1
Added Pin To Net: NetName=VDDIODDR Pin=C111-2
Added Pin To Net: NetName=GND Pin=C112-1
Added Pin To Net: NetName=VDDIODDR Pin=C112-2
Added Pin To Net: NetName=GND Pin=C113-1
Added Pin To Net: NetName=VDDIODDR Pin=C113-2
Added Pin To Net: NetName=GND Pin=C114-1
Added Pin To Net: NetName=VDDIODDR Pin=C114-2
Added Pin To Net: NetName=DDR_VREF Pin=C115-1
Added Pin To Net: NetName=VDDIODDR Pin=C115-2
Added Pin To Net: NetName=GND Pin=C116-1
Added Pin To Net: NetName=VDDIODDR Pin=C116-2
Added Pin To Net: NetName=GND Pin=C117-1
Added Pin To Net: NetName=DDR_VREF Pin=C117-2
Added Pin To Net: NetName=DDR_VREF Pin=C118-1
Added Pin To Net: NetName=GND Pin=C118-2
Added Pin To Net: NetName=DDR_VREF Pin=C119-1
Added Pin To Net: NetName=GND Pin=C119-2
Added Pin To Net: NetName=GND Pin=C120-1
Added Pin To Net: NetName=3V3_eMMC Pin=C120-2
Added Pin To Net: NetName=GND Pin=C121-1
Added Pin To Net: NetName=3V3_eMMC Pin=C121-2
Added Pin To Net: NetName=GND Pin=C122-1
Added Pin To Net: NetName=3V3_eMMC Pin=C122-2
Added Pin To Net: NetName=GND Pin=C123-1
Added Pin To Net: NetName=3V3_eMMC Pin=C123-2
Added Pin To Net: NetName=GND Pin=C124-1
Added Pin To Net: NetName=3V3_eMMC Pin=C124-2
Added Pin To Net: NetName=GND Pin=C125-1
Added Pin To Net: NetName=3V3_eMMC Pin=C125-2
Added Pin To Net: NetName=GND Pin=C126-1
Added Pin To Net: NetName=3V3_eMMC Pin=C126-2
Added Pin To Net: NetName=GND Pin=C127-1
Added Pin To Net: NetName=3V3_eMMC Pin=C127-2
Added Pin To Net: NetName=GND Pin=C128-1
Added Pin To Net: NetName=3V3_eMMC Pin=C128-2
Added Pin To Net: NetName=GND Pin=C129-1
Added Pin To Net: NetName=3V3_eMMC Pin=C129-2
Added Pin To Net: NetName=GND Pin=C130-1
Added Pin To Net: NetName=3V3_eMMC Pin=C130-2
Added Pin To Net: NetName=GND Pin=C131-1
Added Pin To Net: NetName=3V3_eMMC Pin=C131-2
Added Pin To Net: NetName=GND Pin=C132-1
Added Pin To Net: NetName=3V3_eMMC Pin=C132-2
Added Pin To Net: NetName=GND Pin=C133-1
Added Pin To Net: NetName=3V3_eMMC Pin=C133-2
Added Pin To Net: NetName=GND Pin=C134-1
Added Pin To Net: NetName=3V3_eMMC Pin=C134-2
Added Pin To Net: NetName=GND Pin=C135-1
Added Pin To Net: NetName=3V3_eMMC Pin=C135-2
Added Pin To Net: NetName=GND Pin=C136-1
Added Pin To Net: NetName=3V3_eMMC Pin=C136-2
Added Pin To Net: NetName=GND Pin=C137-1
Added Pin To Net: NetName=3V3_eMMC Pin=C137-2
Added Pin To Net: NetName=GND Pin=C138-1
Added Pin To Net: NetName=3V3_eMMC Pin=C138-2
Added Pin To Net: NetName=GND Pin=C139-1
Added Pin To Net: NetName=3V3_eMMC Pin=C139-2
Added Pin To Net: NetName=GND Pin=C140-1
Added Pin To Net: NetName=3V3_SDCARD Pin=C140-2
Added Pin To Net: NetName=GND Pin=C141-1
Added Pin To Net: NetName=3V3 Pin=C141-2
Added Pin To Net: NetName=GND Pin=C142-1
Added Pin To Net: NetName=3V3_SDCARD Pin=C142-2
Added Pin To Net: NetName=GND Pin=C143-1
Added Pin To Net: NetName=3V3 Pin=C143-2
Added Pin To Net: NetName=GND Pin=C144-1
Added Pin To Net: NetName=3V3 Pin=C144-2
Added Pin To Net: NetName=GND Pin=C145-1
Added Pin To Net: NetName=GND_USBA Pin=C145-2
Added Pin To Net: NetName=GND Pin=C146-1
Added Pin To Net: NetName=VDD_3V3_FTDI Pin=C146-2
Added Pin To Net: NetName=GND Pin=C147-1
Added Pin To Net: NetName=VBUS_FTDI Pin=C147-2
Added Pin To Net: NetName=GND Pin=C148-1
Added Pin To Net: NetName=3V3 Pin=C148-2
Added Pin To Net: NetName=GND Pin=C149-1
Added Pin To Net: NetName=ADC_TEMP_1 Pin=C149-2
Added Pin To Net: NetName=GND Pin=C150-1
Added Pin To Net: NetName=3V3 Pin=C150-2
Added Pin To Net: NetName=GND Pin=C151-1
Added Pin To Net: NetName=ADC_TEMP_2 Pin=C151-2
Added Pin To Net: NetName=GND Pin=C152-1
Added Pin To Net: NetName=3V3 Pin=C152-2
Added Pin To Net: NetName=GND Pin=C153-1
Added Pin To Net: NetName=ADC_TEMP_3 Pin=C153-2
Added Pin To Net: NetName=GND Pin=C154-1
Added Pin To Net: NetName=3V3 Pin=C154-2
Added Pin To Net: NetName=GND Pin=C155-1
Added Pin To Net: NetName=VBAT Pin=C155-2
Added Pin To Net: NetName=GND Pin=C156-1
Added Pin To Net: NetName=3V3 Pin=C156-2
Added Pin To Net: NetName=GND Pin=C157-1
Added Pin To Net: NetName=3V3 Pin=C157-2
Added Pin To Net: NetName=GND Pin=C158-1
Added Pin To Net: NetName=3V3 Pin=C158-2
Added Pin To Net: NetName=GND Pin=C159-1
Added Pin To Net: NetName=3V3 Pin=C159-2
Added Pin To Net: NetName=GND Pin=C160-1
Added Pin To Net: NetName=3V3 Pin=C160-2
Added Pin To Net: NetName=GND Pin=C161-1
Added Pin To Net: NetName=3V3 Pin=C161-2
Added Pin To Net: NetName=GND Pin=C162-1
Added Pin To Net: NetName=3V3 Pin=C162-2
Added Pin To Net: NetName=GND Pin=C163-1
Added Pin To Net: NetName=NetC163_2 Pin=C163-2
Added Pin To Net: NetName=GND Pin=C164-1
Added Pin To Net: NetName=NetBT2_2 Pin=C164-2
Added Pin To Net: NetName=GND Pin=C165-1
Added Pin To Net: NetName=NetBT3_2 Pin=C165-2
Added Pin To Net: NetName=GND Pin=C166-1
Added Pin To Net: NetName=NetBT4_2 Pin=C166-2
Added Pin To Net: NetName=GND Pin=C167-1
Added Pin To Net: NetName=NetBT5_2 Pin=C167-2
Added Pin To Net: NetName=GND Pin=C168-1
Added Pin To Net: NetName=3V3 Pin=C168-2
Added Pin To Net: NetName=GND Pin=C169-1
Added Pin To Net: NetName=3V3 Pin=C169-2
Added Pin To Net: NetName=NetCR1_1 Pin=CR1-1
Added Pin To Net: NetName=NetCR1_2 Pin=CR1-2
Added Pin To Net: NetName=GND Pin=CR1-3
Added Pin To Net: NetName=GND Pin=D1-1
Added Pin To Net: NetName=NetD1_2 Pin=D1-2
Added Pin To Net: NetName=GND Pin=D2-1
Added Pin To Net: NetName=NetC6_1 Pin=D2-2
Added Pin To Net: NetName=GND Pin=D3-1
Added Pin To Net: NetName=NetD3_2 Pin=D3-2
Added Pin To Net: NetName=3V3 Pin=D4-1
Added Pin To Net: NetName=NetBT1_P Pin=D4-2
Added Pin To Net: NetName=NetD4_3 Pin=D4-3
Added Pin To Net: NetName=GND Pin=D5-1
Added Pin To Net: NetName=NetD5_2 Pin=D5-2
Added Pin To Net: NetName=NetD7_1 Pin=D7-1
Added Pin To Net: NetName=3V3 Pin=D7-2
Added Pin To Net: NetName=NetD7_3 Pin=D7-3
Added Pin To Net: NetName=NetD7_4 Pin=D7-4
Added Pin To Net: NetName=GND Pin=FB2-1
Added Pin To Net: NetName=GND_USBA Pin=FB2-2
Added Pin To Net: NetName=GND Pin=H1-1
Added Pin To Net: NetName=GND Pin=H1-1
Added Pin To Net: NetName=GND Pin=H1-1
Added Pin To Net: NetName=GND Pin=H1-1
Added Pin To Net: NetName=GND Pin=H1-1
Added Pin To Net: NetName=GND Pin=H1-1
Added Pin To Net: NetName=GND Pin=H1-1
Added Pin To Net: NetName=GND Pin=H1-1
Added Pin To Net: NetName=GND Pin=H1-1
Added Pin To Net: NetName=GND Pin=H2-1
Added Pin To Net: NetName=GND Pin=H2-1
Added Pin To Net: NetName=GND Pin=H2-1
Added Pin To Net: NetName=GND Pin=H2-1
Added Pin To Net: NetName=GND Pin=H2-1
Added Pin To Net: NetName=GND Pin=H2-1
Added Pin To Net: NetName=GND Pin=H2-1
Added Pin To Net: NetName=GND Pin=H2-1
Added Pin To Net: NetName=GND Pin=H2-1
Added Pin To Net: NetName=GND Pin=H3-1
Added Pin To Net: NetName=GND Pin=H3-1
Added Pin To Net: NetName=GND Pin=H3-1
Added Pin To Net: NetName=GND Pin=H3-1
Added Pin To Net: NetName=GND Pin=H3-1
Added Pin To Net: NetName=GND Pin=H3-1
Added Pin To Net: NetName=GND Pin=H3-1
Added Pin To Net: NetName=GND Pin=H3-1
Added Pin To Net: NetName=GND Pin=H3-1
Added Pin To Net: NetName=GND Pin=H4-1
Added Pin To Net: NetName=GND Pin=H4-1
Added Pin To Net: NetName=GND Pin=H4-1
Added Pin To Net: NetName=GND Pin=H4-1
Added Pin To Net: NetName=GND Pin=H4-1
Added Pin To Net: NetName=GND Pin=H4-1
Added Pin To Net: NetName=GND Pin=H4-1
Added Pin To Net: NetName=GND Pin=H4-1
Added Pin To Net: NetName=GND Pin=H4-1
Added Pin To Net: NetName=12V Pin=J1-1
Added Pin To Net: NetName=12V Pin=J1-2
Added Pin To Net: NetName=12V Pin=J1-3
Added Pin To Net: NetName=GND Pin=J1-4
Added Pin To Net: NetName=GND Pin=J1-5
Added Pin To Net: NetName=GND Pin=J1-6
Added Pin To Net: NetName=NetJ1_7 Pin=J1-7
Added Pin To Net: NetName=NetJ1_8 Pin=J1-8
Added Pin To Net: NetName=NetJ1_9 Pin=J1-9
Added Pin To Net: NetName=GND Pin=J1-M1
Added Pin To Net: NetName=GND Pin=J1-M2
Added Pin To Net: NetName=FLEXCOM4_IO3_PA15 Pin=J2-1
Added Pin To Net: NetName=FLEXCOM4_IO2_PA16 Pin=J2-2
Added Pin To Net: NetName=FLEXCOM4_IO0_PA18 Pin=J2-3
Added Pin To Net: NetName=FLEXCOM4_IO1_PA17 Pin=J2-4
Added Pin To Net: NetName=FLEXCOM5_IO1_PD17 Pin=J2-5
Added Pin To Net: NetName=FLEXCOM5_IO0_PD16 Pin=J2-6
Added Pin To Net: NetName=EXP_USB_P Pin=J2-7
Added Pin To Net: NetName=EXP_USB_N Pin=J2-8
Added Pin To Net: NetName=GND Pin=J2-M1
Added Pin To Net: NetName=GND Pin=J2-M2
Added Pin To Net: NetName=VBAT Pin=J3-1
Added Pin To Net: NetName=NetD4_3 Pin=J3-2
Added Pin To Net: NetName=STX_12V Pin=J4-23
Added Pin To Net: NetName=STX_12V Pin=J4-24
Added Pin To Net: NetName=BUS_5V Pin=J4-25
Added Pin To Net: NetName=BUS_5V Pin=J4-26
Added Pin To Net: NetName=BUS_3V3 Pin=J4-27
Added Pin To Net: NetName=BUS_3V3 Pin=J4-28
Added Pin To Net: NetName=GND Pin=J4-29
Added Pin To Net: NetName=GND Pin=J4-30
Added Pin To Net: NetName=GND Pin=J4-31
Added Pin To Net: NetName=GND Pin=J4-32
Added Pin To Net: NetName=GOM_VBAT Pin=J4-45
Added Pin To Net: NetName=GOM_VBAT Pin=J4-46
Added Pin To Net: NetName=GND Pin=J4-47
Added Pin To Net: NetName=GND Pin=J4-48
Added Pin To Net: NetName=NetJ1_9 Pin=J5-01
Added Pin To Net: NetName=NetJ1_8 Pin=J5-03
Added Pin To Net: NetName=STX_GPIO_EN Pin=J5-06
Added Pin To Net: NetName=RS_422_RX_P Pin=J5-09
Added Pin To Net: NetName=RS_422_RX_N Pin=J5-11
Added Pin To Net: NetName=RS_422_TX_P Pin=J5-13
Added Pin To Net: NetName=RS_422_TX_N Pin=J5-15
Added Pin To Net: NetName=FLEXCOM4_IO3_PA15 Pin=J5-19
Added Pin To Net: NetName=FLEXCOM4_IO2_PA16 Pin=J5-21
Added Pin To Net: NetName=FLEXCOM4_IO0_PA18 Pin=J5-23
Added Pin To Net: NetName=FLEXCOM4_IO1_PA17 Pin=J5-25
Added Pin To Net: NetName=STX_RS485_N Pin=J5-37
Added Pin To Net: NetName=STX_RS485_P Pin=J5-38
Added Pin To Net: NetName=FLEXCOM6_IO0_PA28 Pin=J5-39
Added Pin To Net: NetName=NetJ5_40 Pin=J5-40
Added Pin To Net: NetName=FLEXCOM5_IO0_PD16 Pin=J5-41
Added Pin To Net: NetName=FLEXCOM1_IO0_PD7 Pin=J5-42
Added Pin To Net: NetName=FLEXCOM5_IO1_PD17 Pin=J5-43
Added Pin To Net: NetName=FLEXCOM1_IO1_PD6 Pin=J5-44
Added Pin To Net: NetName=STX_RS485_P Pin=J6-1
Added Pin To Net: NetName=STX_RS485_N Pin=J6-2
Added Pin To Net: NetName=GND Pin=J6-3
Added Pin To Net: NetName=RS_422_TX_P Pin=J6-4
Added Pin To Net: NetName=RS_422_TX_N Pin=J6-5
Added Pin To Net: NetName=GND Pin=J6-6
Added Pin To Net: NetName=RS_422_RX_P Pin=J6-7
Added Pin To Net: NetName=RS_422_RX_N Pin=J6-8
Added Pin To Net: NetName=GND Pin=J6-M1
Added Pin To Net: NetName=GND Pin=J6-M2
Added Pin To Net: NetName=GND Pin=J7-01
Added Pin To Net: NetName=GND Pin=J7-02
Added Pin To Net: NetName=3V3 Pin=J7-03
Added Pin To Net: NetName=3V3 Pin=J7-04
Added Pin To Net: NetName=FLEXCOM5_IO1_PD17 Pin=J7-05
Added Pin To Net: NetName=FLEXCOM5_IO0_PD16 Pin=J7-06
Added Pin To Net: NetName=NetJ1_8 Pin=J7-07
Added Pin To Net: NetName=NetJ1_9 Pin=J7-08
Added Pin To Net: NetName=3V3 Pin=J7-17
Added Pin To Net: NetName=3V3 Pin=J7-18
Added Pin To Net: NetName=GND Pin=J7-19
Added Pin To Net: NetName=GND Pin=J7-20
Added Pin To Net: NetName=NetJ8_1 Pin=J8-1
Added Pin To Net: NetName=NetJ8_2 Pin=J8-2
Added Pin To Net: NetName=NetJ8_3 Pin=J8-3
Added Pin To Net: NetName=NetJ8_4 Pin=J8-4
Added Pin To Net: NetName=GND Pin=J8-5
Added Pin To Net: NetName=3V3 Pin=J9-2
Added Pin To Net: NetName=GND Pin=J9-10
Added Pin To Net: NetName=FLEXCOM7_IO1_PD9 Pin=J9-11
Added Pin To Net: NetName=FLEXCOM7_IO0_PD8 Pin=J9-12
Added Pin To Net: NetName=GND Pin=J9-13
Added Pin To Net: NetName=FLEXCOM6_IO0_PA28 Pin=J9-14
Added Pin To Net: NetName=GND Pin=J9-16
Added Pin To Net: NetName=GND Pin=J9-18
Added Pin To Net: NetName=NetJ5_40 Pin=J9-19
Added Pin To Net: NetName=FLEXCOM5_IO0_PD16 Pin=J10-1
Added Pin To Net: NetName=FLEXCOM5_IO0_PD16 Pin=J10-2
Added Pin To Net: NetName=GND Pin=J10-3
Added Pin To Net: NetName=FLEXCOM5_IO1_PD17 Pin=J10-5
Added Pin To Net: NetName=FLEXCOM5_IO1_PD17 Pin=J10-6
Added Pin To Net: NetName=GND Pin=J10-7
Added Pin To Net: NetName=GND Pin=J10-7
Added Pin To Net: NetName=VLDO1 Pin=J14-1
Added Pin To Net: NetName=GND Pin=J14-2
Added Pin To Net: NetName=VLDO2 Pin=J15-1
Added Pin To Net: NetName=GND Pin=J15-2
Added Pin To Net: NetName=NetJ16_1 Pin=J16-1
Added Pin To Net: NetName=NetJ16_2 Pin=J16-2
Added Pin To Net: NetName=GND Pin=J16-3
Added Pin To Net: NetName=3V3_SDCARD Pin=J16-4
Added Pin To Net: NetName=NetJ16_5 Pin=J16-5
Added Pin To Net: NetName=GND Pin=J16-6
Added Pin To Net: NetName=NetJ16_7 Pin=J16-7
Added Pin To Net: NetName=NetJ16_8 Pin=J16-8
Added Pin To Net: NetName=NetJ16_9 Pin=J16-9
Added Pin To Net: NetName=PD2 Pin=J16-10
Added Pin To Net: NetName=PD1 Pin=J16-11
Added Pin To Net: NetName=GND Pin=J16-12
Added Pin To Net: NetName=GND Pin=J16-12
Added Pin To Net: NetName=GND Pin=J16-12
Added Pin To Net: NetName=GND Pin=J16-12
Added Pin To Net: NetName=GND Pin=J17-A1_B12
Added Pin To Net: NetName=USBA_VBUS_5V Pin=J17-A4_B9
Added Pin To Net: NetName=CC1 Pin=J17-A5
Added Pin To Net: NetName=CONN_USBA_P Pin=J17-A6
Added Pin To Net: NetName=CONN_USBA_N Pin=J17-A7
Added Pin To Net: NetName=GND Pin=J17-B1_A12
Added Pin To Net: NetName=USBA_VBUS_5V Pin=J17-B4_A9
Added Pin To Net: NetName=CC2 Pin=J17-B5
Added Pin To Net: NetName=CONN_USBA_P Pin=J17-B6
Added Pin To Net: NetName=CONN_USBA_N Pin=J17-B7
Added Pin To Net: NetName=GND_USBA Pin=J17-S1
Added Pin To Net: NetName=GND_USBA Pin=J17-S2
Added Pin To Net: NetName=GND_USBA Pin=J17-S3
Added Pin To Net: NetName=GND_USBA Pin=J17-S4
Added Pin To Net: NetName=GND Pin=J18-1
Added Pin To Net: NetName=VBUS_FTDI Pin=J18-3
Added Pin To Net: NetName=DBGU_RX_FTDI Pin=J18-4
Added Pin To Net: NetName=DBGU_TX_FTDI Pin=J18-5
Added Pin To Net: NetName=3V3 Pin=J19-1
Added Pin To Net: NetName=3V3 Pin=J19-2
Added Pin To Net: NetName=NetJ19_3 Pin=J19-3
Added Pin To Net: NetName=GND Pin=J19-4
Added Pin To Net: NetName=NetJ19_5 Pin=J19-5
Added Pin To Net: NetName=GND Pin=J19-6
Added Pin To Net: NetName=NetJ19_7 Pin=J19-7
Added Pin To Net: NetName=GND Pin=J19-8
Added Pin To Net: NetName=NetJ19_9 Pin=J19-9
Added Pin To Net: NetName=GND Pin=J19-10
Added Pin To Net: NetName=NetJ19_11 Pin=J19-11
Added Pin To Net: NetName=GND Pin=J19-12
Added Pin To Net: NetName=NetJ19_13 Pin=J19-13
Added Pin To Net: NetName=GND Pin=J19-14
Added Pin To Net: NetName=NetJ19_15 Pin=J19-15
Added Pin To Net: NetName=GND Pin=J19-16
Added Pin To Net: NetName=GND Pin=J19-18
Added Pin To Net: NetName=GND Pin=J19-20
Added Pin To Net: NetName=LVDS_TxD_P Pin=J20-1
Added Pin To Net: NetName=LVDS_TxD_N Pin=J20-2
Added Pin To Net: NetName=GND Pin=J20-5
Added Pin To Net: NetName=LVDS_TxC_P Pin=J20-6
Added Pin To Net: NetName=LVDS_TxC_N Pin=J20-7
Added Pin To Net: NetName=GND Pin=J20-M1
Added Pin To Net: NetName=GND Pin=J20-M2
Added Pin To Net: NetName=GND Pin=J21-1
Added Pin To Net: NetName=GND Pin=J21-2
Added Pin To Net: NetName=VBAT Pin=J21-3
Added Pin To Net: NetName=NetJ21_4 Pin=J21-4
Added Pin To Net: NetName=VBAT Pin=J21-5
Added Pin To Net: NetName=NetJ21_6 Pin=J21-6
Added Pin To Net: NetName=NetJ21_7 Pin=J21-7
Added Pin To Net: NetName=NetJ21_9 Pin=J21-9
Added Pin To Net: NetName=3V3 Pin=J21-10
Added Pin To Net: NetName=GND Pin=J22-1
Added Pin To Net: NetName=GND Pin=J22-2
Added Pin To Net: NetName=NetJ22_3 Pin=J22-3
Added Pin To Net: NetName=NetJ22_4 Pin=J22-4
Added Pin To Net: NetName=GND Pin=J22-5
Added Pin To Net: NetName=3V3 Pin=J22-6
Added Pin To Net: NetName=NetJ22_7 Pin=J22-7
Added Pin To Net: NetName=3V3 Pin=J22-8
Added Pin To Net: NetName=NetJ22_9 Pin=J22-9
Added Pin To Net: NetName=3V3 Pin=J22-10
Added Pin To Net: NetName=12V_CONN Pin=J?-1
Added Pin To Net: NetName=GND Pin=J?-1
Added Pin To Net: NetName=12V_CONN Pin=J?-2
Added Pin To Net: NetName=GND Pin=J?-2
Added Pin To Net: NetName=GND Pin=J?-3
Added Pin To Net: NetName=GND Pin=J?-4
Added Pin To Net: NetName=12V_CONN Pin=J?-5
Added Pin To Net: NetName=GND Pin=J?-5
Added Pin To Net: NetName=12V_CONN Pin=J?-6
Added Pin To Net: NetName=GND Pin=J?-6
Added Pin To Net: NetName=GND Pin=J?-6
Added Pin To Net: NetName=GND Pin=J?-S1
Added Pin To Net: NetName=GND Pin=J?-S2
Added Pin To Net: NetName=NetC6_1 Pin=L1-1
Added Pin To Net: NetName=5V Pin=L1-2
Added Pin To Net: NetName=NetL2_1 Pin=L2-1
Added Pin To Net: NetName=DCDC1 Pin=L2-2
Added Pin To Net: NetName=NetL3_1 Pin=L3-1
Added Pin To Net: NetName=DCDC2 Pin=L3-2
Added Pin To Net: NetName=NetL4_1 Pin=L4-1
Added Pin To Net: NetName=DCDC3 Pin=L4-2
Added Pin To Net: NetName=NetL5_1 Pin=L5-1
Added Pin To Net: NetName=DCDC4 Pin=L5-2
Added Pin To Net: NetName=NetQ1_1 Pin=Q1-1
Added Pin To Net: NetName=GND Pin=Q1-2
Added Pin To Net: NetName=NetQ1_3 Pin=Q1-3
Added Pin To Net: NetName=5V Pin=Q2-1
Added Pin To Net: NetName=NetQ2_2 Pin=Q2-2
Added Pin To Net: NetName=CC1 Pin=Q2-3
Added Pin To Net: NetName=5V Pin=Q3-1
Added Pin To Net: NetName=NetQ3_2 Pin=Q3-2
Added Pin To Net: NetName=CC2 Pin=Q3-3
Added Pin To Net: NetName=3V3 Pin=Q4-1
Added Pin To Net: NetName=NetQ4_2 Pin=Q4-2
Added Pin To Net: NetName=DBGU_TX_FTDI Pin=Q4-3
Added Pin To Net: NetName=3V3 Pin=Q5-1
Added Pin To Net: NetName=NetQ5_2 Pin=Q5-2
Added Pin To Net: NetName=DBGU_RX_FTDI Pin=Q5-3
Added Pin To Net: NetName=NetQ6_1 Pin=Q6-1
Added Pin To Net: NetName=GND Pin=Q6-2
Added Pin To Net: NetName=NetQ6_3 Pin=Q6-3
Added Pin To Net: NetName=NetQ7_1 Pin=Q7-1
Added Pin To Net: NetName=GND Pin=Q7-2
Added Pin To Net: NetName=NetQ7_3 Pin=Q7-3
Added Pin To Net: NetName=NetQ8_1 Pin=Q8-1
Added Pin To Net: NetName=GND Pin=Q8-2
Added Pin To Net: NetName=NetQ8_3 Pin=Q8-3
Added Pin To Net: NetName=AUXOFF Pin=R1-1
Added Pin To Net: NetName=5V Pin=R1-2
Added Pin To Net: NetName=FLT# Pin=R2-1
Added Pin To Net: NetName=5V Pin=R2-2
Added Pin To Net: NetName=NetD1_2 Pin=R3-1
Added Pin To Net: NetName=12V Pin=R3-2
Added Pin To Net: NetName=12V_CONN Pin=R4-1
Added Pin To Net: NetName=NetQ1_3 Pin=R4-2
Added Pin To Net: NetName=NetQ1_3 Pin=R5-1
Added Pin To Net: NetName=NetR5_2 Pin=R5-2
Added Pin To Net: NetName=NetJ1_7 Pin=R6-1
Added Pin To Net: NetName=NetQ1_1 Pin=R6-2
Added Pin To Net: NetName=NetR5_2 Pin=R7-1
Added Pin To Net: NetName=GND Pin=R7-2
Added Pin To Net: NetName=NetQ1_1 Pin=R8-1
Added Pin To Net: NetName=GND Pin=R8-2
Added Pin To Net: NetName=NetR9_1 Pin=R9-1
Added Pin To Net: NetName=GND Pin=R9-2
Added Pin To Net: NetName=NetD3_2 Pin=R10-1
Added Pin To Net: NetName=5V Pin=R10-2
Added Pin To Net: NetName=5V Pin=R11-1
Added Pin To Net: NetName=NetR11_2 Pin=R11-2
Added Pin To Net: NetName=NetR11_2 Pin=R12-1
Added Pin To Net: NetName=GND Pin=R12-2
Added Pin To Net: NetName=NetD5_2 Pin=R13-1
Added Pin To Net: NetName=3V3_eMMC Pin=R13-2
Added Pin To Net: NetName=NetJ22_4 Pin=R17-1
Added Pin To Net: NetName=NetR17_2 Pin=R17-2
Added Pin To Net: NetName=NetJ21_6 Pin=R19-1
Added Pin To Net: NetName=NetR19_2 Pin=R19-2
Added Pin To Net: NetName=NetR21_1 Pin=R21-1
Added Pin To Net: NetName=VBAT Pin=R21-2
Added Pin To Net: NetName=NetJ22_7 Pin=R22-1
Added Pin To Net: NetName=3V3 Pin=R22-2
Added Pin To Net: NetName=NetR23_1 Pin=R23-1
Added Pin To Net: NetName=3V3 Pin=R23-2
Added Pin To Net: NetName=3V3 Pin=R24-1
Added Pin To Net: NetName=PAC1934_TWD Pin=R24-2
Added Pin To Net: NetName=NetR25_1 Pin=R25-1
Added Pin To Net: NetName=3V3 Pin=R25-2
Added Pin To Net: NetName=NetR26_1 Pin=R26-1
Added Pin To Net: NetName=3V3 Pin=R26-2
Added Pin To Net: NetName=NetR27_1 Pin=R27-1
Added Pin To Net: NetName=GND Pin=R27-2
Added Pin To Net: NetName=DCDC1 Pin=R28-1
Added Pin To Net: NetName=DCDC1 Pin=R28-1
Added Pin To Net: NetName=3V3 Pin=R28-2
Added Pin To Net: NetName=3V3 Pin=R28-2
Added Pin To Net: NetName=SENSE1_P Pin=R28-3
Added Pin To Net: NetName=SENSE1_N Pin=R28-4
Added Pin To Net: NetName=DCDC2 Pin=R29-1
Added Pin To Net: NetName=DCDC2 Pin=R29-1
Added Pin To Net: NetName=VDDIODDR Pin=R29-2
Added Pin To Net: NetName=VDDIODDR Pin=R29-2
Added Pin To Net: NetName=SENSE2_P Pin=R29-3
Added Pin To Net: NetName=SENSE2_N Pin=R29-4
Added Pin To Net: NetName=DCDC3 Pin=R30-1
Added Pin To Net: NetName=DCDC3 Pin=R30-1
Added Pin To Net: NetName=VDDCORE Pin=R30-2
Added Pin To Net: NetName=VDDCORE Pin=R30-2
Added Pin To Net: NetName=SENSE3_P Pin=R30-3
Added Pin To Net: NetName=SENSE3_N Pin=R30-4
Added Pin To Net: NetName=DCDC4 Pin=R31-1
Added Pin To Net: NetName=DCDC4 Pin=R31-1
Added Pin To Net: NetName=VDDCPU Pin=R31-2
Added Pin To Net: NetName=VDDCPU Pin=R31-2
Added Pin To Net: NetName=SENSE4_P Pin=R31-3
Added Pin To Net: NetName=SENSE4_N Pin=R31-4
Added Pin To Net: NetName=NetR32_1 Pin=R32-1
Added Pin To Net: NetName=GND Pin=R32-2
Added Pin To Net: NetName=3V3 Pin=R33-1
Added Pin To Net: NetName=NetJ22_9 Pin=R33-2
Added Pin To Net: NetName=GND Pin=R34-1
Added Pin To Net: NetName=NetJ21_4 Pin=R34-2
Added Pin To Net: NetName=GND Pin=R35-1
Added Pin To Net: NetName=NetR35_2 Pin=R35-2
Added Pin To Net: NetName=GND Pin=R36-1
Added Pin To Net: NetName=NetR36_2 Pin=R36-2
Added Pin To Net: NetName=GND Pin=R37-1
Added Pin To Net: NetName=NetR37_2 Pin=R37-2
Added Pin To Net: NetName=GND Pin=R38-1
Added Pin To Net: NetName=NetR38_2 Pin=R38-2
Added Pin To Net: NetName=3V3 Pin=R39-1
Added Pin To Net: NetName=FLEXCOM1_IO1_PD6 Pin=R39-2
Added Pin To Net: NetName=FLEXCOM1_IO1_PD6 Pin=R40-1
Added Pin To Net: NetName=NetR40_2 Pin=R40-2
Added Pin To Net: NetName=3V3 Pin=R41-1
Added Pin To Net: NetName=FLEXCOM1_IO0_PD7 Pin=R41-2
Added Pin To Net: NetName=FLEXCOM1_IO0_PD7 Pin=R42-1
Added Pin To Net: NetName=NetR42_2 Pin=R42-2
Added Pin To Net: NetName=3V3 Pin=R43-1
Added Pin To Net: NetName=FLEXCOM5_IO0_PD16 Pin=R43-2
Added Pin To Net: NetName=3V3 Pin=R44-1
Added Pin To Net: NetName=FLEXCOM5_IO1_PD17 Pin=R44-2
Added Pin To Net: NetName=NetR45_1 Pin=R45-1
Added Pin To Net: NetName=FLEXCOM1_IO1_PD6 Pin=R45-2
Added Pin To Net: NetName=NetR46_1 Pin=R46-1
Added Pin To Net: NetName=FLEXCOM1_IO0_PD7 Pin=R46-2
Added Pin To Net: NetName=NetR47_1 Pin=R47-1
Added Pin To Net: NetName=FLEXCOM5_IO0_PD16 Pin=R47-2
Added Pin To Net: NetName=NetR48_1 Pin=R48-1
Added Pin To Net: NetName=FLEXCOM5_IO1_PD17 Pin=R48-2
Added Pin To Net: NetName=3V3 Pin=R49-1
Added Pin To Net: NetName=FLEXCOM10_IO0_PB6 Pin=R49-2
Added Pin To Net: NetName=FLEXCOM10_IO0_PB6 Pin=R50-1
Added Pin To Net: NetName=NetR50_2 Pin=R50-2
Added Pin To Net: NetName=FLEXCOM10_IO0_PB6 Pin=R51-1
Added Pin To Net: NetName=PAC1934_TWD Pin=R51-2
Added Pin To Net: NetName=3V3 Pin=R52-1
Added Pin To Net: NetName=FLEXCOM10_IO1_PB7 Pin=R52-2
Added Pin To Net: NetName=FLEXCOM10_IO1_PB7 Pin=R53-1
Added Pin To Net: NetName=NetR53_2 Pin=R53-2
Added Pin To Net: NetName=FLEXCOM10_IO1_PB7 Pin=R54-1
Added Pin To Net: NetName=PAC1934_TWCK Pin=R54-2
Added Pin To Net: NetName=DDR_RESET Pin=R55-1
Added Pin To Net: NetName=VDDIODDR Pin=R55-2
Added Pin To Net: NetName=NetR56_1 Pin=R56-1
Added Pin To Net: NetName=GND Pin=R56-2
Added Pin To Net: NetName=DDR_VREF Pin=R57-1
Added Pin To Net: NetName=VDDIODDR Pin=R57-2
Added Pin To Net: NetName=GND Pin=R58-1
Added Pin To Net: NetName=DDR_VREF Pin=R58-2
Added Pin To Net: NetName=GND Pin=R59-1
Added Pin To Net: NetName=NetR59_2 Pin=R59-2
Added Pin To Net: NetName=3V3_eMMC Pin=R60-1
Added Pin To Net: NetName=NetR60_2 Pin=R60-2
Added Pin To Net: NetName=3V3_eMMC Pin=R61-1
Added Pin To Net: NetName=NetR61_2 Pin=R61-2
Added Pin To Net: NetName=3V3_eMMC Pin=R62-1
Added Pin To Net: NetName=NetR62_2 Pin=R62-2
Added Pin To Net: NetName=3V3_eMMC Pin=R63-1
Added Pin To Net: NetName=NetR63_2 Pin=R63-2
Added Pin To Net: NetName=3V3_eMMC Pin=R64-1
Added Pin To Net: NetName=NetR64_2 Pin=R64-2
Added Pin To Net: NetName=3V3_eMMC Pin=R65-1
Added Pin To Net: NetName=NetR65_2 Pin=R65-2
Added Pin To Net: NetName=3V3_eMMC Pin=R66-1
Added Pin To Net: NetName=NetR66_2 Pin=R66-2
Added Pin To Net: NetName=3V3_eMMC Pin=R67-1
Added Pin To Net: NetName=NetR67_2 Pin=R67-2
Added Pin To Net: NetName=3V3_eMMC Pin=R68-1
Added Pin To Net: NetName=NetR68_2 Pin=R68-2
Added Pin To Net: NetName=3V3_eMMC Pin=R69-1
Added Pin To Net: NetName=NetR69_2 Pin=R69-2
Added Pin To Net: NetName=NetR68_2 Pin=R70-1
Added Pin To Net: NetName=NetR70_2 Pin=R70-2
Added Pin To Net: NetName=NetR69_2 Pin=R71-1
Added Pin To Net: NetName=NetR71_2 Pin=R71-2
Added Pin To Net: NetName=NetR60_2 Pin=R72-1
Added Pin To Net: NetName=NetR72_2 Pin=R72-2
Added Pin To Net: NetName=NetR61_2 Pin=R73-1
Added Pin To Net: NetName=NetR73_2 Pin=R73-2
Added Pin To Net: NetName=NetR62_2 Pin=R74-1
Added Pin To Net: NetName=NetR74_2 Pin=R74-2
Added Pin To Net: NetName=NetR63_2 Pin=R75-1
Added Pin To Net: NetName=NetR75_2 Pin=R75-2
Added Pin To Net: NetName=NetR64_2 Pin=R76-1
Added Pin To Net: NetName=NetR76_2 Pin=R76-2
Added Pin To Net: NetName=NetR65_2 Pin=R77-1
Added Pin To Net: NetName=NetR77_2 Pin=R77-2
Added Pin To Net: NetName=NetR66_2 Pin=R78-1
Added Pin To Net: NetName=NetR78_2 Pin=R78-2
Added Pin To Net: NetName=NetR67_2 Pin=R79-1
Added Pin To Net: NetName=NetR79_2 Pin=R79-2
Added Pin To Net: NetName=3V3_eMMC Pin=R80-1
Added Pin To Net: NetName=NetR80_2 Pin=R80-2
Added Pin To Net: NetName=3V3_eMMC Pin=R81-1
Added Pin To Net: NetName=NetR81_2 Pin=R81-2
Added Pin To Net: NetName=3V3_eMMC Pin=R82-1
Added Pin To Net: NetName=NetR82_2 Pin=R82-2
Added Pin To Net: NetName=3V3_eMMC Pin=R83-1
Added Pin To Net: NetName=NetR83_2 Pin=R83-2
Added Pin To Net: NetName=3V3_eMMC Pin=R84-1
Added Pin To Net: NetName=NetR84_2 Pin=R84-2
Added Pin To Net: NetName=3V3_eMMC Pin=R85-1
Added Pin To Net: NetName=NetR85_2 Pin=R85-2
Added Pin To Net: NetName=3V3_eMMC Pin=R86-1
Added Pin To Net: NetName=NetR86_2 Pin=R86-2
Added Pin To Net: NetName=NetR85_2 Pin=R87-1
Added Pin To Net: NetName=NetR87_2 Pin=R87-2
Added Pin To Net: NetName=NetR86_2 Pin=R88-1
Added Pin To Net: NetName=NetR88_2 Pin=R88-2
Added Pin To Net: NetName=NetR81_2 Pin=R89-1
Added Pin To Net: NetName=NetR89_2 Pin=R89-2
Added Pin To Net: NetName=NetR82_2 Pin=R90-1
Added Pin To Net: NetName=NetR90_2 Pin=R90-2
Added Pin To Net: NetName=NetR83_2 Pin=R91-1
Added Pin To Net: NetName=NetR91_2 Pin=R91-2
Added Pin To Net: NetName=NetR84_2 Pin=R92-1
Added Pin To Net: NetName=NetR92_2 Pin=R92-2
Added Pin To Net: NetName=3V3_eMMC Pin=R93-1
Added Pin To Net: NetName=NetR93_2 Pin=R93-2
Added Pin To Net: NetName=3V3 Pin=R94-1
Added Pin To Net: NetName=NetJ16_2 Pin=R94-2
Added Pin To Net: NetName=3V3 Pin=R95-1
Added Pin To Net: NetName=NetJ16_7 Pin=R95-2
Added Pin To Net: NetName=3V3 Pin=R96-1
Added Pin To Net: NetName=NetJ16_8 Pin=R96-2
Added Pin To Net: NetName=3V3 Pin=R97-1
Added Pin To Net: NetName=NetJ16_9 Pin=R97-2
Added Pin To Net: NetName=3V3 Pin=R98-1
Added Pin To Net: NetName=NetJ16_1 Pin=R98-2
Added Pin To Net: NetName=3V3 Pin=R99-1
Added Pin To Net: NetName=PD2 Pin=R99-2
Added Pin To Net: NetName=3V3 Pin=R100-1
Added Pin To Net: NetName=PD1 Pin=R100-2
Added Pin To Net: NetName=NetJ22_9 Pin=R101-1
Added Pin To Net: NetName=3V3 Pin=R101-2
Added Pin To Net: NetName=MRAM_QSPI_CS Pin=R102-1
Added Pin To Net: NetName=NetR102_2 Pin=R102-2
Added Pin To Net: NetName=MRAM_QSPI_D1 Pin=R103-1
Added Pin To Net: NetName=NetR103_2 Pin=R103-2
Added Pin To Net: NetName=NetR104_1 Pin=R104-1
Added Pin To Net: NetName=MRAM_QSPI_D3 Pin=R104-2
Added Pin To Net: NetName=MRAM_QSPI_D2 Pin=R105-1
Added Pin To Net: NetName=NetR105_2 Pin=R105-2
Added Pin To Net: NetName=NetR106_1 Pin=R106-1
Added Pin To Net: NetName=MRAM_QSPI_CLK Pin=R106-2
Added Pin To Net: NetName=NetR107_1 Pin=R107-1
Added Pin To Net: NetName=MRAM_QSPI_D0 Pin=R107-2
Added Pin To Net: NetName=NetR108_1 Pin=R108-1
Added Pin To Net: NetName=USBA_VBUS_5V Pin=R108-2
Added Pin To Net: NetName=GND Pin=R109-1
Added Pin To Net: NetName=NetR108_1 Pin=R109-2
Added Pin To Net: NetName=3V3 Pin=R110-1
Added Pin To Net: NetName=NetQ4_2 Pin=R110-2
Added Pin To Net: NetName=3V3 Pin=R111-1
Added Pin To Net: NetName=NetQ5_2 Pin=R111-2
Added Pin To Net: NetName=VDD_3V3_FTDI Pin=R112-1
Added Pin To Net: NetName=DBGU_TX_FTDI Pin=R112-2
Added Pin To Net: NetName=VDD_3V3_FTDI Pin=R113-1
Added Pin To Net: NetName=DBGU_RX_FTDI Pin=R113-2
Added Pin To Net: NetName=FLEXCOM9_IO0_PC3 Pin=R114-1
Added Pin To Net: NetName=NetQ4_2 Pin=R114-2
Added Pin To Net: NetName=FLEXCOM9_IO1_PC4 Pin=R115-1
Added Pin To Net: NetName=NetQ5_2 Pin=R115-2
Added Pin To Net: NetName=NetJ19_3 Pin=R116-1
Added Pin To Net: NetName=3V3 Pin=R116-2
Added Pin To Net: NetName=NetJ19_5 Pin=R117-1
Added Pin To Net: NetName=3V3 Pin=R117-2
Added Pin To Net: NetName=NetJ19_7 Pin=R118-1
Added Pin To Net: NetName=3V3 Pin=R118-2
Added Pin To Net: NetName=NetJ19_9 Pin=R119-1
Added Pin To Net: NetName=3V3 Pin=R119-2
Added Pin To Net: NetName=NetJ19_11 Pin=R120-1
Added Pin To Net: NetName=3V3 Pin=R120-2
Added Pin To Net: NetName=NetJ19_15 Pin=R121-1
Added Pin To Net: NetName=NetJ22_7 Pin=R121-2
Added Pin To Net: NetName=NetR122_1 Pin=R122-1
Added Pin To Net: NetName=ADC_TEMP_1 Pin=R122-2
Added Pin To Net: NetName=NetR123_1 Pin=R123-1
Added Pin To Net: NetName=ADC_TEMP_2 Pin=R123-2
Added Pin To Net: NetName=NetR124_1 Pin=R124-1
Added Pin To Net: NetName=ADC_TEMP_3 Pin=R124-2
Added Pin To Net: NetName=3V3 Pin=R125-1
Added Pin To Net: NetName=NetR125_2 Pin=R125-2
Added Pin To Net: NetName=3V3 Pin=R126-1
Added Pin To Net: NetName=NetR126_2 Pin=R126-2
Added Pin To Net: NetName=3V3 Pin=R127-1
Added Pin To Net: NetName=NetR127_2 Pin=R127-2
Added Pin To Net: NetName=NetR128_1 Pin=R128-1
Added Pin To Net: NetName=NetJ22_7 Pin=R128-2
Added Pin To Net: NetName=NetR129_1 Pin=R129-1
Added Pin To Net: NetName=NetR129_2 Pin=R129-2
Added Pin To Net: NetName=NetR130_1 Pin=R130-1
Added Pin To Net: NetName=NetR130_2 Pin=R130-2
Added Pin To Net: NetName=NetR131_1 Pin=R131-1
Added Pin To Net: NetName=GND Pin=R131-2
Added Pin To Net: NetName=NetR132_1 Pin=R132-1
Added Pin To Net: NetName=GND Pin=R132-2
Added Pin To Net: NetName=LVDS_TxD_P Pin=R133-1
Added Pin To Net: NetName=LVDS_TxD_N Pin=R133-2
Added Pin To Net: NetName=LVDS_TxC_P Pin=R134-1
Added Pin To Net: NetName=LVDS_TxC_N Pin=R134-2
Added Pin To Net: NetName=NetCR1_1 Pin=R135-1
Added Pin To Net: NetName=NetJ1_8 Pin=R135-2
Added Pin To Net: NetName=NetCR1_2 Pin=R136-1
Added Pin To Net: NetName=NetJ1_9 Pin=R136-2
Added Pin To Net: NetName=NetCR1_1 Pin=R137-1
Added Pin To Net: NetName=NetC163_2 Pin=R137-2
Added Pin To Net: NetName=NetC163_2 Pin=R138-1
Added Pin To Net: NetName=NetCR1_2 Pin=R138-2
Added Pin To Net: NetName=NetR139_1 Pin=R139-1
Added Pin To Net: NetName=GND Pin=R139-2
Added Pin To Net: NetName=3V3 Pin=R140-1
Added Pin To Net: NetName=NetBT3_2 Pin=R140-2
Added Pin To Net: NetName=NetBT2_2 Pin=R141-1
Added Pin To Net: NetName=NetR21_1 Pin=R141-2
Added Pin To Net: NetName=NetBT3_2 Pin=R142-1
Added Pin To Net: NetName=NetR142_2 Pin=R142-2
Added Pin To Net: NetName=NetQ6_1 Pin=R143-1
Added Pin To Net: NetName=GND Pin=R143-2
Added Pin To Net: NetName=NetQ6_3 Pin=R144-1
Added Pin To Net: NetName=NetD7_3 Pin=R144-2
Added Pin To Net: NetName=NetQ7_3 Pin=R145-1
Added Pin To Net: NetName=NetD7_4 Pin=R145-2
Added Pin To Net: NetName=NetQ8_3 Pin=R146-1
Added Pin To Net: NetName=NetD7_1 Pin=R146-2
Added Pin To Net: NetName=NetQ7_1 Pin=R147-1
Added Pin To Net: NetName=GND Pin=R147-2
Added Pin To Net: NetName=NetBT5_2 Pin=R148-1
Added Pin To Net: NetName=NetJ22_7 Pin=R148-2
Added Pin To Net: NetName=GND Pin=R149-1
Added Pin To Net: NetName=NetJ22_4 Pin=R149-2
Added Pin To Net: NetName=GND Pin=R150-1
Added Pin To Net: NetName=NetJ22_3 Pin=R150-2
Added Pin To Net: NetName=3V3 Pin=R151-1
Added Pin To Net: NetName=NetR151_2 Pin=R151-2
Added Pin To Net: NetName=3V3 Pin=R152-1
Added Pin To Net: NetName=NetR151_2 Pin=R152-2
Added Pin To Net: NetName=STX_RS485_N Pin=R153-1
Added Pin To Net: NetName=STX_RS485_P Pin=R153-2
Added Pin To Net: NetName=RS_422_RX_P Pin=R154-1
Added Pin To Net: NetName=RS_422_RX_N Pin=R154-2
Added Pin To Net: NetName=3V3 Pin=R?-1
Added Pin To Net: NetName=GND Pin=R?-1
Added Pin To Net: NetName=NetR?_1 Pin=R?-1
Added Pin To Net: NetName=5V Pin=R?-2
Added Pin To Net: NetName=NetR?_1 Pin=R?-2
Added Pin To Net: NetName=PAC1934_TWCK Pin=R?-2
Added Pin To Net: NetName=12V_CONN Pin=SB1-1
Added Pin To Net: NetName=12V Pin=SB1-2
Added Pin To Net: NetName=NetR131_1 Pin=SB2-1
Added Pin To Net: NetName=NetR132_1 Pin=SB2-2
Added Pin To Net: NetName=12V Pin=TP1-0
Added Pin To Net: NetName=5V Pin=TP2-0
Added Pin To Net: NetName=NetTP3_0 Pin=TP3-0
Added Pin To Net: NetName=3V3 Pin=TP4-0
Added Pin To Net: NetName=VDDIODDR Pin=TP5-0
Added Pin To Net: NetName=VDDCORE Pin=TP6-0
Added Pin To Net: NetName=VDDCPU Pin=TP7-0
Added Pin To Net: NetName=NetQ1_3 Pin=U1-1
Added Pin To Net: NetName=NetQ1_3 Pin=U1-1
Added Pin To Net: NetName=NetR5_2 Pin=U1-2
Added Pin To Net: NetName=AUXOFF Pin=U1-3
Added Pin To Net: NetName=FLT# Pin=U1-4
Added Pin To Net: NetName=FLT# Pin=U1-4
Added Pin To Net: NetName=12V_CONN Pin=U1-5
Added Pin To Net: NetName=12V Pin=U1-6
Added Pin To Net: NetName=NetC5_2 Pin=U1-7
Added Pin To Net: NetName=NetC5_2 Pin=U1-7
Added Pin To Net: NetName=GND Pin=U1-8
Added Pin To Net: NetName=NetR9_1 Pin=U1-9
Added Pin To Net: NetName=NetC4_2 Pin=U1-10
Added Pin To Net: NetName=NetC4_2 Pin=U1-10
Added Pin To Net: NetName=NetC6_2 Pin=U2-1
Added Pin To Net: NetName=NetR11_2 Pin=U2-4
Added Pin To Net: NetName=GND Pin=U2-6
Added Pin To Net: NetName=GND Pin=U2-6
Added Pin To Net: NetName=GND Pin=U2-6
Added Pin To Net: NetName=GND Pin=U2-6
Added Pin To Net: NetName=GND Pin=U2-6
Added Pin To Net: NetName=GND Pin=U2-6
Added Pin To Net: NetName=GND Pin=U2-6
Added Pin To Net: NetName=GND Pin=U2-6
Added Pin To Net: NetName=GND Pin=U2-6
Added Pin To Net: NetName=12V Pin=U2-7
Added Pin To Net: NetName=NetC6_1 Pin=U2-8
Added Pin To Net: NetName=GND Pin=U2-9
Added Pin To Net: NetName=NetR23_1 Pin=U4-1
Added Pin To Net: NetName=NetJ22_7 Pin=U4-2
Added Pin To Net: NetName=GND Pin=U4-3
Added Pin To Net: NetName=5V Pin=U4-4
Added Pin To Net: NetName=NetR50_2 Pin=U4-5
Added Pin To Net: NetName=NetR53_2 Pin=U4-6
Added Pin To Net: NetName=NetR21_1 Pin=U4-7
Added Pin To Net: NetName=NetR19_2 Pin=U4-8
Added Pin To Net: NetName=3V3 Pin=U4-9
Added Pin To Net: NetName=5V Pin=U4-10
Added Pin To Net: NetName=NetL2_1 Pin=U4-11
Added Pin To Net: NetName=GND Pin=U4-12
Added Pin To Net: NetName=GND Pin=U4-13
Added Pin To Net: NetName=NetL3_1 Pin=U4-14
Added Pin To Net: NetName=5V Pin=U4-15
Added Pin To Net: NetName=VDDIODDR Pin=U4-16
Added Pin To Net: NetName=NetR?_1 Pin=U4-18
Added Pin To Net: NetName=VLDO1 Pin=U4-19
Added Pin To Net: NetName=5V Pin=U4-20
Added Pin To Net: NetName=VLDO2 Pin=U4-21
Added Pin To Net: NetName=NetTP3_0 Pin=U4-22
Added Pin To Net: NetName=NetR17_2 Pin=U4-23
Added Pin To Net: NetName=NetBT4_2 Pin=U4-24
Added Pin To Net: NetName=VDDCORE Pin=U4-25
Added Pin To Net: NetName=5V Pin=U4-26
Added Pin To Net: NetName=NetL4_1 Pin=U4-27
Added Pin To Net: NetName=GND Pin=U4-28
Added Pin To Net: NetName=GND Pin=U4-29
Added Pin To Net: NetName=NetL5_1 Pin=U4-30
Added Pin To Net: NetName=5V Pin=U4-31
Added Pin To Net: NetName=VDDCPU Pin=U4-32
Added Pin To Net: NetName=GND Pin=U4-33
Added Pin To Net: NetName=NetR26_1 Pin=U5-1
Added Pin To Net: NetName=3V3 Pin=U5-2
Added Pin To Net: NetName=GND Pin=U5-3
Added Pin To Net: NetName=PAC1934_TWCK Pin=U5-4
Added Pin To Net: NetName=PAC1934_TWD Pin=U5-5
Added Pin To Net: NetName=NetR27_1 Pin=U5-6
Added Pin To Net: NetName=SENSE3_N Pin=U5-7
Added Pin To Net: NetName=SENSE3_P Pin=U5-8
Added Pin To Net: NetName=SENSE4_N Pin=U5-9
Added Pin To Net: NetName=SENSE4_P Pin=U5-10
Added Pin To Net: NetName=SENSE1_P Pin=U5-11
Added Pin To Net: NetName=SENSE1_N Pin=U5-12
Added Pin To Net: NetName=SENSE2_P Pin=U5-13
Added Pin To Net: NetName=SENSE2_N Pin=U5-14
Added Pin To Net: NetName=3V3 Pin=U5-15
Added Pin To Net: NetName=NetR25_1 Pin=U5-16
Added Pin To Net: NetName=GND Pin=U5-17
Added Pin To Net: NetName=GND Pin=U6-A1
Added Pin To Net: NetName=NetR130_2 Pin=U6-A2
Added Pin To Net: NetName=NetJ19_9 Pin=U6-A3
Added Pin To Net: NetName=NetJ21_9 Pin=U6-A4
Added Pin To Net: NetName=NetR129_2 Pin=U6-A5
Added Pin To Net: NetName=NetTP3_0 Pin=U6-A6
Added Pin To Net: NetName=XOUT24M Pin=U6-A7
Added Pin To Net: NetName=NetR21_1 Pin=U6-A8
Added Pin To Net: NetName=XIN32K Pin=U6-A9
Added Pin To Net: NetName=GND Pin=U6-A11
Added Pin To Net: NetName=NetR82_2 Pin=U6-A13
Added Pin To Net: NetName=GND Pin=U6-A14
Added Pin To Net: NetName=NetR83_2 Pin=U6-A15
Added Pin To Net: NetName=NetJ16_9 Pin=U6-A16
Added Pin To Net: NetName=GND Pin=U6-A17
Added Pin To Net: NetName=PD1 Pin=U6-A18
Added Pin To Net: NetName=NetR46_1 Pin=U6-A20
Added Pin To Net: NetName=GND Pin=U6-A21
Added Pin To Net: NetName=GND Pin=U6-AA1
Added Pin To Net: NetName=NetR56_1 Pin=U6-AA2
Added Pin To Net: NetName=DDR_D13 Pin=U6-AA3
Added Pin To Net: NetName=DDR_D9 Pin=U6-AA4
Added Pin To Net: NetName=VDDIODDR Pin=U6-AA5
Added Pin To Net: NetName=DDR_DQS1_N Pin=U6-AA6
Added Pin To Net: NetName=DDR_D12 Pin=U6-AA7
Added Pin To Net: NetName=GND Pin=U6-AA8
Added Pin To Net: NetName=GND Pin=U6-AA9
Added Pin To Net: NetName=GND Pin=U6-AA11
Added Pin To Net: NetName=NetJ8_1 Pin=U6-AA13
Added Pin To Net: NetName=GND Pin=U6-AA14
Added Pin To Net: NetName=GND Pin=U6-AA17
Added Pin To Net: NetName=NetJ8_3 Pin=U6-AA18
Added Pin To Net: NetName=FLEXCOM3_IO1_PA23 Pin=U6-AA20
Added Pin To Net: NetName=GND Pin=U6-AA21
Added Pin To Net: NetName=VDDCORE Pin=U6-B2
Added Pin To Net: NetName=NetJ19_5 Pin=U6-B3
Added Pin To Net: NetName=NetJ21_6 Pin=U6-B4
Added Pin To Net: NetName=GND Pin=U6-B6
Added Pin To Net: NetName=XIN24M Pin=U6-B7
Added Pin To Net: NetName=XOUT32K Pin=U6-B9
Added Pin To Net: NetName=NetR37_2 Pin=U6-B13
Added Pin To Net: NetName=NetR81_2 Pin=U6-B15
Added Pin To Net: NetName=NetJ16_7 Pin=U6-B16
Added Pin To Net: NetName=NetJ5_40 Pin=U6-B18
Added Pin To Net: NetName=VDDCPU Pin=U6-B20
Added Pin To Net: NetName=NetR9_1 Pin=U6-C1
Added Pin To Net: NetName=FLEXCOM9_IO1_PC4 Pin=U6-C2
Added Pin To Net: NetName=GND Pin=U6-C4
Added Pin To Net: NetName=NetQ2_2 Pin=U6-C5
Added Pin To Net: NetName=GND Pin=U6-C7
Added Pin To Net: NetName=NetR26_1 Pin=U6-C8
Added Pin To Net: NetName=NetR84_2 Pin=U6-C11
Added Pin To Net: NetName=NetR86_2 Pin=U6-C14
Added Pin To Net: NetName=NetJ16_2 Pin=U6-C15
Added Pin To Net: NetName=NetJ16_1 Pin=U6-C16
Added Pin To Net: NetName=3V3 Pin=U6-C17
Added Pin To Net: NetName=FLEXCOM10_IO1_PB7 Pin=U6-C20
Added Pin To Net: NetName=NetR151_2 Pin=U6-C21
Added Pin To Net: NetName=ADC_TEMP_2 Pin=U6-D1
Added Pin To Net: NetName=VDDOUT25 Pin=U6-D2
Added Pin To Net: NetName=NetJ22_7 Pin=U6-D3
Added Pin To Net: NetName=NetR125_2 Pin=U6-D4
Added Pin To Net: NetName=NetR23_1 Pin=U6-D7
Added Pin To Net: NetName=NetJ21_7 Pin=U6-D8
Added Pin To Net: NetName=GND Pin=U6-D9
Added Pin To Net: NetName=GND Pin=U6-D13
Added Pin To Net: NetName=NetR85_2 Pin=U6-D14
Added Pin To Net: NetName=NetR93_2 Pin=U6-D15
Added Pin To Net: NetName=NetJ16_5 Pin=U6-D16
Added Pin To Net: NetName=NetJ16_8 Pin=U6-D17
Added Pin To Net: NetName=GND Pin=U6-E1
Added Pin To Net: NetName=VDDOUT25 Pin=U6-E3
Added Pin To Net: NetName=NetJ22_9 Pin=U6-E4
Added Pin To Net: NetName=VDDOUT25 Pin=U6-E5
Added Pin To Net: NetName=GND Pin=U6-E7
Added Pin To Net: NetName=VBAT Pin=U6-E8
Added Pin To Net: NetName=NetR38_2 Pin=U6-E14
Added Pin To Net: NetName=GND Pin=U6-E15
Added Pin To Net: NetName=VDDCPU Pin=U6-E16
Added Pin To Net: NetName=VDDCPU Pin=U6-E17
Added Pin To Net: NetName=NetR47_1 Pin=U6-E18
Added Pin To Net: NetName=VDDCPU Pin=U6-E19
Added Pin To Net: NetName=GND Pin=U6-E21
Added Pin To Net: NetName=USBA_N Pin=U6-F1
Added Pin To Net: NetName=USBA_P Pin=U6-F2
Added Pin To Net: NetName=NetJ19_3 Pin=U6-F4
Added Pin To Net: NetName=NetJ19_7 Pin=U6-F5
Added Pin To Net: NetName=VDDCORE Pin=U6-F6
Added Pin To Net: NetName=3V3_eMMC Pin=U6-F9
Added Pin To Net: NetName=3V3 Pin=U6-F13
Added Pin To Net: NetName=FLEXCOM7_IO1_PD9 Pin=U6-F14
Added Pin To Net: NetName=VDDCORE Pin=U6-F15
Added Pin To Net: NetName=GND Pin=U6-F16
Added Pin To Net: NetName=VDDCPU Pin=U6-F17
Added Pin To Net: NetName=GND Pin=U6-G5
Added Pin To Net: NetName=NetJ19_13 Pin=U6-G6
Added Pin To Net: NetName=3V3 Pin=U6-G7
Added Pin To Net: NetName=FLEXCOM9_IO0_PC3 Pin=U6-G8
Added Pin To Net: NetName=GND Pin=U6-G9
Added Pin To Net: NetName=NetR45_1 Pin=U6-G10
Added Pin To Net: NetName=GND Pin=U6-G11
Added Pin To Net: NetName=PD2 Pin=U6-G13
Added Pin To Net: NetName=FLEXCOM7_IO0_PD8 Pin=U6-G14
Added Pin To Net: NetName=GND Pin=U6-G15
Added Pin To Net: NetName=NetU6_G16 Pin=U6-G16
Added Pin To Net: NetName=GND Pin=U6-G17
Added Pin To Net: NetName=FLEXCOM8_IO2_PB1 Pin=U6-G21
Added Pin To Net: NetName=GND Pin=U6-H1
Added Pin To Net: NetName=VDDCORE Pin=U6-H3
Added Pin To Net: NetName=ADC_TEMP_1 Pin=U6-H5
Added Pin To Net: NetName=NetR142_2 Pin=U6-H7
Added Pin To Net: NetName=GND Pin=U6-H8
Added Pin To Net: NetName=GND Pin=U6-H9
Added Pin To Net: NetName=NetJ21_4 Pin=U6-H10
Added Pin To Net: NetName=NetU6_H11 Pin=U6-H11
Added Pin To Net: NetName=NetR48_1 Pin=U6-H13
Added Pin To Net: NetName=GND Pin=U6-H14
Added Pin To Net: NetName=3V3 Pin=U6-H19
Added Pin To Net: NetName=GND Pin=U6-H21
Added Pin To Net: NetName=EXP_USB_N Pin=U6-J1
Added Pin To Net: NetName=EXP_USB_P Pin=U6-J2
Added Pin To Net: NetName=GND Pin=U6-J4
Added Pin To Net: NetName=VDDOUT25 Pin=U6-J6
Added Pin To Net: NetName=ADC_TEMP_3 Pin=U6-J7
Added Pin To Net: NetName=NetQ3_2 Pin=U6-J8
Added Pin To Net: NetName=VDDCORE Pin=U6-J9
Added Pin To Net: NetName=NetR126_2 Pin=U6-J10
Added Pin To Net: NetName=VDDCORE Pin=U6-J13
Added Pin To Net: NetName=VDDCORE Pin=U6-J16
Added Pin To Net: NetName=GND Pin=U6-J18
Added Pin To Net: NetName=NetR32_1 Pin=U6-K7
Added Pin To Net: NetName=GND Pin=U6-K11
Added Pin To Net: NetName=FLEXCOM10_IO0_PB6 Pin=U6-K13
Added Pin To Net: NetName=NetR108_1 Pin=U6-K14
Added Pin To Net: NetName=FLEXCOM8_IO0_PA29 Pin=U6-K15
Added Pin To Net: NetName=GND Pin=U6-L1
Added Pin To Net: NetName=3V3 Pin=U6-L3
Added Pin To Net: NetName=GND Pin=U6-L7
Added Pin To Net: NetName=DDR_A8 Pin=U6-L8
Added Pin To Net: NetName=DDR_A14 Pin=U6-L9
Added Pin To Net: NetName=GND Pin=U6-L11
Added Pin To Net: NetName=FLEXCOM6_IO0_PA28 Pin=U6-L13
Added Pin To Net: NetName=GND Pin=U6-L15
Added Pin To Net: NetName=3V3 Pin=U6-L19
Added Pin To Net: NetName=GND Pin=U6-L21
Added Pin To Net: NetName=DDR_D1 Pin=U6-M7
Added Pin To Net: NetName=DDR_D3 Pin=U6-M8
Added Pin To Net: NetName=DDR_A11 Pin=U6-M9
Added Pin To Net: NetName=VDDIODDR Pin=U6-M11
Added Pin To Net: NetName=NetR35_2 Pin=U6-M13
Added Pin To Net: NetName=NetQ8_1 Pin=U6-M14
Added Pin To Net: NetName=NetQ7_1 Pin=U6-M15
Added Pin To Net: NetName=DDR_DQM0 Pin=U6-N1
Added Pin To Net: NetName=DDR_D0 Pin=U6-N2
Added Pin To Net: NetName=GND Pin=U6-N4
Added Pin To Net: NetName=VDDIODDR Pin=U6-N6
Added Pin To Net: NetName=DDR_D7 Pin=U6-N7
Added Pin To Net: NetName=DDR_D5 Pin=U6-N8
Added Pin To Net: NetName=VDDIODDR Pin=U6-N9
Added Pin To Net: NetName=DDR_WE Pin=U6-N10
Added Pin To Net: NetName=FLEXCOM4_IO3_PA15 Pin=U6-N11
Added Pin To Net: NetName=VDDIODDR Pin=U6-N12
Added Pin To Net: NetName=VDDCORE Pin=U6-N13
Added Pin To Net: NetName=MRAM_QSPI_CLK Pin=U6-N14
Added Pin To Net: NetName=VDDCORE Pin=U6-N16
Added Pin To Net: NetName=GND Pin=U6-N18
Added Pin To Net: NetName=GND Pin=U6-P1
Added Pin To Net: NetName=VDDIODDR Pin=U6-P3
Added Pin To Net: NetName=DDR_BA1 Pin=U6-P4
Added Pin To Net: NetName=DDR_A12 Pin=U6-P5
Added Pin To Net: NetName=DDR_A1 Pin=U6-P6
Added Pin To Net: NetName=DDR_A6 Pin=U6-P7
Added Pin To Net: NetName=GND Pin=U6-P8
Added Pin To Net: NetName=FLEXCOM3_IO0_PA24 Pin=U6-P9
Added Pin To Net: NetName=FLEXCOM0_IO1_PA13 Pin=U6-P11
Added Pin To Net: NetName=NetU6_P12 Pin=U6-P12
Added Pin To Net: NetName=VDDIODDR Pin=U6-P13
Added Pin To Net: NetName=GND Pin=U6-P14
Added Pin To Net: NetName=NetR66_2 Pin=U6-P15
Added Pin To Net: NetName=NetR61_2 Pin=U6-P16
Added Pin To Net: NetName=MRAM_QSPI_D1 Pin=U6-P17
Added Pin To Net: NetName=MRAM_QSPI_CS Pin=U6-P18
Added Pin To Net: NetName=3V3 Pin=U6-P19
Added Pin To Net: NetName=GND Pin=U6-P21
Added Pin To Net: NetName=DDR_DQS0_P Pin=U6-R1
Added Pin To Net: NetName=DDR_DQS0_N Pin=U6-R2
Added Pin To Net: NetName=DDR_D2 Pin=U6-R3
Added Pin To Net: NetName=DDR_A15 Pin=U6-R4
Added Pin To Net: NetName=GND Pin=U6-R5
Added Pin To Net: NetName=DDR_A4 Pin=U6-R6
Added Pin To Net: NetName=GND Pin=U6-R7
Added Pin To Net: NetName=DDR_BA2 Pin=U6-R8
Added Pin To Net: NetName=FLEXCOM4_IO1_PA17 Pin=U6-R9
Added Pin To Net: NetName=GND Pin=U6-R11
Added Pin To Net: NetName=NetR63_2 Pin=U6-R12
Added Pin To Net: NetName=NetR67_2 Pin=U6-R13
Added Pin To Net: NetName=NetR80_2 Pin=U6-R14
Added Pin To Net: NetName=GND Pin=U6-R15
Added Pin To Net: NetName=NetR36_2 Pin=U6-R16
Added Pin To Net: NetName=GND Pin=U6-R17
Added Pin To Net: NetName=MRAM_QSPI_D2 Pin=U6-R18
Added Pin To Net: NetName=MRAM_QSPI_D0 Pin=U6-R19
Added Pin To Net: NetName=DDR_D6 Pin=U6-T1
Added Pin To Net: NetName=DDR_D4 Pin=U6-T2
Added Pin To Net: NetName=DDR_A10 Pin=U6-T3
Added Pin To Net: NetName=DDR_CK_N Pin=U6-T4
Added Pin To Net: NetName=GND Pin=U6-T5
Added Pin To Net: NetName=VDDIODDR Pin=U6-T6
Added Pin To Net: NetName=VDDIODDR Pin=U6-T7
Added Pin To Net: NetName=DDR_CAS Pin=U6-T8
Added Pin To Net: NetName=VDDIODDR Pin=U6-T9
Added Pin To Net: NetName=3V3 Pin=U6-T13
Added Pin To Net: NetName=NetR65_2 Pin=U6-T14
Added Pin To Net: NetName=VDDCORE Pin=U6-T15
Added Pin To Net: NetName=VDDOUT25 Pin=U6-T16
Added Pin To Net: NetName=GND Pin=U6-T17
Added Pin To Net: NetName=NetR60_2 Pin=U6-T18
Added Pin To Net: NetName=MRAM_QSPI_D3 Pin=U6-T19
Added Pin To Net: NetName=GND Pin=U6-U1
Added Pin To Net: NetName=VDDIODDR Pin=U6-U3
Added Pin To Net: NetName=DDR_CK_P Pin=U6-U4
Added Pin To Net: NetName=VDDIODDR Pin=U6-U5
Added Pin To Net: NetName=VDDIODDR Pin=U6-U6
Added Pin To Net: NetName=GND Pin=U6-U7
Added Pin To Net: NetName=DDR_RAS Pin=U6-U8
Added Pin To Net: NetName=NetR62_2 Pin=U6-U14
Added Pin To Net: NetName=GND Pin=U6-U15
Added Pin To Net: NetName=VDDCORE Pin=U6-U16
Added Pin To Net: NetName=VDDCORE Pin=U6-U17
Added Pin To Net: NetName=NetR68_2 Pin=U6-U18
Added Pin To Net: NetName=VDDCORE Pin=U6-U19
Added Pin To Net: NetName=GND Pin=U6-U21
Added Pin To Net: NetName=DDR_RESET Pin=U6-V1
Added Pin To Net: NetName=DDR_A13 Pin=U6-V2
Added Pin To Net: NetName=DDR_CKE Pin=U6-V3
Added Pin To Net: NetName=DDR_A9 Pin=U6-V4
Added Pin To Net: NetName=DDR_A2 Pin=U6-V5
Added Pin To Net: NetName=DDR_A3 Pin=U6-V6
Added Pin To Net: NetName=DDR_CS Pin=U6-V7
Added Pin To Net: NetName=DDR_BA0 Pin=U6-V8
Added Pin To Net: NetName=GND Pin=U6-V9
Added Pin To Net: NetName=GND Pin=U6-V13
Added Pin To Net: NetName=STX_GPIO_EN Pin=U6-V14
Added Pin To Net: NetName=FLEXCOM4_IO2_PA16 Pin=U6-V15
Added Pin To Net: NetName=NetR64_2 Pin=U6-V16
Added Pin To Net: NetName=NetR69_2 Pin=U6-V17
Added Pin To Net: NetName=VDDCORE Pin=U6-V19
Added Pin To Net: NetName=DDR_ODT Pin=U6-W1
Added Pin To Net: NetName=DDR_A7 Pin=U6-W2
Added Pin To Net: NetName=DDR_D15 Pin=U6-W3
Added Pin To Net: NetName=DDR_A5 Pin=U6-W4
Added Pin To Net: NetName=GND Pin=U6-W5
Added Pin To Net: NetName=DDR_A0 Pin=U6-W6
Added Pin To Net: NetName=DDR_D14 Pin=U6-W7
Added Pin To Net: NetName=VDDIODDR Pin=U6-W8
Added Pin To Net: NetName=VDDOUT25 Pin=U6-W11
Added Pin To Net: NetName=VDDOUT25 Pin=U6-W14
Added Pin To Net: NetName=FLEXCOM0_IO0_PA12 Pin=U6-W15
Added Pin To Net: NetName=FLEXCOM4_IO0_PA18 Pin=U6-W16
Added Pin To Net: NetName=3V3_eMMC Pin=U6-W17
Added Pin To Net: NetName=NetQ6_1 Pin=U6-W19
Added Pin To Net: NetName=DDR_VREF Pin=U6-Y1
Added Pin To Net: NetName=VDDIODDR Pin=U6-Y2
Added Pin To Net: NetName=DDR_D11 Pin=U6-Y3
Added Pin To Net: NetName=DDR_DQM1 Pin=U6-Y4
Added Pin To Net: NetName=DDR_DQS1_P Pin=U6-Y6
Added Pin To Net: NetName=DDR_D8 Pin=U6-Y7
Added Pin To Net: NetName=DDR_D10 Pin=U6-Y9
Added Pin To Net: NetName=NetJ8_2 Pin=U6-Y13
Added Pin To Net: NetName=NetJ8_4 Pin=U6-Y18
Added Pin To Net: NetName=VDDIODDR Pin=U7-A1
Added Pin To Net: NetName=DDR_D13 Pin=U7-A2
Added Pin To Net: NetName=DDR_D15 Pin=U7-A3
Added Pin To Net: NetName=DDR_D12 Pin=U7-A7
Added Pin To Net: NetName=VDDIODDR Pin=U7-A8
Added Pin To Net: NetName=GND Pin=U7-A9
Added Pin To Net: NetName=GND Pin=U7-B1
Added Pin To Net: NetName=VDDIODDR Pin=U7-B2
Added Pin To Net: NetName=GND Pin=U7-B3
Added Pin To Net: NetName=DDR_DQS1_N Pin=U7-B7
Added Pin To Net: NetName=DDR_D14 Pin=U7-B8
Added Pin To Net: NetName=GND Pin=U7-B9
Added Pin To Net: NetName=VDDIODDR Pin=U7-C1
Added Pin To Net: NetName=DDR_D11 Pin=U7-C2
Added Pin To Net: NetName=DDR_D9 Pin=U7-C3
Added Pin To Net: NetName=DDR_DQS1_P Pin=U7-C7
Added Pin To Net: NetName=DDR_D10 Pin=U7-C8
Added Pin To Net: NetName=VDDIODDR Pin=U7-C9
Added Pin To Net: NetName=GND Pin=U7-D1
Added Pin To Net: NetName=VDDIODDR Pin=U7-D2
Added Pin To Net: NetName=DDR_DQM1 Pin=U7-D3
Added Pin To Net: NetName=DDR_D8 Pin=U7-D7
Added Pin To Net: NetName=GND Pin=U7-D8
Added Pin To Net: NetName=VDDIODDR Pin=U7-D9
Added Pin To Net: NetName=GND Pin=U7-E1
Added Pin To Net: NetName=GND Pin=U7-E2
Added Pin To Net: NetName=DDR_D0 Pin=U7-E3
Added Pin To Net: NetName=DDR_DQM0 Pin=U7-E7
Added Pin To Net: NetName=GND Pin=U7-E8
Added Pin To Net: NetName=VDDIODDR Pin=U7-E9
Added Pin To Net: NetName=VDDIODDR Pin=U7-F1
Added Pin To Net: NetName=DDR_D2 Pin=U7-F2
Added Pin To Net: NetName=DDR_DQS0_P Pin=U7-F3
Added Pin To Net: NetName=DDR_D1 Pin=U7-F7
Added Pin To Net: NetName=DDR_D3 Pin=U7-F8
Added Pin To Net: NetName=GND Pin=U7-F9
Added Pin To Net: NetName=GND Pin=U7-G1
Added Pin To Net: NetName=DDR_D6 Pin=U7-G2
Added Pin To Net: NetName=DDR_DQS0_N Pin=U7-G3
Added Pin To Net: NetName=VDDIODDR Pin=U7-G7
Added Pin To Net: NetName=GND Pin=U7-G8
Added Pin To Net: NetName=GND Pin=U7-G9
Added Pin To Net: NetName=DDR_VREF Pin=U7-H1
Added Pin To Net: NetName=VDDIODDR Pin=U7-H2
Added Pin To Net: NetName=DDR_D4 Pin=U7-H3
Added Pin To Net: NetName=DDR_D7 Pin=U7-H7
Added Pin To Net: NetName=DDR_D5 Pin=U7-H8
Added Pin To Net: NetName=VDDIODDR Pin=U7-H9
Added Pin To Net: NetName=GND Pin=U7-J2
Added Pin To Net: NetName=DDR_RAS Pin=U7-J3
Added Pin To Net: NetName=DDR_CK_P Pin=U7-J7
Added Pin To Net: NetName=GND Pin=U7-J8
Added Pin To Net: NetName=DDR_ODT Pin=U7-K1
Added Pin To Net: NetName=VDDIODDR Pin=U7-K2
Added Pin To Net: NetName=DDR_CAS Pin=U7-K3
Added Pin To Net: NetName=DDR_CK_N Pin=U7-K7
Added Pin To Net: NetName=VDDIODDR Pin=U7-K8
Added Pin To Net: NetName=DDR_CKE Pin=U7-K9
Added Pin To Net: NetName=DDR_CS Pin=U7-L2
Added Pin To Net: NetName=DDR_WE Pin=U7-L3
Added Pin To Net: NetName=DDR_A10 Pin=U7-L7
Added Pin To Net: NetName=NetR59_2 Pin=U7-L8
Added Pin To Net: NetName=GND Pin=U7-M1
Added Pin To Net: NetName=DDR_BA0 Pin=U7-M2
Added Pin To Net: NetName=DDR_BA2 Pin=U7-M3
Added Pin To Net: NetName=DDR_A15 Pin=U7-M7
Added Pin To Net: NetName=DDR_VREF Pin=U7-M8
Added Pin To Net: NetName=GND Pin=U7-M9
Added Pin To Net: NetName=VDDIODDR Pin=U7-N1
Added Pin To Net: NetName=DDR_A3 Pin=U7-N2
Added Pin To Net: NetName=DDR_A0 Pin=U7-N3
Added Pin To Net: NetName=DDR_A12 Pin=U7-N7
Added Pin To Net: NetName=DDR_BA1 Pin=U7-N8
Added Pin To Net: NetName=VDDIODDR Pin=U7-N9
Added Pin To Net: NetName=GND Pin=U7-P1
Added Pin To Net: NetName=DDR_A5 Pin=U7-P2
Added Pin To Net: NetName=DDR_A2 Pin=U7-P3
Added Pin To Net: NetName=DDR_A1 Pin=U7-P7
Added Pin To Net: NetName=DDR_A4 Pin=U7-P8
Added Pin To Net: NetName=GND Pin=U7-P9
Added Pin To Net: NetName=VDDIODDR Pin=U7-R1
Added Pin To Net: NetName=DDR_A7 Pin=U7-R2
Added Pin To Net: NetName=DDR_A9 Pin=U7-R3
Added Pin To Net: NetName=DDR_A11 Pin=U7-R7
Added Pin To Net: NetName=DDR_A6 Pin=U7-R8
Added Pin To Net: NetName=VDDIODDR Pin=U7-R9
Added Pin To Net: NetName=GND Pin=U7-T1
Added Pin To Net: NetName=DDR_RESET Pin=U7-T2
Added Pin To Net: NetName=DDR_A13 Pin=U7-T3
Added Pin To Net: NetName=DDR_A14 Pin=U7-T7
Added Pin To Net: NetName=DDR_A8 Pin=U7-T8
Added Pin To Net: NetName=GND Pin=U7-T9
Added Pin To Net: NetName=3V3_eMMC Pin=U8-E4
Added Pin To Net: NetName=3V3_eMMC Pin=U8-E4
Added Pin To Net: NetName=3V3_eMMC Pin=U8-F2
Added Pin To Net: NetName=3V3_eMMC Pin=U8-F2
Added Pin To Net: NetName=3V3_eMMC Pin=U8-F3
Added Pin To Net: NetName=3V3_eMMC Pin=U8-F3
Added Pin To Net: NetName=3V3_eMMC Pin=U8-F4
Added Pin To Net: NetName=3V3_eMMC Pin=U8-F4
Added Pin To Net: NetName=3V3_eMMC Pin=U8-F5
Added Pin To Net: NetName=3V3_eMMC Pin=U8-F5
Added Pin To Net: NetName=3V3_eMMC Pin=U8-F6
Added Pin To Net: NetName=3V3_eMMC Pin=U8-F6
Added Pin To Net: NetName=3V3_eMMC Pin=U8-F7
Added Pin To Net: NetName=3V3_eMMC Pin=U8-F7
Added Pin To Net: NetName=3V3_eMMC Pin=U8-F8
Added Pin To Net: NetName=3V3_eMMC Pin=U8-F8
Added Pin To Net: NetName=3V3_eMMC Pin=U8-F9
Added Pin To Net: NetName=3V3_eMMC Pin=U8-F9
Added Pin To Net: NetName=GND Pin=U8-G2
Added Pin To Net: NetName=GND Pin=U8-G2
Added Pin To Net: NetName=GND Pin=U8-G3
Added Pin To Net: NetName=GND Pin=U8-G3
Added Pin To Net: NetName=GND Pin=U8-G4
Added Pin To Net: NetName=GND Pin=U8-G4
Added Pin To Net: NetName=GND Pin=U8-G5
Added Pin To Net: NetName=GND Pin=U8-G5
Added Pin To Net: NetName=GND Pin=U8-G6
Added Pin To Net: NetName=GND Pin=U8-G6
Added Pin To Net: NetName=GND Pin=U8-G7
Added Pin To Net: NetName=GND Pin=U8-G7
Added Pin To Net: NetName=GND Pin=U8-G8
Added Pin To Net: NetName=GND Pin=U8-G8
Added Pin To Net: NetName=GND Pin=U8-G9
Added Pin To Net: NetName=GND Pin=U8-G9
Added Pin To Net: NetName=GND Pin=U8-H2
Added Pin To Net: NetName=GND Pin=U8-H2
Added Pin To Net: NetName=3V3_eMMC Pin=U8-H3
Added Pin To Net: NetName=3V3_eMMC Pin=U8-H3
Added Pin To Net: NetName=3V3_eMMC Pin=U8-H8
Added Pin To Net: NetName=3V3_eMMC Pin=U8-H8
Added Pin To Net: NetName=GND Pin=U8-H9
Added Pin To Net: NetName=GND Pin=U8-H9
Added Pin To Net: NetName=GND Pin=U8-J5
Added Pin To Net: NetName=GND Pin=U8-J5
Added Pin To Net: NetName=NetR72_2 Pin=U8-K2
Added Pin To Net: NetName=NetR72_2 Pin=U8-K2
Added Pin To Net: NetName=NetR74_2 Pin=U8-K3
Added Pin To Net: NetName=NetR74_2 Pin=U8-K3
Added Pin To Net: NetName=NetU6_P12 Pin=U8-K5
Added Pin To Net: NetName=NetU6_P12 Pin=U8-K5
Added Pin To Net: NetName=NetR77_2 Pin=U8-K8
Added Pin To Net: NetName=NetR77_2 Pin=U8-K8
Added Pin To Net: NetName=NetR79_2 Pin=U8-K9
Added Pin To Net: NetName=NetR79_2 Pin=U8-K9
Added Pin To Net: NetName=3V3_eMMC Pin=U8-L2
Added Pin To Net: NetName=3V3_eMMC Pin=U8-L2
Added Pin To Net: NetName=GND Pin=U8-L3
Added Pin To Net: NetName=GND Pin=U8-L3
Added Pin To Net: NetName=3V3_eMMC Pin=U8-L4
Added Pin To Net: NetName=3V3_eMMC Pin=U8-L4
Added Pin To Net: NetName=3V3_eMMC Pin=U8-L7
Added Pin To Net: NetName=3V3_eMMC Pin=U8-L7
Added Pin To Net: NetName=GND Pin=U8-L8
Added Pin To Net: NetName=GND Pin=U8-L8
Added Pin To Net: NetName=3V3_eMMC Pin=U8-L9
Added Pin To Net: NetName=3V3_eMMC Pin=U8-L9
Added Pin To Net: NetName=GND Pin=U8-M4
Added Pin To Net: NetName=GND Pin=U8-M4
Added Pin To Net: NetName=NetR80_2 Pin=U8-M5
Added Pin To Net: NetName=NetR80_2 Pin=U8-M5
Added Pin To Net: NetName=GND Pin=U8-M7
Added Pin To Net: NetName=GND Pin=U8-M7
Added Pin To Net: NetName=NetR73_2 Pin=U8-N2
Added Pin To Net: NetName=NetR73_2 Pin=U8-N2
Added Pin To Net: NetName=NetR75_2 Pin=U8-N3
Added Pin To Net: NetName=NetR75_2 Pin=U8-N3
Added Pin To Net: NetName=NetR76_2 Pin=U8-N8
Added Pin To Net: NetName=NetR76_2 Pin=U8-N8
Added Pin To Net: NetName=NetR78_2 Pin=U8-N9
Added Pin To Net: NetName=NetR78_2 Pin=U8-N9
Added Pin To Net: NetName=GND Pin=U8-P2
Added Pin To Net: NetName=GND Pin=U8-P2
Added Pin To Net: NetName=3V3_eMMC Pin=U8-P3
Added Pin To Net: NetName=3V3_eMMC Pin=U8-P3
Added Pin To Net: NetName=NetR71_2 Pin=U8-P5
Added Pin To Net: NetName=NetR71_2 Pin=U8-P5
Added Pin To Net: NetName=NetR70_2 Pin=U8-P6
Added Pin To Net: NetName=NetR70_2 Pin=U8-P6
Added Pin To Net: NetName=3V3_eMMC Pin=U8-P8
Added Pin To Net: NetName=3V3_eMMC Pin=U8-P8
Added Pin To Net: NetName=GND Pin=U8-P9
Added Pin To Net: NetName=GND Pin=U8-P9
Added Pin To Net: NetName=3V3_eMMC Pin=U9-E4
Added Pin To Net: NetName=3V3_eMMC Pin=U9-E4
Added Pin To Net: NetName=3V3_eMMC Pin=U9-F2
Added Pin To Net: NetName=3V3_eMMC Pin=U9-F2
Added Pin To Net: NetName=3V3_eMMC Pin=U9-F3
Added Pin To Net: NetName=3V3_eMMC Pin=U9-F3
Added Pin To Net: NetName=3V3_eMMC Pin=U9-F4
Added Pin To Net: NetName=3V3_eMMC Pin=U9-F4
Added Pin To Net: NetName=3V3_eMMC Pin=U9-F5
Added Pin To Net: NetName=3V3_eMMC Pin=U9-F5
Added Pin To Net: NetName=3V3_eMMC Pin=U9-F6
Added Pin To Net: NetName=3V3_eMMC Pin=U9-F6
Added Pin To Net: NetName=3V3_eMMC Pin=U9-F7
Added Pin To Net: NetName=3V3_eMMC Pin=U9-F7
Added Pin To Net: NetName=3V3_eMMC Pin=U9-F8
Added Pin To Net: NetName=3V3_eMMC Pin=U9-F8
Added Pin To Net: NetName=3V3_eMMC Pin=U9-F9
Added Pin To Net: NetName=3V3_eMMC Pin=U9-F9
Added Pin To Net: NetName=GND Pin=U9-G2
Added Pin To Net: NetName=GND Pin=U9-G2
Added Pin To Net: NetName=GND Pin=U9-G3
Added Pin To Net: NetName=GND Pin=U9-G3
Added Pin To Net: NetName=GND Pin=U9-G4
Added Pin To Net: NetName=GND Pin=U9-G4
Added Pin To Net: NetName=GND Pin=U9-G5
Added Pin To Net: NetName=GND Pin=U9-G5
Added Pin To Net: NetName=GND Pin=U9-G6
Added Pin To Net: NetName=GND Pin=U9-G6
Added Pin To Net: NetName=GND Pin=U9-G7
Added Pin To Net: NetName=GND Pin=U9-G7
Added Pin To Net: NetName=GND Pin=U9-G8
Added Pin To Net: NetName=GND Pin=U9-G8
Added Pin To Net: NetName=GND Pin=U9-G9
Added Pin To Net: NetName=GND Pin=U9-G9
Added Pin To Net: NetName=GND Pin=U9-H2
Added Pin To Net: NetName=GND Pin=U9-H2
Added Pin To Net: NetName=3V3_eMMC Pin=U9-H3
Added Pin To Net: NetName=3V3_eMMC Pin=U9-H3
Added Pin To Net: NetName=3V3_eMMC Pin=U9-H8
Added Pin To Net: NetName=3V3_eMMC Pin=U9-H8
Added Pin To Net: NetName=GND Pin=U9-H9
Added Pin To Net: NetName=GND Pin=U9-H9
Added Pin To Net: NetName=GND Pin=U9-J5
Added Pin To Net: NetName=GND Pin=U9-J5
Added Pin To Net: NetName=NetR89_2 Pin=U9-K2
Added Pin To Net: NetName=NetR89_2 Pin=U9-K2
Added Pin To Net: NetName=NetR91_2 Pin=U9-K3
Added Pin To Net: NetName=NetR91_2 Pin=U9-K3
Added Pin To Net: NetName=3V3_eMMC Pin=U9-L2
Added Pin To Net: NetName=3V3_eMMC Pin=U9-L2
Added Pin To Net: NetName=GND Pin=U9-L3
Added Pin To Net: NetName=GND Pin=U9-L3
Added Pin To Net: NetName=3V3_eMMC Pin=U9-L4
Added Pin To Net: NetName=3V3_eMMC Pin=U9-L4
Added Pin To Net: NetName=3V3_eMMC Pin=U9-L7
Added Pin To Net: NetName=3V3_eMMC Pin=U9-L7
Added Pin To Net: NetName=GND Pin=U9-L8
Added Pin To Net: NetName=GND Pin=U9-L8
Added Pin To Net: NetName=3V3_eMMC Pin=U9-L9
Added Pin To Net: NetName=3V3_eMMC Pin=U9-L9
Added Pin To Net: NetName=GND Pin=U9-M4
Added Pin To Net: NetName=GND Pin=U9-M4
Added Pin To Net: NetName=NetR93_2 Pin=U9-M5
Added Pin To Net: NetName=NetR93_2 Pin=U9-M5
Added Pin To Net: NetName=GND Pin=U9-M7
Added Pin To Net: NetName=GND Pin=U9-M7
Added Pin To Net: NetName=NetR90_2 Pin=U9-N2
Added Pin To Net: NetName=NetR90_2 Pin=U9-N2
Added Pin To Net: NetName=NetR92_2 Pin=U9-N3
Added Pin To Net: NetName=NetR92_2 Pin=U9-N3
Added Pin To Net: NetName=GND Pin=U9-P2
Added Pin To Net: NetName=GND Pin=U9-P2
Added Pin To Net: NetName=3V3_eMMC Pin=U9-P3
Added Pin To Net: NetName=3V3_eMMC Pin=U9-P3
Added Pin To Net: NetName=NetR88_2 Pin=U9-P5
Added Pin To Net: NetName=NetR88_2 Pin=U9-P5
Added Pin To Net: NetName=NetR87_2 Pin=U9-P6
Added Pin To Net: NetName=NetR87_2 Pin=U9-P6
Added Pin To Net: NetName=3V3_eMMC Pin=U9-P8
Added Pin To Net: NetName=3V3_eMMC Pin=U9-P8
Added Pin To Net: NetName=GND Pin=U9-P9
Added Pin To Net: NetName=GND Pin=U9-P9
Added Pin To Net: NetName=3V3_SDCARD Pin=U10-1
Added Pin To Net: NetName=GND Pin=U10-2
Added Pin To Net: NetName=3V3 Pin=U10-3
Added Pin To Net: NetName=NetJ22_9 Pin=U10-4
Added Pin To Net: NetName=NetR102_2 Pin=U11-1
Added Pin To Net: NetName=NetR103_2 Pin=U11-2
Added Pin To Net: NetName=NetR105_2 Pin=U11-3
Added Pin To Net: NetName=GND Pin=U11-4
Added Pin To Net: NetName=NetR107_1 Pin=U11-5
Added Pin To Net: NetName=NetR106_1 Pin=U11-6
Added Pin To Net: NetName=NetR104_1 Pin=U11-7
Added Pin To Net: NetName=3V3 Pin=U11-8
Added Pin To Net: NetName=CONN_USBA_N Pin=U12-1
Added Pin To Net: NetName=GND Pin=U12-2
Added Pin To Net: NetName=CONN_USBA_P Pin=U12-3
Added Pin To Net: NetName=USBA_P Pin=U12-4
Added Pin To Net: NetName=USBA_VBUS_5V Pin=U12-5
Added Pin To Net: NetName=USBA_N Pin=U12-6
Added Pin To Net: NetName=GND Pin=U13-1
Added Pin To Net: NetName=VBUS_FTDI Pin=U13-2
Added Pin To Net: NetName=VDD_3V3_FTDI Pin=U13-3
Added Pin To Net: NetName=3V3 Pin=U14-1
Added Pin To Net: NetName=NetR122_1 Pin=U14-2
Added Pin To Net: NetName=GND Pin=U14-3
Added Pin To Net: NetName=3V3 Pin=U15-1
Added Pin To Net: NetName=NetR123_1 Pin=U15-2
Added Pin To Net: NetName=GND Pin=U15-3
Added Pin To Net: NetName=3V3 Pin=U16-1
Added Pin To Net: NetName=NetR124_1 Pin=U16-2
Added Pin To Net: NetName=GND Pin=U16-3
Added Pin To Net: NetName=NetR127_2 Pin=U17-1
Added Pin To Net: NetName=3V3 Pin=U17-2
Added Pin To Net: NetName=NetR125_2 Pin=U17-3
Added Pin To Net: NetName=NetR40_2 Pin=U17-4
Added Pin To Net: NetName=NetR42_2 Pin=U17-5
Added Pin To Net: NetName=GND Pin=U17-6
Added Pin To Net: NetName=NetR126_2 Pin=U17-7
Added Pin To Net: NetName=VBAT Pin=U17-9
Added Pin To Net: NetName=3V3 Pin=U18-1
Added Pin To Net: NetName=GND Pin=U18-2
Added Pin To Net: NetName=NetR132_1 Pin=U18-3
Added Pin To Net: NetName=NetR130_1 Pin=U18-4
Added Pin To Net: NetName=NetR129_1 Pin=U18-5
Added Pin To Net: NetName=NetR128_1 Pin=U18-6
Added Pin To Net: NetName=3V3 Pin=U19-1
Added Pin To Net: NetName=GND Pin=U19-2
Added Pin To Net: NetName=LVDS_TxD_N Pin=U19-3
Added Pin To Net: NetName=LVDS_TxD_P Pin=U19-4
Added Pin To Net: NetName=FLEXCOM8_IO0_PA29 Pin=U19-5
Added Pin To Net: NetName=3V3 Pin=U20-1
Added Pin To Net: NetName=GND Pin=U20-2
Added Pin To Net: NetName=LVDS_TxC_N Pin=U20-3
Added Pin To Net: NetName=LVDS_TxC_P Pin=U20-4
Added Pin To Net: NetName=FLEXCOM8_IO2_PB1 Pin=U20-5
Added Pin To Net: NetName=NetU6_G16 Pin=U21-1
Added Pin To Net: NetName=GND Pin=U21-2
Added Pin To Net: NetName=3V3 Pin=U21-3
Added Pin To Net: NetName=NetU6_H11 Pin=U21-4
Added Pin To Net: NetName=NetC163_2 Pin=U21-5
Added Pin To Net: NetName=NetCR1_2 Pin=U21-6
Added Pin To Net: NetName=NetCR1_1 Pin=U21-7
Added Pin To Net: NetName=NetR139_1 Pin=U21-8
Added Pin To Net: NetName=FLEXCOM0_IO1_PA13 Pin=U22-1
Added Pin To Net: NetName=NetR151_2 Pin=U22-2
Added Pin To Net: NetName=NetR151_2 Pin=U22-3
Added Pin To Net: NetName=FLEXCOM0_IO0_PA12 Pin=U22-4
Added Pin To Net: NetName=GND Pin=U22-5
Added Pin To Net: NetName=STX_RS485_P Pin=U22-6
Added Pin To Net: NetName=STX_RS485_N Pin=U22-7
Added Pin To Net: NetName=3V3 Pin=U22-8
Added Pin To Net: NetName=3V3 Pin=U23-1
Added Pin To Net: NetName=FLEXCOM3_IO1_PA23 Pin=U23-2
Added Pin To Net: NetName=FLEXCOM3_IO0_PA24 Pin=U23-3
Added Pin To Net: NetName=GND Pin=U23-4
Added Pin To Net: NetName=RS_422_TX_P Pin=U23-5
Added Pin To Net: NetName=RS_422_TX_N Pin=U23-6
Added Pin To Net: NetName=RS_422_RX_N Pin=U23-7
Added Pin To Net: NetName=RS_422_RX_P Pin=U23-8
Added Pin To Net: NetName=GND Pin=VR1-1
Added Pin To Net: NetName=3V3_eMMC Pin=VR1-2
Added Pin To Net: NetName=5V Pin=VR1-3
Added Pin To Net: NetName=3V3_eMMC Pin=VR1-4
Added Pin To Net: NetName=XIN24M Pin=Y1-1
Added Pin To Net: NetName=GND Pin=Y1-2
Added Pin To Net: NetName=XOUT24M Pin=Y1-3
Added Pin To Net: NetName=GND Pin=Y1-4
Added Pin To Net: NetName=XIN32K Pin=Y2-1
Added Pin To Net: NetName=XOUT32K Pin=Y2-2
Added Member To Class: ClassName=Power Member=Component BT1 1056
Added Member To Class: ClassName=BUTTON_LED Member=Component BT2 BT_
Added Member To Class: ClassName=BUTTON_LED Member=Component BT3 BT_
Added Member To Class: ClassName=BUTTON_LED Member=Component BT4 BT_
Added Member To Class: ClassName=BUTTON_LED Member=Component BT5 BT_
Added Member To Class: ClassName=PowerConnector Member=Component C1 10uF/25V
Added Member To Class: ClassName=Power Member=Component C2 10uF/25V
Added Member To Class: ClassName=Power Member=Component C3 10uF/25V
Added Member To Class: ClassName=Power Member=Component C4 2.2nF/25V
Added Member To Class: ClassName=Power Member=Component C5 2.2nF/25V
Added Member To Class: ClassName=Power Member=Component C6 0.1uF/16V
Added Member To Class: ClassName=Power Member=Component C7 10uF/25V
Added Member To Class: ClassName=Power Member=Component C8 1uF/25V
Added Member To Class: ClassName=Power Member=Component C9 10uF/25V
Added Member To Class: ClassName=Power Member=Component C10 10uF/25V
Added Member To Class: ClassName=Power Member=Component C11 10uF/25V
Added Member To Class: ClassName=Power Member=Component C12 10uF/25V
Added Member To Class: ClassName=Power Member=Component C13 10uF/25V
Added Member To Class: ClassName=Power Member=Component C14 10uF/25V
Added Member To Class: ClassName=PMIC Member=Component C15 4.7uF/10V
Added Member To Class: ClassName=PMIC Member=Component C18 22uF/10V
Added Member To Class: ClassName=PMIC Member=Component C19 4.7uF/10V
Added Member To Class: ClassName=PMIC Member=Component C20 22uF/10V
Added Member To Class: ClassName=PMIC Member=Component C21 4.7uF/10V
Added Member To Class: ClassName=PMIC Member=Component C22 22uF/10V
Added Member To Class: ClassName=PMIC Member=Component C23 0.1uF/16V
Added Member To Class: ClassName=PMIC Member=Component C24 4.7uF/10V
Added Member To Class: ClassName=PMIC Member=Component C25 0.1uF/16V
Added Member To Class: ClassName=PMIC Member=Component C26 4.7uF/10V
Added Member To Class: ClassName=PMIC Member=Component C27 4.7uF/10V
Added Member To Class: ClassName=PMIC Member=Component C28 22uF/10V
Added Member To Class: ClassName=PMIC Member=Component C29 4.7uF/10V
Added Member To Class: ClassName=PMIC Member=Component C30 4.7uF/10V
Added Member To Class: ClassName=PMIC Member=Component C31 4.7uF/10V
Added Member To Class: ClassName=PMIC Member=Component C32 4.7uF/10V
Added Member To Class: ClassName=SAMA7D65_MPU Member=Component C33 4.7uF/10V
Added Member To Class: ClassName=SAMA7D65_MPU Member=Component C34 0.1uF/16V
Added Member To Class: ClassName=SAMA7D65_MPU Member=Component C35 0.1uF/16V
Added Member To Class: ClassName=SAMA7D65_MPU Member=Component C36 0.1uF/16V
Added Member To Class: ClassName=SAMA7D65_MPU Member=Component C37 0.1uF/16V
Added Member To Class: ClassName=SAMA7D65_MPU Member=Component C38 0.1uF/16V
Added Member To Class: ClassName=SAMA7D65_MPU Member=Component C39 4.7uF/10V
Added Member To Class: ClassName=SAMA7D65_MPU Member=Component C40 0.1uF/16V
Added Member To Class: ClassName=SAMA7D65_MPU Member=Component C41 0.1uF/16V
Added Member To Class: ClassName=SAMA7D65_MPU Member=Component C42 0.1uF/16V
Added Member To Class: ClassName=SAMA7D65_MPU Member=Component C43 0.1uF/16V
Added Member To Class: ClassName=SAMA7D65_MPU Member=Component C44 0.1uF/16V
Added Member To Class: ClassName=SAMA7D65_MPU Member=Component C45 0.1uF/16V
Added Member To Class: ClassName=SAMA7D65_MPU Member=Component C46 0.1uF/16V
Added Member To Class: ClassName=SAMA7D65_MPU Member=Component C47 0.1uF/16V
Added Member To Class: ClassName=SAMA7D65_MPU Member=Component C48 0.1uF/16V
Added Member To Class: ClassName=SAMA7D65_MPU Member=Component C49 0.1uF/16V
Added Member To Class: ClassName=SAMA7D65_MPU Member=Component C50 0.1uF/16V
Added Member To Class: ClassName=SAMA7D65_MPU Member=Component C51 0.1uF/16V
Added Member To Class: ClassName=SAMA7D65_MPU Member=Component C52 0.1uF/16V
Added Member To Class: ClassName=SAMA7D65_MPU Member=Component C53 0.1uF/16V
Added Member To Class: ClassName=SAMA7D65_MPU Member=Component C54 4.7uF/10V
Added Member To Class: ClassName=SAMA7D65_MPU Member=Component C55 0.1uF/16V
Added Member To Class: ClassName=SAMA7D65_MPU Member=Component C56 0.1uF/16V
Added Member To Class: ClassName=SAMA7D65_MPU Member=Component C57 0.1uF/16V
Added Member To Class: ClassName=SAMA7D65_MPU Member=Component C58 0.1uF/16V
Added Member To Class: ClassName=SAMA7D65_MPU Member=Component C59 0.1uF/16V
Added Member To Class: ClassName=SAMA7D65_MPU Member=Component C60 0.1uF/16V
Added Member To Class: ClassName=SAMA7D65_MPU Member=Component C61 0.1uF/16V
Added Member To Class: ClassName=SAMA7D65_MPU Member=Component C62 0.1uF/16V
Added Member To Class: ClassName=SAMA7D65_MPU Member=Component C63 0.1uF/16V
Added Member To Class: ClassName=SAMA7D65_MPU Member=Component C64 4.7uF/10V
Added Member To Class: ClassName=SAMA7D65_MPU Member=Component C65 0.1uF/16V
Added Member To Class: ClassName=SAMA7D65_MPU Member=Component C66 2.2uF/10V
Added Member To Class: ClassName=SAMA7D65_MPU Member=Component C67 0.1uF/16V
Added Member To Class: ClassName=SAMA7D65_MPU Member=Component C68 0.1uF/16V
Added Member To Class: ClassName=SAMA7D65_MPU Member=Component C69 0.1uF/16V
Added Member To Class: ClassName=SAMA7D65_MPU Member=Component C70 0.1uF/16V
Added Member To Class: ClassName=SAMA7D65_MPU Member=Component C71 0.1uF/16V
Added Member To Class: ClassName=SAMA7D65_MPU Member=Component C72 0.1uF/16V
Added Member To Class: ClassName=SAMA7D65_MPU Member=Component C73 0.1uF/16V
Added Member To Class: ClassName=SAMA7D65_MPU Member=Component C74 18pF/50V
Added Member To Class: ClassName=SAMA7D65_MPU Member=Component C75 18pF/50V
Added Member To Class: ClassName=SAMA7D65_MPU Member=Component C76 20pF/50V
Added Member To Class: ClassName=SAMA7D65_MPU Member=Component C77 20pF/50V
Added Member To Class: ClassName=SAMA7D65_DDR3L Member=Component C78 4.7uF/10V
Added Member To Class: ClassName=SAMA7D65_DDR3L Member=Component C79 0.1uF/16V
Added Member To Class: ClassName=SAMA7D65_DDR3L Member=Component C80 0.1uF/16V
Added Member To Class: ClassName=SAMA7D65_DDR3L Member=Component C81 0.1uF/16V
Added Member To Class: ClassName=SAMA7D65_DDR3L Member=Component C82 0.1uF/16V
Added Member To Class: ClassName=SAMA7D65_DDR3L Member=Component C83 0.1uF/16V
Added Member To Class: ClassName=SAMA7D65_DDR3L Member=Component C84 0.1uF/16V
Added Member To Class: ClassName=SAMA7D65_DDR3L Member=Component C85 0.1uF/16V
Added Member To Class: ClassName=SAMA7D65_DDR3L Member=Component C86 0.1uF/16V
Added Member To Class: ClassName=SAMA7D65_DDR3L Member=Component C87 0.1uF/16V
Added Member To Class: ClassName=SAMA7D65_DDR3L Member=Component C88 0.1uF/16V
Added Member To Class: ClassName=SAMA7D65_DDR3L Member=Component C89 0.1uF/16V
Added Member To Class: ClassName=SAMA7D65_DDR3L Member=Component C90 0.1uF/16V
Added Member To Class: ClassName=SAMA7D65_DDR3L Member=Component C91 0.1uF/16V
Added Member To Class: ClassName=SAMA7D65_DDR3L Member=Component C92 0.1uF/16V
Added Member To Class: ClassName=SAMA7D65_DDR3L Member=Component C93 0.1uF/16V
Added Member To Class: ClassName=SAMA7D65_DDR3L Member=Component C94 0.1uF/16V
Added Member To Class: ClassName=SAMA7D65_DDR3L Member=Component C95 0.1uF/16V
Added Member To Class: ClassName=SAMA7D65_DDR3L Member=Component C96 0.1uF/16V
Added Member To Class: ClassName=SAMA7D65_DDR3L Member=Component C97 0.1uF/16V
Added Member To Class: ClassName=SAMA7D65_DDR3L Member=Component C98 4.7uF/10V
Added Member To Class: ClassName=SAMA7D65_DDR3L Member=Component C99 4.7uF/10V
Added Member To Class: ClassName=SAMA7D65_DDR3L Member=Component C100 0.1uF/16V
Added Member To Class: ClassName=SAMA7D65_DDR3L Member=Component C101 0.1uF/16V
Added Member To Class: ClassName=SAMA7D65_DDR3L Member=Component C102 0.1uF/16V
Added Member To Class: ClassName=SAMA7D65_DDR3L Member=Component C103 0.1uF/16V
Added Member To Class: ClassName=SAMA7D65_DDR3L Member=Component C104 0.1uF/16V
Added Member To Class: ClassName=SAMA7D65_DDR3L Member=Component C105 0.1uF/16V
Added Member To Class: ClassName=SAMA7D65_DDR3L Member=Component C106 0.1uF/16V
Added Member To Class: ClassName=SAMA7D65_DDR3L Member=Component C107 0.1uF/16V
Added Member To Class: ClassName=SAMA7D65_DDR3L Member=Component C108 0.1uF/16V
Added Member To Class: ClassName=SAMA7D65_DDR3L Member=Component C109 0.1uF/16V
Added Member To Class: ClassName=SAMA7D65_DDR3L Member=Component C110 0.1uF/16V
Added Member To Class: ClassName=SAMA7D65_DDR3L Member=Component C111 0.1uF/16V
Added Member To Class: ClassName=SAMA7D65_DDR3L Member=Component C112 0.1uF/16V
Added Member To Class: ClassName=SAMA7D65_DDR3L Member=Component C113 0.1uF/16V
Added Member To Class: ClassName=SAMA7D65_DDR3L Member=Component C114 4.7uF/10V
Added Member To Class: ClassName=SAMA7D65_DDR3L Member=Component C115 0.1uF/16V
Added Member To Class: ClassName=SAMA7D65_DDR3L Member=Component C116 4.7uF/10V
Added Member To Class: ClassName=SAMA7D65_DDR3L Member=Component C117 0.1uF/16V
Added Member To Class: ClassName=SAMA7D65_DDR3L Member=Component C118 0.1uF/16V
Added Member To Class: ClassName=SAMA7D65_DDR3L Member=Component C119 0.1uF/16V
Added Member To Class: ClassName=eMMC Member=Component C120 0.1uF/16V
Added Member To Class: ClassName=eMMC Member=Component C121 0.1uF/16V
Added Member To Class: ClassName=eMMC Member=Component C122 0.1uF/16V
Added Member To Class: ClassName=eMMC Member=Component C123 0.1uF/16V
Added Member To Class: ClassName=eMMC Member=Component C124 0.1uF/16V
Added Member To Class: ClassName=eMMC Member=Component C125 0.1uF/16V
Added Member To Class: ClassName=eMMC Member=Component C126 0.1uF/16V
Added Member To Class: ClassName=eMMC Member=Component C127 0.1uF/16V
Added Member To Class: ClassName=eMMC Member=Component C128 2.2uF/10V
Added Member To Class: ClassName=eMMC Member=Component C129 0.1uF/16V
Added Member To Class: ClassName=eMMC Member=Component C130 0.1uF/16V
Added Member To Class: ClassName=eMMC Member=Component C131 0.1uF/16V
Added Member To Class: ClassName=eMMC Member=Component C132 0.1uF/16V
Added Member To Class: ClassName=eMMC Member=Component C133 0.1uF/16V
Added Member To Class: ClassName=eMMC Member=Component C134 0.1uF/16V
Added Member To Class: ClassName=eMMC Member=Component C135 0.1uF/16V
Added Member To Class: ClassName=eMMC Member=Component C136 0.1uF/16V
Added Member To Class: ClassName=eMMC Member=Component C137 0.1uF/16V
Added Member To Class: ClassName=eMMC Member=Component C138 2.2uF/10V
Added Member To Class: ClassName=eMMC Member=Component C139 0.1uF/16V
Added Member To Class: ClassName=SDCARD Member=Component C140 0.1uF/16V
Added Member To Class: ClassName=SDCARD Member=Component C141 0.1uF/16V
Added Member To Class: ClassName=SDCARD Member=Component C142 0.1uF/16V
Added Member To Class: ClassName=EEPROM Member=Component C143 0.1uF/16V
Added Member To Class: ClassName=EEPROM Member=Component C144 0.1uF/16V
Added Member To Class: ClassName=USB Member=Component C145 100nF
Added Member To Class: ClassName=DEBUG Member=Component C146 1uF/16V
Added Member To Class: ClassName=DEBUG Member=Component C147 1uF/16V
Added Member To Class: ClassName=TEMP Member=Component C148 1uF/16V
Added Member To Class: ClassName=TEMP Member=Component C149 1uF/16V
Added Member To Class: ClassName=TEMP Member=Component C150 1uF/16V
Added Member To Class: ClassName=TEMP Member=Component C151 1uF/16V
Added Member To Class: ClassName=TEMP Member=Component C152 1uF/16V
Added Member To Class: ClassName=TEMP Member=Component C153 1uF/16V
Added Member To Class: ClassName=RTC Member=Component C154 0.1uF/16V
Added Member To Class: ClassName=RTC Member=Component C155 0.1uF/16V
Added Member To Class: ClassName=WATCHDOG Member=Component C156 1uF/16V
Added Member To Class: ClassName=LVDS Member=Component C157 10uF/25V
Added Member To Class: ClassName=LVDS Member=Component C158 1uF/16V
Added Member To Class: ClassName=LVDS Member=Component C159 10uF/25V
Added Member To Class: ClassName=LVDS Member=Component C160 1uF/16V
Added Member To Class: ClassName=CAN_PHY Member=Component C161 1uF/25V
Added Member To Class: ClassName=CAN_PHY Member=Component C162 1uF/16V
Added Member To Class: ClassName=CAN_PHY Member=Component C163 47nF/16V
Added Member To Class: ClassName=BUTTON_LED Member=Component C164 2.2uF/16V
Added Member To Class: ClassName=BUTTON_LED Member=Component C165 2.2uF/16V
Added Member To Class: ClassName=BUTTON_LED Member=Component C166 2.2uF/16V
Added Member To Class: ClassName=BUTTON_LED Member=Component C167 2.2uF/16V
Added Member To Class: ClassName=RS485 Member=Component C168 0.1uF/16V
Added Member To Class: ClassName=RS422 Member=Component C169 0.1uF/16V
Added Member To Class: ClassName=CAN_PHY Member=Component CR1 ESDCAN02-2BWY
Added Member To Class: ClassName=Power Member=Component D1 150060RS75000
Added Member To Class: ClassName=Power Member=Component D2 SS54
Added Member To Class: ClassName=Power Member=Component D3 150060YS75000
Added Member To Class: ClassName=Power Member=Component D4 Diode Schottky Dual CK
Added Member To Class: ClassName=Power Member=Component D5 150060GS75000
Added Member To Class: ClassName=BUTTON_LED Member=Component D7 LED_RGB_CLV1A
Added Member To Class: ClassName=USB Member=Component FB2 BLM18PG121SN1D
Added Member To Class: ClassName=Conector Member=Component H1 hole_space
Added Member To Class: ClassName=Conector Member=Component H2 hole_space
Added Member To Class: ClassName=Conector Member=Component H3 hole_space
Added Member To Class: ClassName=Conector Member=Component H4 hole_space
Added Member To Class: ClassName=PowerConnector Member=Component J1 5040500991
Added Member To Class: ClassName=PowerConnector Member=Component J2 5040500891
Added Member To Class: ClassName=Power Member=Component J3 Header 1x2
Added Member To Class: ClassName=Conector Member=Component J4 ESQ-126-14-G-D
Added Member To Class: ClassName=Conector Member=Component J5 ESQ-126-14-G-D
Added Member To Class: ClassName=Conector Member=Component J6 5040500891
Added Member To Class: ClassName=Conector Member=Component J7 FSI-110-03-X-D-AD-TR
Added Member To Class: ClassName=Conector Member=Component J8 HEADER 5x1
Added Member To Class: ClassName=Conector Member=Component J9 SAMTEC-TLE-110-01-X-DV-A
Added Member To Class: ClassName=Conector Member=Component J10 5040500691
Added Member To Class: ClassName=PMIC Member=Component J14 Header 2x1
Added Member To Class: ClassName=PMIC Member=Component J15 Header 2x1
Added Member To Class: ClassName=SDCARD Member=Component J16 SD-114-00841-68
Added Member To Class: ClassName=USB Member=Component J17 USB4520-03-0-A_REVA
Added Member To Class: ClassName=DEBUG Member=Component J18 Header 6x1
Added Member To Class: ClassName=DEBUG Member=Component J19 Header 2x10
Added Member To Class: ClassName=LVDS Member=Component J20 5040500991
Added Member To Class: ClassName=BUTTON_LED Member=Component J21 HEADER 5x2
Added Member To Class: ClassName=BUTTON_LED Member=Component J22 HEADER 5x2
Added Member To Class: ClassName=Power Member=Component J? 5040500591
Added Member To Class: ClassName=Power Member=Component J? 532610671
Added Member To Class: ClassName=Power Member=Component L1 SRP7050TA-220M
Added Member To Class: ClassName=PMIC Member=Component L2 1.5uH 3.5A
Added Member To Class: ClassName=PMIC Member=Component L3 1.5uH 3.5A
Added Member To Class: ClassName=PMIC Member=Component L4 1.5uH 3.5A
Added Member To Class: ClassName=PMIC Member=Component L5 1.5uH 3.5A
Added Member To Class: ClassName=Power Member=Component Q1 MMBT2222A
Added Member To Class: ClassName=USB Member=Component Q2 AO3400A
Added Member To Class: ClassName=USB Member=Component Q3 AO3400A
Added Member To Class: ClassName=DEBUG Member=Component Q4 AO3400A
Added Member To Class: ClassName=DEBUG Member=Component Q5 AO3400A
Added Member To Class: ClassName=BUTTON_LED Member=Component Q6 AO3400A
Added Member To Class: ClassName=BUTTON_LED Member=Component Q7 AO3400A
Added Member To Class: ClassName=BUTTON_LED Member=Component Q8 AO3400A
Added Member To Class: ClassName=Power Member=Component R1 10k
Added Member To Class: ClassName=Power Member=Component R2 10k
Added Member To Class: ClassName=Power Member=Component R3 4.7k
Added Member To Class: ClassName=Power Member=Component R4 470k
Added Member To Class: ClassName=Power Member=Component R5 11k
Added Member To Class: ClassName=Power Member=Component R6 1k
Added Member To Class: ClassName=Power Member=Component R7 47k
Added Member To Class: ClassName=Power Member=Component R8 10k
Added Member To Class: ClassName=Power Member=Component R9 1k
Added Member To Class: ClassName=Power Member=Component R10 1k
Added Member To Class: ClassName=Power Member=Component R11 10k
Added Member To Class: ClassName=Power Member=Component R12 3.24k
Added Member To Class: ClassName=Power Member=Component R13 1k
Added Member To Class: ClassName=PMIC Member=Component R17 1k 1%
Added Member To Class: ClassName=PMIC Member=Component R19 1k 1%
Added Member To Class: ClassName=PMIC Member=Component R21 100k 1%
Added Member To Class: ClassName=PMIC Member=Component R22 10k 1%
Added Member To Class: ClassName=PMIC Member=Component R23 10k 1%
Added Member To Class: ClassName=PMIC Member=Component R24 4.7k 1%
Added Member To Class: ClassName=PMIC Member=Component R25 10k 1%
Added Member To Class: ClassName=PMIC Member=Component R26 10k 1%
Added Member To Class: ClassName=PMIC Member=Component R27 0R
Added Member To Class: ClassName=PMIC Member=Component R28 Shunt 4 Pin
Added Member To Class: ClassName=PMIC Member=Component R29 Shunt 4 Pin
Added Member To Class: ClassName=PMIC Member=Component R30 Shunt 4 Pin
Added Member To Class: ClassName=PMIC Member=Component R31 Shunt 4 Pin
Added Member To Class: ClassName=SAMA7D65_MPU Member=Component R32 5.62k
Added Member To Class: ClassName=SAMA7D65_MPU Member=Component R33 10k 1%
Added Member To Class: ClassName=SAMA7D65_MPU Member=Component R34 1k 1%
Added Member To Class: ClassName=SAMA7D65_MPU Member=Component R35 16.9k 1%
Added Member To Class: ClassName=SAMA7D65_MPU Member=Component R36 16.9k 1%
Added Member To Class: ClassName=SAMA7D65_MPU Member=Component R37 20k 1%
Added Member To Class: ClassName=SAMA7D65_MPU Member=Component R38 16.9k 1%
Added Member To Class: ClassName=SAMA7D65_PIO Member=Component R39 2.2k 1%
Added Member To Class: ClassName=SAMA7D65_PIO Member=Component R40 22R
Added Member To Class: ClassName=SAMA7D65_PIO Member=Component R41 2.2k 1%
Added Member To Class: ClassName=SAMA7D65_PIO Member=Component R42 22R
Added Member To Class: ClassName=SAMA7D65_PIO Member=Component R43 2.2k 1%
Added Member To Class: ClassName=SAMA7D65_PIO Member=Component R44 2.2k 1%
Added Member To Class: ClassName=SAMA7D65_PIO Member=Component R45 22R
Added Member To Class: ClassName=SAMA7D65_PIO Member=Component R46 22R
Added Member To Class: ClassName=SAMA7D65_PIO Member=Component R47 22R
Added Member To Class: ClassName=SAMA7D65_PIO Member=Component R48 22R
Added Member To Class: ClassName=SAMA7D65_PIO Member=Component R49 22R
Added Member To Class: ClassName=SAMA7D65_PIO Member=Component R50 22R
Added Member To Class: ClassName=SAMA7D65_PIO Member=Component R51 22R
Added Member To Class: ClassName=SAMA7D65_PIO Member=Component R52 22R
Added Member To Class: ClassName=SAMA7D65_PIO Member=Component R53 22R
Added Member To Class: ClassName=SAMA7D65_PIO Member=Component R54 22R
Added Member To Class: ClassName=SAMA7D65_DDR3L Member=Component R55 100k
Added Member To Class: ClassName=SAMA7D65_DDR3L Member=Component R56 240R 1%
Added Member To Class: ClassName=SAMA7D65_DDR3L Member=Component R57 1k 1%
Added Member To Class: ClassName=SAMA7D65_DDR3L Member=Component R58 1k 1%
Added Member To Class: ClassName=SAMA7D65_DDR3L Member=Component R59 240R 1%
Added Member To Class: ClassName=eMMC Member=Component R60 10k
Added Member To Class: ClassName=eMMC Member=Component R61 10k
Added Member To Class: ClassName=eMMC Member=Component R62 10k
Added Member To Class: ClassName=eMMC Member=Component R63 10k
Added Member To Class: ClassName=eMMC Member=Component R64 10k
Added Member To Class: ClassName=eMMC Member=Component R65 10k
Added Member To Class: ClassName=eMMC Member=Component R66 10k
Added Member To Class: ClassName=eMMC Member=Component R67 10k
Added Member To Class: ClassName=eMMC Member=Component R68 10k
Added Member To Class: ClassName=eMMC Member=Component R69 10k
Added Member To Class: ClassName=eMMC Member=Component R70 22R
Added Member To Class: ClassName=eMMC Member=Component R71 22R
Added Member To Class: ClassName=eMMC Member=Component R72 22R
Added Member To Class: ClassName=eMMC Member=Component R73 22R
Added Member To Class: ClassName=eMMC Member=Component R74 22R
Added Member To Class: ClassName=eMMC Member=Component R75 22R
Added Member To Class: ClassName=eMMC Member=Component R76 22R
Added Member To Class: ClassName=eMMC Member=Component R77 22R
Added Member To Class: ClassName=eMMC Member=Component R78 22R
Added Member To Class: ClassName=eMMC Member=Component R79 22R
Added Member To Class: ClassName=eMMC Member=Component R80 47k
Added Member To Class: ClassName=eMMC Member=Component R81 10k
Added Member To Class: ClassName=eMMC Member=Component R82 10k
Added Member To Class: ClassName=eMMC Member=Component R83 10k
Added Member To Class: ClassName=eMMC Member=Component R84 10k
Added Member To Class: ClassName=eMMC Member=Component R85 10k
Added Member To Class: ClassName=eMMC Member=Component R86 10k
Added Member To Class: ClassName=eMMC Member=Component R87 22R
Added Member To Class: ClassName=eMMC Member=Component R88 22R
Added Member To Class: ClassName=eMMC Member=Component R89 22R
Added Member To Class: ClassName=eMMC Member=Component R90 22R
Added Member To Class: ClassName=eMMC Member=Component R91 22R
Added Member To Class: ClassName=eMMC Member=Component R92 22R
Added Member To Class: ClassName=eMMC Member=Component R93 47k
Added Member To Class: ClassName=SDCARD Member=Component R94 47k 1%
Added Member To Class: ClassName=SDCARD Member=Component R95 47k 1%
Added Member To Class: ClassName=SDCARD Member=Component R96 47k 1%
Added Member To Class: ClassName=SDCARD Member=Component R97 47k 1%
Added Member To Class: ClassName=SDCARD Member=Component R98 47k 1%
Added Member To Class: ClassName=SDCARD Member=Component R99 10k 1%
Added Member To Class: ClassName=SDCARD Member=Component R100 10k 1%
Added Member To Class: ClassName=SDCARD Member=Component R101 10k 1%
Added Member To Class: ClassName=EEPROM Member=Component R102 22R
Added Member To Class: ClassName=EEPROM Member=Component R103 22R
Added Member To Class: ClassName=EEPROM Member=Component R104 22R
Added Member To Class: ClassName=EEPROM Member=Component R105 22R
Added Member To Class: ClassName=EEPROM Member=Component R106 22R
Added Member To Class: ClassName=EEPROM Member=Component R107 22R
Added Member To Class: ClassName=USB Member=Component R108 10k
Added Member To Class: ClassName=USB Member=Component R109 20k
Added Member To Class: ClassName=DEBUG Member=Component R110 3.3k 1%
Added Member To Class: ClassName=DEBUG Member=Component R111 3.3k 1%
Added Member To Class: ClassName=DEBUG Member=Component R112 3.3k 1%
Added Member To Class: ClassName=DEBUG Member=Component R113 3.3k 1%
Added Member To Class: ClassName=DEBUG Member=Component R114 22R 1%
Added Member To Class: ClassName=DEBUG Member=Component R115 22R 1%
Added Member To Class: ClassName=DEBUG Member=Component R116 100k 1%
Added Member To Class: ClassName=DEBUG Member=Component R117 100k 1%
Added Member To Class: ClassName=DEBUG Member=Component R118 100k 1%
Added Member To Class: ClassName=DEBUG Member=Component R119 100k 1%
Added Member To Class: ClassName=DEBUG Member=Component R120 100k 1%
Added Member To Class: ClassName=DEBUG Member=Component R121 100R 5%
Added Member To Class: ClassName=TEMP Member=Component R122 22R
Added Member To Class: ClassName=TEMP Member=Component R123 22R
Added Member To Class: ClassName=TEMP Member=Component R124 22R
Added Member To Class: ClassName=RTC Member=Component R125 4.7k
Added Member To Class: ClassName=RTC Member=Component R126 4.7k
Added Member To Class: ClassName=RTC Member=Component R127 4.7k
Added Member To Class: ClassName=WATCHDOG Member=Component R128 22R
Added Member To Class: ClassName=WATCHDOG Member=Component R129 22R
Added Member To Class: ClassName=WATCHDOG Member=Component R130 22R
Added Member To Class: ClassName=WATCHDOG Member=Component R131 16.5k
Added Member To Class: ClassName=WATCHDOG Member=Component R132 16.5k
Added Member To Class: ClassName=LVDS Member=Component R133 100R
Added Member To Class: ClassName=LVDS Member=Component R134 100R
Added Member To Class: ClassName=CAN_PHY Member=Component R135 22R
Added Member To Class: ClassName=CAN_PHY Member=Component R136 22R
Added Member To Class: ClassName=CAN_PHY Member=Component R137 60R
Added Member To Class: ClassName=CAN_PHY Member=Component R138 60R
Added Member To Class: ClassName=CAN_PHY Member=Component R139 10k
Added Member To Class: ClassName=BUTTON_LED Member=Component R140 10k 1%
Added Member To Class: ClassName=BUTTON_LED Member=Component R141 100R 5%
Added Member To Class: ClassName=BUTTON_LED Member=Component R142 100R 5%
Added Member To Class: ClassName=BUTTON_LED Member=Component R143 10k 1%
Added Member To Class: ClassName=BUTTON_LED Member=Component R144 1k 1%
Added Member To Class: ClassName=BUTTON_LED Member=Component R145 1k 1%
Added Member To Class: ClassName=BUTTON_LED Member=Component R146 2.2k 1%
Added Member To Class: ClassName=BUTTON_LED Member=Component R147 10k 1%
Added Member To Class: ClassName=BUTTON_LED Member=Component R148 100R 5%
Added Member To Class: ClassName=BUTTON_LED Member=Component R149 1k
Added Member To Class: ClassName=BUTTON_LED Member=Component R150 1k
Added Member To Class: ClassName=RS485 Member=Component R151 10k
Added Member To Class: ClassName=RS485 Member=Component R152 10k
Added Member To Class: ClassName=RS485 Member=Component R153 120R
Added Member To Class: ClassName=RS422 Member=Component R154 120R
Added Member To Class: ClassName=PMIC Member=Component R? 4.7k 1%
Added Member To Class: ClassName=PMIC Member=Component R? 10k 1%
Added Member To Class: ClassName=PMIC Member=Component R? 10k 1%
Added Member To Class: ClassName=Power Member=Component SB1 JUMPER
Added Member To Class: ClassName=WATCHDOG Member=Component SB2 JUMPER
Added Member To Class: ClassName=Power Member=Component TP1
Added Member To Class: ClassName=Power Member=Component TP2
Added Member To Class: ClassName=PMIC Member=Component TP3
Added Member To Class: ClassName=PMIC Member=Component TP4
Added Member To Class: ClassName=PMIC Member=Component TP5
Added Member To Class: ClassName=PMIC Member=Component TP6
Added Member To Class: ClassName=PMIC Member=Component TP7
Added Member To Class: ClassName=Power Member=Component U1 TPS259470ARPWR
Added Member To Class: ClassName=Power Member=Component U2 TPS5430DDAR
Added Member To Class: ClassName=PMIC Member=Component U4 MCP16502 QFN-32
Added Member To Class: ClassName=PMIC Member=Component U5 Microchip PAC1934 UQFN-16
Added Member To Class: ClassName=SAMA7D65_PIO Member=Component U6 SAMA7D65
Added Member To Class: ClassName=SAMA7D65_DDR3L Member=Component U7 AS4C512M16D3LA-10BIN TFBGA-96
Added Member To Class: ClassName=eMMC Member=Component U8 MTFC32GAZAQDW-AAT
Added Member To Class: ClassName=eMMC Member=Component U9 MTFC32GAZAQDW-AAT
Added Member To Class: ClassName=SDCARD Member=Component U10 MIC94085YFT-TR
Added Member To Class: ClassName=EEPROM Member=Component U11 AS3004204-0108X0PSAY
Added Member To Class: ClassName=USB Member=Component U12 USBLC6-2SC6
Added Member To Class: ClassName=DEBUG Member=Component U13 MCP170X SOT-23-3_SOT-23A-3
Added Member To Class: ClassName=TEMP Member=Component U14 TC1047AVNBTR
Added Member To Class: ClassName=TEMP Member=Component U15 TC1047AVNBTR
Added Member To Class: ClassName=TEMP Member=Component U16 TC1047AVNBTR
Added Member To Class: ClassName=RTC Member=Component U17 RV-3129-C3-32.768KHZ-OPTION-A-TB-QA
Added Member To Class: ClassName=WATCHDOG Member=Component U18 TPL5010DDCR
Added Member To Class: ClassName=LVDS Member=Component U19 DS90LV011AQ-Q1
Added Member To Class: ClassName=LVDS Member=Component U20 DS90LV011AQ-Q1
Added Member To Class: ClassName=CAN_PHY Member=Component U21 SN65HVD230DR
Added Member To Class: ClassName=RS485 Member=Component U22 MAX3485CSA+T
Added Member To Class: ClassName=RS422 Member=Component U23 MAX3488ESA+T
Added Member To Class: ClassName=Power Member=Component VR1 LM1117MP-3.3/NOPB
Added Member To Class: ClassName=SAMA7D65_MPU Member=Component Y1 Crystal 4 Pins
Added Member To Class: ClassName=SAMA7D65_MPU Member=Component Y2 Crystal 2 Pins
